temporal_rule_id,rule_id,temporal_type,condition_text,effective_from,effective_until,target_subject,target_article_no,source_node_id,law_version_id
2f3beaf7-d2c6-5a6d-aabf-9d33b805928f,0d3cf997-aa57-5891-8416-a45b43b1bb76,EFFECTIVE_DATE,공포 후 1년이 경과한 날부터 시행,,,,제1조,41ef6d90cee4c454c1066da6e8019b496229984e,104b2fb72ae4df8c22895fe3d3d4ba63abdcf2cd
76d6afa3-289e-535d-bed2-7735e573e299,0d3cf997-aa57-5891-8416-a45b43b1bb76,EFFECTIVE_DATE,공포 후 3년이 경과한 날부터 시행,,,,제1조,41ef6d90cee4c454c1066da6e8019b496229984e,104b2fb72ae4df8c22895fe3d3d4ba63abdcf2cd
00c965bc-7da8-54e3-9267-c89bf3d2d242,0d3cf997-aa57-5891-8416-a45b43b1bb76,EFFECTIVE_DATE,이 법은 공포 후 1년이 경과한 날부터 시행한다,,,,제1조,41ef6d90cee4c454c1066da6e8019b496229984e,104b2fb72ae4df8c22895fe3d3d4ba63abdcf2cd
5f9aaa92-ada3-5185-bf57-e471e14eeb1e,0d3cf997-aa57-5891-8416-a45b43b1bb76,GRACE_PERIOD,공포 후 1년이 경과한 날부터 시행,,,,제1조,41ef6d90cee4c454c1066da6e8019b496229984e,104b2fb72ae4df8c22895fe3d3d4ba63abdcf2cd
e54e8410-c463-5bf9-b4fb-84a082d1bdbe,0d3cf997-aa57-5891-8416-a45b43b1bb76,GRACE_PERIOD,공포 후 3년이 경과한 날부터 시행,,,,제1조,41ef6d90cee4c454c1066da6e8019b496229984e,104b2fb72ae4df8c22895fe3d3d4ba63abdcf2cd
252ce7b5-43e4-502f-aef5-7a944903f2a9,0d3cf997-aa57-5891-8416-a45b43b1bb76,GRACE_PERIOD,"다만, 이 법 시행 당시 개인사업자 또는 상시 근로자가 50명 미만인 사업 또는 사업장(건설업의 경우에는 공사금액 50억원 미만의 공사)에 대해서는 공포 후 3년",,,,제1조,41ef6d90cee4c454c1066da6e8019b496229984e,104b2fb72ae4df8c22895fe3d3d4ba63abdcf2cd
4df6f723-61d5-5ded-bdb9-68a57a4142fc,0d3cf997-aa57-5891-8416-a45b43b1bb76,TRANSITIONAL,시행 당시,,,,제1조,41ef6d90cee4c454c1066da6e8019b496229984e,104b2fb72ae4df8c22895fe3d3d4ba63abdcf2cd
16f9c038-460a-5070-b079-c1c7ad8dfb35,ad241709-9330-590f-89ce-a1add2bc2e33,EFFECTIVE_DATE,2020년 1월 16일부터 시행,20200116,,,제1조,a1b69d10a8260e125a8b3fec2b6aadbd5b43b0b4,b6fa09bb4f2e711645b25f12207959d1ec27622c
87796f10-3f97-5e3b-9368-e3643a21fc6c,ad241709-9330-590f-89ce-a1add2bc2e33,EFFECTIVE_DATE,2021년 1월 16일부터 시행,20210116,,,제1조,a1b69d10a8260e125a8b3fec2b6aadbd5b43b0b4,b6fa09bb4f2e711645b25f12207959d1ec27622c
2d21e5d7-d3d9-5585-adb7-17bff3703051,ad241709-9330-590f-89ce-a1add2bc2e33,EFFECTIVE_DATE,이 규칙은 2020년 1월 16일부터 시행한다,,,,제1조,a1b69d10a8260e125a8b3fec2b6aadbd5b43b0b4,b6fa09bb4f2e711645b25f12207959d1ec27622c
4e2177ff-064e-5a95-93e1-ad437355e891,ad241709-9330-590f-89ce-a1add2bc2e33,DEADLINE,2020년 6월 30일까지,,20200630,,제1조,a1b69d10a8260e125a8b3fec2b6aadbd5b43b0b4,b6fa09bb4f2e711645b25f12207959d1ec27622c
3aad4bca-d315-5b01-ba19-0ed6291c4584,ad241709-9330-590f-89ce-a1add2bc2e33,DEADLINE,2020년 10월 31일까지,,20201031,,제1조,a1b69d10a8260e125a8b3fec2b6aadbd5b43b0b4,b6fa09bb4f2e711645b25f12207959d1ec27622c
58ace55d-652e-596d-8eb2-e3435f7bc5d7,ad241709-9330-590f-89ce-a1add2bc2e33,DEADLINE,2018년 12월 31일까지,,20181231,,제1조,a1b69d10a8260e125a8b3fec2b6aadbd5b43b0b4,b6fa09bb4f2e711645b25f12207959d1ec27622c
00b570bb-dd4c-5785-b764-c0277c1443ad,ad241709-9330-590f-89ce-a1add2bc2e33,DEADLINE,2017년 10월 27일까지,,20171027,,제1조,a1b69d10a8260e125a8b3fec2b6aadbd5b43b0b4,b6fa09bb4f2e711645b25f12207959d1ec27622c
49d3f745-9842-5013-9211-72b6973d483c,ad241709-9330-590f-89ce-a1add2bc2e33,DEADLINE,30일 이내,,,,제1조,a1b69d10a8260e125a8b3fec2b6aadbd5b43b0b4,b6fa09bb4f2e711645b25f12207959d1ec27622c
b2ef00ac-0d7a-5bfc-91fa-3cf02dfec583,ad241709-9330-590f-89ce-a1add2bc2e33,DEADLINE,60일 이내,,,,제1조,a1b69d10a8260e125a8b3fec2b6aadbd5b43b0b4,b6fa09bb4f2e711645b25f12207959d1ec27622c
690f816f-3554-50f4-8b36-99837d04419a,ad241709-9330-590f-89ce-a1add2bc2e33,DEADLINE,1개월 이내,,,,제1조,a1b69d10a8260e125a8b3fec2b6aadbd5b43b0b4,b6fa09bb4f2e711645b25f12207959d1ec27622c
f78180f8-2225-5060-9463-cd1760e9c8f2,ad241709-9330-590f-89ce-a1add2bc2e33,TRANSITIONAL,경과조치,,,,제1조,a1b69d10a8260e125a8b3fec2b6aadbd5b43b0b4,b6fa09bb4f2e711645b25f12207959d1ec27622c
06e51d57-3dce-566c-88c1-63f47e282956,ad241709-9330-590f-89ce-a1add2bc2e33,TRANSITIONAL,경과조치,,,,제1조,a1b69d10a8260e125a8b3fec2b6aadbd5b43b0b4,b6fa09bb4f2e711645b25f12207959d1ec27622c
f8730938-2f98-5460-bf1f-f8db2d06789a,ad241709-9330-590f-89ce-a1add2bc2e33,TRANSITIONAL,경과조치,,,,제1조,a1b69d10a8260e125a8b3fec2b6aadbd5b43b0b4,b6fa09bb4f2e711645b25f12207959d1ec27622c
1d5a0f52-e2e2-5a83-9a59-4153c2bcc582,ad241709-9330-590f-89ce-a1add2bc2e33,TRANSITIONAL,경과조치,,,,제1조,a1b69d10a8260e125a8b3fec2b6aadbd5b43b0b4,b6fa09bb4f2e711645b25f12207959d1ec27622c
fefa57eb-04d3-508f-8bbf-a41d32cb0d1a,ad241709-9330-590f-89ce-a1add2bc2e33,TRANSITIONAL,경과조치,,,,제1조,a1b69d10a8260e125a8b3fec2b6aadbd5b43b0b4,b6fa09bb4f2e711645b25f12207959d1ec27622c
87765bc0-91ac-5aff-9b31-30fd89a8f6db,ad241709-9330-590f-89ce-a1add2bc2e33,TRANSITIONAL,경과조치,,,,제1조,a1b69d10a8260e125a8b3fec2b6aadbd5b43b0b4,b6fa09bb4f2e711645b25f12207959d1ec27622c
35febd59-340c-5d9d-aeaa-fbe3342561a4,ad241709-9330-590f-89ce-a1add2bc2e33,TRANSITIONAL,경과조치,,,,제1조,a1b69d10a8260e125a8b3fec2b6aadbd5b43b0b4,b6fa09bb4f2e711645b25f12207959d1ec27622c
4eec925f-3d56-5154-8ccb-351e5e5f9049,ad241709-9330-590f-89ce-a1add2bc2e33,TRANSITIONAL,"종전의 법(법률 제16272호로 개정되기 전의 것을 말한다. 이하 제2호에서 같다) 제41조제1항 또는 제6항에 따라 물질안전보건자료를 작성 또는 변경한 자가 물질안전보건자료대상물질을 최초로 제조하거나 수입한 자인 경우 가. 제조ㆍ수입한 물질안전보건자료대상물질의 연간 제조ㆍ수입량이 1,000톤 이상: 2022년 1월 16일 나. 제조ㆍ수입한 물질안전보건자료대상물질의 연간 제조ㆍ수입량이 100톤 이상 1,000톤 미만: 2023년 1월 16일 다. 제조ㆍ수입한 물질안전보건자료대상물질의 연간 제조ㆍ수입량이 10톤 이상 100톤 미만: 2024년 1월 16일 라. 제조ㆍ수입한 물질안전보건자료대상물질의 연간 제조ㆍ수입량이 1톤 이상 10톤 미만: 2025년 1월 16일 마. 제조ㆍ수입한 물질안전보건자료대상물질의 연간 제조ㆍ수입량이 1톤 미만: 2026년 1월 16일 2. 종전의 법 제41조제1항 또는 제6항에 따라 물질안전보건자료를 작성 또는 변경한 자가 그 대상화학물질을 제조하거나 수입한 자로부터 해당 대상화학물질을 양도받거나 제공받아 이를 혼합하는 방법으로 물질안전보건자료대상물질을 제조한 자인 경우: 2026년 1월 16일. 다만, 종전의 법 제41조제1항 또는 제6항에 따라 물질안전보건자료를 작성 또는 변경한 자가 2021년 1월 16일 이후에 그 대상화학물질을 제조하거나 수입한 자로부터 해당 대상화학물질에 대한 물질안전보건자료를 제공받은 경우(제160조제1항에서 정하는 방법으로 제공받은 경우로 한정한다)에는 그 물질안전보건자료를 제공받은 날부터 2개월이 되는 날을 말한다. [전문개정 2021.11.19] 제10조(물질안전보건자료 제공에 관한 특례) 법률 제16272호 산업안전보건법 전부개정법률 부칙 제8조에서 ""고용노동부령으로 정하는 날""이란 부칙 제9조 각 호의 구분에 따른 날을 말한다. 제11조(물질안전보건자료의 일부 비공개 승인에 관한 특례) 법률 제16272호 산업안전보건법 전부개정법률 부칙 제9조에서 ""고용노동부령으로 정하는 날""이란 부칙 제9조 각 호의 구분에 따른 날을 말한다. 제12조(안전검사기관 종사자 등 직무교육에 관한 경과조치) 이 규칙 시행 당시 안전검사기관 및 자율안전검사기관에서 검사업무에 2년 이상 종사하고 있는 사람의 경우에는 제29조의 개정규정에도 불구하고 신규교육을 면제하되, 2020년 10월 31일까지 보수교육을 이수해야 하며, 그 보수교육을 이수한 날부터 매 2년이 되는 날을 기준으로 전후 3개월 사이에 보수교육을 받아야 한다. 제13조(건설업체 산업재해발생률 산정 기준에 관한 경과조치) 2018년 1월 1일부터 2018년 12월 31일까지 기간 동안의 건설업체 산업재해발생률의 산정 기준에 대해서는 별표 1의 개정규정에도 불구하고 종전의 「산업안전보건법 시행규칙」(고용노동부령 제239호로 개정되기 전의 것을 말한다)에 따른다. 제14조(타워크레인 신호업무 종사 근로자 교육에 관한 경과조치) 고용노동부령 제214호 산업안전보건법 시행규칙 일부개정령 시행 당시 종전의 「산업안전보건법 시행규칙」(고용노동부령 제214호로 개정되기 전의 것을 말한다)에 따라 크레인으로 하는 작업에 관한 특별교육을 받고 타워크레인 신호업무에 종사 중인 근로자를 계속하여 타워크레인 신호작업에 사용하려는 사업주가 고용노동부령 제214호 산업안전보건법 시행규칙 일부개정령 부칙 제1조 단서에 따른 같은 규칙 별표 8 및 별표 8의2의 개정규정의 시행일 이후 1개월 이내에 해당 근로자에게 같은 규칙 별표 8 및 별표 8의2의 개정규정에 따른 특별교육을 한 경우에는 별표 4 및 별표 5의 개정규정에 따른 특별교육을 한 것으로 본다. 제15조(재해예방 전문지도기관의 종사자에 대한 신규교육 면제에 관한 경과조치) 고용노동부령 제169호 산업안전보건법 시행규칙 일부개정령 시행 전에 채용된 재해예방 전문지도기관의 종사자에 대한 신규교육 면제는 종전의 「산업안전보건법 시행규칙」(고용노동부령 제169호로 개정되기 전의 것을 말한다)에 따른다",,,,제1조,a1b69d10a8260e125a8b3fec2b6aadbd5b43b0b4,b6fa09bb4f2e711645b25f12207959d1ec27622c
27e32944-31e6-5bec-959b-0a3e3ff0477f,ad241709-9330-590f-89ce-a1add2bc2e33,TRANSITIONAL,계속하여 적용한다,,,,제1조,a1b69d10a8260e125a8b3fec2b6aadbd5b43b0b4,b6fa09bb4f2e711645b25f12207959d1ec27622c
33725fab-25de-57cf-ba48-a7e5250a72a2,ad241709-9330-590f-89ce-a1add2bc2e33,TRANSITIONAL,시행 당시,,,,제1조,a1b69d10a8260e125a8b3fec2b6aadbd5b43b0b4,b6fa09bb4f2e711645b25f12207959d1ec27622c
54d7af20-0413-51ed-88a2-b5f164459d25,ad241709-9330-590f-89ce-a1add2bc2e33,TRANSITIONAL,시행 당시,,,,제1조,a1b69d10a8260e125a8b3fec2b6aadbd5b43b0b4,b6fa09bb4f2e711645b25f12207959d1ec27622c
649e1bc5-fa77-543e-a759-41d160443d45,ad241709-9330-590f-89ce-a1add2bc2e33,TRANSITIONAL,시행 당시,,,,제1조,a1b69d10a8260e125a8b3fec2b6aadbd5b43b0b4,b6fa09bb4f2e711645b25f12207959d1ec27622c
b562935e-0bd7-5d7e-9b2f-3b8592740e4e,ad241709-9330-590f-89ce-a1add2bc2e33,TRANSITIONAL,시행 당시,,,,제1조,a1b69d10a8260e125a8b3fec2b6aadbd5b43b0b4,b6fa09bb4f2e711645b25f12207959d1ec27622c
6b2d0a06-95a7-5bd5-a92f-2f162d0720b2,,EFFECTIVE_DATE,이 규칙은 공포한 날부터 시행한다,,,,,61a4c52b466dc265e204aa6c5f9925cc6895e4c9,b6fa09bb4f2e711645b25f12207959d1ec27622c
9c4f06c7-035b-5899-baf7-84a33718c1dd,,EFFECTIVE_DATE,이 규칙은 공포한 날부터 시행한다,,,,,f094b040c07be39e58509f119999a9ad07fbb5e4,b6fa09bb4f2e711645b25f12207959d1ec27622c
8406b070-b7db-5cf7-b9d6-bc56414724df,,EFFECTIVE_DATE,이 규칙은 공포한 날부터 시행한다,,,,,af0594e3bad58e8fb52b212276872faf57198d06,b6fa09bb4f2e711645b25f12207959d1ec27622c
cc9794fe-9360-59d0-8cf4-7754b4d39ce2,ad241709-9330-590f-89ce-a1add2bc2e33,EFFECTIVE_DATE,2021년 11월 19일부터 시행,20211119,,,제1조,70939bb9f2c5ff9bf648b0d1cc8bd566d277cbe5,b6fa09bb4f2e711645b25f12207959d1ec27622c
55675ce6-3379-5cc2-b77d-ffb819c8dc88,ad241709-9330-590f-89ce-a1add2bc2e33,EFFECTIVE_DATE,이 규칙은 2021년 11월 19일부터 시행한다,,,,제1조,70939bb9f2c5ff9bf648b0d1cc8bd566d277cbe5,b6fa09bb4f2e711645b25f12207959d1ec27622c
f0c774ec-8bcb-5ce3-8ab0-acd44dbb5850,ad241709-9330-590f-89ce-a1add2bc2e33,EFFECTIVE_DATE,2023년 1월 1일부터 시행,20230101,,,제1조,ed7e3aa316d5d7f1f05942789d2598622d3ad289,b6fa09bb4f2e711645b25f12207959d1ec27622c
1f33edbf-b6f3-528e-9e2d-7bcdc3cdf55c,ad241709-9330-590f-89ce-a1add2bc2e33,EFFECTIVE_DATE,이 규칙은 공포한 날부터 시행한다,,,,제1조,ed7e3aa316d5d7f1f05942789d2598622d3ad289,b6fa09bb4f2e711645b25f12207959d1ec27622c
95519af2-d1a7-5a3f-85f4-66f006100e34,ad241709-9330-590f-89ce-a1add2bc2e33,TRANSITIONAL,경과조치,,,,제1조,ed7e3aa316d5d7f1f05942789d2598622d3ad289,b6fa09bb4f2e711645b25f12207959d1ec27622c
a0f4211c-542d-54e5-a6a1-c7b47b6967f0,ad241709-9330-590f-89ce-a1add2bc2e33,TRANSITIONAL,시행 당시,,,,제1조,ed7e3aa316d5d7f1f05942789d2598622d3ad289,b6fa09bb4f2e711645b25f12207959d1ec27622c
19f9d666-3278-5ba1-acea-0f5424b3212b,ad241709-9330-590f-89ce-a1add2bc2e33,EFFECTIVE_DATE,2023년 9월 28일부터 시행,20230928,,,제1조,0849ff95d2021ed351feb2f7a994ca1ec4adcaf6,b6fa09bb4f2e711645b25f12207959d1ec27622c
7b4d50bd-e738-5896-9818-d11cf3ea6abb,ad241709-9330-590f-89ce-a1add2bc2e33,EFFECTIVE_DATE,이 규칙은 공포한 날부터 시행한다,,,,제1조,0849ff95d2021ed351feb2f7a994ca1ec4adcaf6,b6fa09bb4f2e711645b25f12207959d1ec27622c
1328b854-3a4d-5ddf-87a7-89052a7321f8,ad241709-9330-590f-89ce-a1add2bc2e33,TRANSITIONAL,시행 당시,,,,제1조,0849ff95d2021ed351feb2f7a994ca1ec4adcaf6,b6fa09bb4f2e711645b25f12207959d1ec27622c
21de43e5-e224-5a10-8612-217f09ef51f3,ad241709-9330-590f-89ce-a1add2bc2e33,EFFECTIVE_DATE,공포 후 6개월이 경과한 날부터 시행,,,,제1조,b49d8d9242bc73747c4f880cddadb2ca7b4c6ea0,b6fa09bb4f2e711645b25f12207959d1ec27622c
24eefd70-a6f0-552b-a0d8-6e61912b1c1b,ad241709-9330-590f-89ce-a1add2bc2e33,EFFECTIVE_DATE,2024년 7월 1일부터 시행,20240701,,,제1조,b49d8d9242bc73747c4f880cddadb2ca7b4c6ea0,b6fa09bb4f2e711645b25f12207959d1ec27622c
f0ea34af-a38f-5c81-af3f-d9317809d9b2,ad241709-9330-590f-89ce-a1add2bc2e33,EFFECTIVE_DATE,2025년 1월 1일부터 시행,20250101,,,제1조,b49d8d9242bc73747c4f880cddadb2ca7b4c6ea0,b6fa09bb4f2e711645b25f12207959d1ec27622c
d3632e24-3b04-5409-b07d-fcd15d07dd3e,ad241709-9330-590f-89ce-a1add2bc2e33,EFFECTIVE_DATE,2026년 6월 26일부터 시행,20260626,,,제1조,b49d8d9242bc73747c4f880cddadb2ca7b4c6ea0,b6fa09bb4f2e711645b25f12207959d1ec27622c
275a8a92-656a-5ee3-b5b5-ef4f03a671ad,ad241709-9330-590f-89ce-a1add2bc2e33,EFFECTIVE_DATE,이 규칙은 2024년 7월 1일부터 시행한다,,,,제1조,b49d8d9242bc73747c4f880cddadb2ca7b4c6ea0,b6fa09bb4f2e711645b25f12207959d1ec27622c
43047151-743e-585e-bd3b-2f9af3200d2c,ad241709-9330-590f-89ce-a1add2bc2e33,GRACE_PERIOD,공포 후 6개월이 경과한 날부터 시행,,,,제1조,b49d8d9242bc73747c4f880cddadb2ca7b4c6ea0,b6fa09bb4f2e711645b25f12207959d1ec27622c
8ba6b7d9-9e77-5200-acc5-14de9995f8b7,ad241709-9330-590f-89ce-a1add2bc2e33,GRACE_PERIOD,"다만, 제203조제1호 및 제2호의 개정규정은 공포 후 6개월",,,,제1조,b49d8d9242bc73747c4f880cddadb2ca7b4c6ea0,b6fa09bb4f2e711645b25f12207959d1ec27622c
ec0bca58-3367-57d9-af23-66130cf9463a,ad241709-9330-590f-89ce-a1add2bc2e33,DEADLINE,2026년 12월 25일까지,,20261225,,제1조,b49d8d9242bc73747c4f880cddadb2ca7b4c6ea0,b6fa09bb4f2e711645b25f12207959d1ec27622c
16913555-acbe-5a56-9b38-8ec903bca903,ad241709-9330-590f-89ce-a1add2bc2e33,DEADLINE,2023년 6월 26일까지,,20230626,,제1조,b49d8d9242bc73747c4f880cddadb2ca7b4c6ea0,b6fa09bb4f2e711645b25f12207959d1ec27622c
2e67045b-6146-5917-8c16-fd014d94dcdf,ad241709-9330-590f-89ce-a1add2bc2e33,DEADLINE,2027년 6월 25일까지,,20270625,,제1조,b49d8d9242bc73747c4f880cddadb2ca7b4c6ea0,b6fa09bb4f2e711645b25f12207959d1ec27622c
cffed994-9924-57b2-bfd6-99314d9654bf,ad241709-9330-590f-89ce-a1add2bc2e33,DEADLINE,2026년 6월 25일까지,,20260625,,제1조,b49d8d9242bc73747c4f880cddadb2ca7b4c6ea0,b6fa09bb4f2e711645b25f12207959d1ec27622c
41a883da-04be-5e84-94c3-4574e47c010d,ad241709-9330-590f-89ce-a1add2bc2e33,DEADLINE,6개월 이내,,,,제1조,b49d8d9242bc73747c4f880cddadb2ca7b4c6ea0,b6fa09bb4f2e711645b25f12207959d1ec27622c
40ea0287-acaf-5733-a3e6-dcc8b8dcda32,,EFFECTIVE_DATE,이 규칙은 공포한 날부터 시행한다,,,,,ac7894a8b930ffc979fb713b906b44b7da743487,b6fa09bb4f2e711645b25f12207959d1ec27622c
558118d9-bb30-5d35-aa94-31b1739e59e9,,EFFECTIVE_DATE,이 규칙은 공포한 날부터 시행한다,,,,,21b756989f39f2624720d58e662760021414dcd7,b6fa09bb4f2e711645b25f12207959d1ec27622c
c4cf2d6b-26fd-5648-a0f1-ed08749bded1,,EFFECTIVE_DATE,2025년 6월 1일부터 시행,20250601,,,,539e42e674ae5bd6f6cc15fd80398cd9f255e93c,b6fa09bb4f2e711645b25f12207959d1ec27622c
e43ab534-e653-591a-8daf-114de295ef92,,EFFECTIVE_DATE,2026년 1월 1일부터 시행,20260101,,,,539e42e674ae5bd6f6cc15fd80398cd9f255e93c,b6fa09bb4f2e711645b25f12207959d1ec27622c
72206f0b-67e6-5dc9-a392-b5d2226432c2,,EFFECTIVE_DATE,이 규칙은 2025년 6월 1일부터 시행한다,,,,,539e42e674ae5bd6f6cc15fd80398cd9f255e93c,b6fa09bb4f2e711645b25f12207959d1ec27622c
eeeed760-85d7-55b6-9e7d-a6154e41ad40,1fd45cd7-0030-5436-b32d-d4cddf1550f5,EFFECTIVE_DATE,공포 후 1년이 경과한 날부터 시행,,,,제1조,eba11139ee545de5eca490a099c89ed520b749d6,843d76b6b9c38936d2ce1a1ce08009ee49a7ab86
cf5c657f-472e-5fea-acc6-217ddb83956d,1fd45cd7-0030-5436-b32d-d4cddf1550f5,EFFECTIVE_DATE,공포 후 2년이 경과한 날부터 시행,,,,제1조,eba11139ee545de5eca490a099c89ed520b749d6,843d76b6b9c38936d2ce1a1ce08009ee49a7ab86
381969bb-3fb9-584a-b33e-b74fd5e7aab9,1fd45cd7-0030-5436-b32d-d4cddf1550f5,EFFECTIVE_DATE,이 법은 공포 후 1년이 경과한 날부터 시행한다,,,,제1조,eba11139ee545de5eca490a099c89ed520b749d6,843d76b6b9c38936d2ce1a1ce08009ee49a7ab86
98c042da-e12f-59a2-aed5-bfc62e051859,1fd45cd7-0030-5436-b32d-d4cddf1550f5,GRACE_PERIOD,공포 후 1년이 경과한 날부터 시행,,,,제1조,eba11139ee545de5eca490a099c89ed520b749d6,843d76b6b9c38936d2ce1a1ce08009ee49a7ab86
3af210c8-1551-5ee3-b281-ce0e53e60cc3,1fd45cd7-0030-5436-b32d-d4cddf1550f5,GRACE_PERIOD,공포 후 2년이 경과한 날부터 시행,,,,제1조,eba11139ee545de5eca490a099c89ed520b749d6,843d76b6b9c38936d2ce1a1ce08009ee49a7ab86
a971035b-2267-5b81-8d86-2844b2d0d819,1fd45cd7-0030-5436-b32d-d4cddf1550f5,GRACE_PERIOD,"다만, 제14조 및 제175조제4항제2호의 개정규정은 공포 후 1년",,,,제1조,eba11139ee545de5eca490a099c89ed520b749d6,843d76b6b9c38936d2ce1a1ce08009ee49a7ab86
2c040059-7c7c-56a0-ae4e-d67ac3b5eef6,1fd45cd7-0030-5436-b32d-d4cddf1550f5,DEADLINE,시행 이후 3년,,,,제1조,eba11139ee545de5eca490a099c89ed520b749d6,843d76b6b9c38936d2ce1a1ce08009ee49a7ab86
483b82fe-0b8b-5722-b60a-e0847ccef124,1fd45cd7-0030-5436-b32d-d4cddf1550f5,TRANSITIONAL,경과조치,,,,제1조,eba11139ee545de5eca490a099c89ed520b749d6,843d76b6b9c38936d2ce1a1ce08009ee49a7ab86
7bb51b0b-3896-576a-9a69-42f0001bce35,1fd45cd7-0030-5436-b32d-d4cddf1550f5,TRANSITIONAL,경과조치,,,,제1조,eba11139ee545de5eca490a099c89ed520b749d6,843d76b6b9c38936d2ce1a1ce08009ee49a7ab86
97b58725-90ae-5db4-ba32-1d49c7a12b95,1fd45cd7-0030-5436-b32d-d4cddf1550f5,TRANSITIONAL,경과조치,,,,제1조,eba11139ee545de5eca490a099c89ed520b749d6,843d76b6b9c38936d2ce1a1ce08009ee49a7ab86
379b94a6-a602-582a-a65c-093f287e3adb,1fd45cd7-0030-5436-b32d-d4cddf1550f5,TRANSITIONAL,경과조치,,,,제1조,eba11139ee545de5eca490a099c89ed520b749d6,843d76b6b9c38936d2ce1a1ce08009ee49a7ab86
d7d68a0a-62f1-5fb3-a85c-f454f6076e74,1fd45cd7-0030-5436-b32d-d4cddf1550f5,TRANSITIONAL,경과조치,,,,제1조,eba11139ee545de5eca490a099c89ed520b749d6,843d76b6b9c38936d2ce1a1ce08009ee49a7ab86
1b4f3a86-6ca6-58e0-8c3f-7bcba74c6eda,1fd45cd7-0030-5436-b32d-d4cddf1550f5,TRANSITIONAL,경과조치,,,,제1조,eba11139ee545de5eca490a099c89ed520b749d6,843d76b6b9c38936d2ce1a1ce08009ee49a7ab86
65dfd305-b564-52f1-9148-f9acb74c0e5a,1fd45cd7-0030-5436-b32d-d4cddf1550f5,TRANSITIONAL,경과조치,,,,제1조,eba11139ee545de5eca490a099c89ed520b749d6,843d76b6b9c38936d2ce1a1ce08009ee49a7ab86
57fc8560-23f2-5bfa-aab9-e52c867ab150,1fd45cd7-0030-5436-b32d-d4cddf1550f5,TRANSITIONAL,경과조치,,,,제1조,eba11139ee545de5eca490a099c89ed520b749d6,843d76b6b9c38936d2ce1a1ce08009ee49a7ab86
fab12575-d975-517f-b8a5-e52cd605f189,1fd45cd7-0030-5436-b32d-d4cddf1550f5,TRANSITIONAL,경과조치,,,,제1조,eba11139ee545de5eca490a099c89ed520b749d6,843d76b6b9c38936d2ce1a1ce08009ee49a7ab86
e2cfe696-e927-501f-a457-5575bd2a278e,1fd45cd7-0030-5436-b32d-d4cddf1550f5,TRANSITIONAL,경과조치,,,,제1조,eba11139ee545de5eca490a099c89ed520b749d6,843d76b6b9c38936d2ce1a1ce08009ee49a7ab86
c6ead972-6ebe-5787-9055-e03d3a623505,1fd45cd7-0030-5436-b32d-d4cddf1550f5,TRANSITIONAL,"종전의 제41조제1항 또는 제6항에 따라 물질안전보건자료를 작성 또는 변경한 자(대상화학물질을 양도하거나 제공한 자 중 그 대상화학물질을 제조하거나 수입한 자로 한정한다)는 제110조제1항 또는 제2항의 개정규정에도 불구하고 부칙 제1조 단서에 따른 시행일 이후 5년을 넘지 아니하는 범위 내에서 고용노동부령으로 정하는 날까지 물질안전보건자료 및 제110조제2항 본문에 따른 화학물질의 명칭 및 함유량에 관한 자료(같은 항 제2호에 따라 물질안전보건자료에 적힌 화학물질 외에는 제104조에 따른 분류기준에 해당하는 화학물질이 없음을 확인하는 경우에는 그 확인에 관한 서류를 말한다)를 고용노동부장관에게 제출하여야 한다. 제8조(물질안전보건자료의 제공에 관한 특례) 제111조제1항의 개정규정에도 불구하고 부칙 제7조에 따라 고용노동부장관에게 물질안전보건자료를 제출한 자는 부칙 제1조 단서에 따른 시행일 이후 5년을 넘지 아니하는 기간 내에서 고용노동부령으로 정하는 날까지 물질안전보건자료대상물질을 양도받거나 제공받은 자에게 물질안전보건자료를 제공(종전의 제41조제1항 또는 제6항에 따라 제공된 물질안전보건자료의 기재사항에서 변경된 사항이 없는 경우는 제외한다)하여야 한다. 제9조(물질안전보건자료의 일부 비공개 승인에 관한 특례) 부칙 제1조 단서에 따른 시행일 당시 종전의 제41조제2항에 따라 물질안전보건자료에 영업비밀로서 보호할 가치가 있다고 인정되는 화학물질 및 이를 함유한 제제의 사항을 적지 아니하고 같은 조 제1항에 따라 제공한 자(대상화학물질을 양도하거나 제공한 자 중 그 대상화학물질을 제조하거나 수입한 자로 한정한다)는 제112조의 개정규정에도 불구하고 부칙 제1조 단서에 따른 시행일 이후 5년을 넘지 아니하는 범위 내에서 고용노동부령으로 정하는 날까지 대체자료 기재에 관하여 고용노동부장관의 승인을 받아야 한다. 제10조(유해한 작업의 도급금지에 관한 경과조치) 이 법 시행 당시 종전의 규정에 따라 도급인가를 받은 사업주는 그 인가의 남은 기간이 3년을 넘지 아니하는 경우에는 그 남은 기간 동안, 3년을 초과하거나 그 인가기간이 정해지지 아니한 경우에는 이 법 시행 이후 3년까지 제58조제1항의 개정규정에도 불구하고 종전의 규정에 따른다. 제11조(안전보건조정자의 선임에 관한 경과조치) 이 법 시행 전에 건설공사에 관한 도급계약을 체결하여 건설공사가 행해지는 현장의 경우에는 제68조제1항의 개정규정에도 불구하고 종전의 규정에 따른다. 제12조(타워크레인 설치ㆍ해체업의 등록 등에 관한 경과조치) ① 이 법 시행 당시 타워크레인 설치ㆍ해체업을 영위하고 있는 자는 이 법 시행일부터 3개월까지는 등록을 하지 아니하고 타워크레인 설치ㆍ해체업을 영위할 수 있다. ② 제82조제2항의 개정규정에도 불구하고 사업주는 이 법 시행일부터 3개월까지는 타워크레인 설치ㆍ해체업을 등록하지 아니한 자로 하여금 타워크레인을 설치하거나 해체하는 작업을 하도록 할 수 있다. 제13조(안전인증 신청에 관한 경과조치) 이 법 시행 전에 종전의 제34조의3에 따라 안전인증이 취소된 자는 제86조제3항의 개정규정에도 불구하고 종전의 규정에 따른다. 제14조(물질안전보건자료의 작성ㆍ비치 등에 관한 경과조치) 이 법 시행 후 물질안전보건자료의 작성ㆍ비치 등에 관하여는 제110조부터 제116조까지의 개정규정 시행일 전까지 종전의 제11조제2항제4호, 제41조, 제63조(제41조에 관한 부분에 한정한다), 제65조제2항제12호, 제72조제4항제3호(제41조에 관한 부분에 한정한다), 같은 조 제5항제1호(제41조에 관한 부분에 한정한다) 및 제2호, 같은 조 제6항제1호(제11조제2항제4호에 관한 부분에 한정한다) 및 제8호에 따른다. 제15조(과징금에 관한 경과조치) 이 법 시행 전에 종전의 제15조의3(종전의 제16조제3항, 제30조의2제3항, 제34조의5제4항, 제36조제10항, 제42조제10항 및 제43조제11항에 따라 준용되는 경우를 포함한다)을 위반한 행위에 대하여 과징금에 관한 규정을 적용할 때에는 종전의 규정에 따른다. 제16조(안전관리대행기관 등에 관한 경과조치) ① 법률 제4220호 산업안전보건법 시행일인 1990년 7월 14일 당시 노동부장관의 지정을 받은 안전관리대행기관 및 보건관리대행기관은 제21조의 개정규정에 따라 고용노동부장관의 지정을 받은 것으로 본다. ② 공단은 법률 제4220호 산업안전보건법에 따라 노동부장관이 지정하도록 되어 있는 지정교육ㆍ검사ㆍ측정 또는 진단기관으로 지정받은 것으로 본다. 제17조(산업위생지도사에 관한 경과조치) 법률 제11882호 산업안전보건법 일부개정법률 시행일인 2014년 3월 13일 당시 종전의 규정에 따른 산업위생지도사는 이 법에 따른 산업보건지도사로 본다. 제18조(지도사 연수교육에 관한 경과조치) 법률 제11882호 산업안전보건법 일부개정법률 시행일인 2014년 3월 13일 전에 등록한 지도사는 제146조의 개정규정에 따른 연수교육을 받은 것으로 본다. 제19조(벌칙과 과태료에 관한 경과조치) 이 법 시행 전의 행위에 대하여 벌칙이나 과태료에 관한 규정을 적용할 때에는 종전의 규정에 따른다. 다만, 제110조부터 제116조까지의 개정규정 시행 전의 행위에 대하여 제175조제5항제3호(제114조제1항에 관한 부분에 한정한다) 및 제5호부터 제12호까지, 같은 조 제6항제2호(제35조제5호에 관한 부분에 한정한다) 및 제9호부터 제11호까지에 관한 규정을 적용할 때에는 종전의 규정에 따른다",,,,제1조,eba11139ee545de5eca490a099c89ed520b749d6,843d76b6b9c38936d2ce1a1ce08009ee49a7ab86
01fa7664-c04e-55bc-9d5e-56c91d5fc62f,1fd45cd7-0030-5436-b32d-d4cddf1550f5,TRANSITIONAL,시행 당시,,,,제1조,eba11139ee545de5eca490a099c89ed520b749d6,843d76b6b9c38936d2ce1a1ce08009ee49a7ab86
7cf3810e-d56e-5e15-9cfe-f510f209674e,1fd45cd7-0030-5436-b32d-d4cddf1550f5,TRANSITIONAL,시행 당시,,,,제1조,eba11139ee545de5eca490a099c89ed520b749d6,843d76b6b9c38936d2ce1a1ce08009ee49a7ab86
ed9f0945-5bd8-540b-9056-2894451677a2,1fd45cd7-0030-5436-b32d-d4cddf1550f5,TRANSITIONAL,시행 당시,,,,제1조,eba11139ee545de5eca490a099c89ed520b749d6,843d76b6b9c38936d2ce1a1ce08009ee49a7ab86
1dceab2f-2a21-58c6-b607-d6e086ed39af,8b4b4041-dc7d-5d88-833e-2f951be3ea4a,EFFECTIVE_DATE,공포 후 6개월이 경과한 날부터 시행,,,,제166조의2,7bbc35e7d49494bee311f82b2e8e7f63c8fa082a,843d76b6b9c38936d2ce1a1ce08009ee49a7ab86
192c5962-782f-5231-85b8-5b99a38cec7b,8b4b4041-dc7d-5d88-833e-2f951be3ea4a,EFFECTIVE_DATE,이 법은 공포한 날부터 시행한다,,,,제166조의2,7bbc35e7d49494bee311f82b2e8e7f63c8fa082a,843d76b6b9c38936d2ce1a1ce08009ee49a7ab86
87828dd3-ab24-5be8-855f-68a58f9d60ed,8b4b4041-dc7d-5d88-833e-2f951be3ea4a,GRACE_PERIOD,공포 후 6개월이 경과한 날부터 시행,,,,제166조의2,7bbc35e7d49494bee311f82b2e8e7f63c8fa082a,843d76b6b9c38936d2ce1a1ce08009ee49a7ab86
ece18878-fcbb-573f-a77e-34c95d504919,8b4b4041-dc7d-5d88-833e-2f951be3ea4a,GRACE_PERIOD,"다만, 제166조의2, 제167조제1항, 제168조, 제169조, 제170조제1호부터 제3호까지, 제171조제1호, 제174조제1항 본문(제166조의2를 준용하는 부분으로 한정한다) 및 제175조의 개정규정은 공포 후 6개월",,,,제166조의2,7bbc35e7d49494bee311f82b2e8e7f63c8fa082a,843d76b6b9c38936d2ce1a1ce08009ee49a7ab86
1b1f5190-f775-5ede-ae31-8e38aafa9282,00084e1a-1e7b-582a-8ac5-e9d072a0629a,EFFECTIVE_DATE,이 법은 공포한 날부터 시행한다,,,,제57조,40c70ca7058c224e16241c2da668ba6fd70a8b71,843d76b6b9c38936d2ce1a1ce08009ee49a7ab86
504975b0-7814-5cd9-8864-62458bca3cf7,df18b572-296f-52a4-860e-c78680265d72,EFFECTIVE_DATE,공포 후 3개월이 경과한 날부터 시행,,,,제168조,7ea0d39ec5700b2f6f0f950297d867eef2df1150,843d76b6b9c38936d2ce1a1ce08009ee49a7ab86
13ee9361-27c8-5d26-83b2-31e99f8be940,df18b572-296f-52a4-860e-c78680265d72,EFFECTIVE_DATE,이 법은 공포한 날부터 시행한다,,,,제168조,7ea0d39ec5700b2f6f0f950297d867eef2df1150,843d76b6b9c38936d2ce1a1ce08009ee49a7ab86
617a8218-2f64-549a-9a92-800d35b31d35,df18b572-296f-52a4-860e-c78680265d72,GRACE_PERIOD,공포 후 3개월이 경과한 날부터 시행,,,,제168조,7ea0d39ec5700b2f6f0f950297d867eef2df1150,843d76b6b9c38936d2ce1a1ce08009ee49a7ab86
068f70ee-ea99-5645-a61e-518fd985e422,df18b572-296f-52a4-860e-c78680265d72,GRACE_PERIOD,"다만, 제168조제2호와 제175조제4항제6호의 개정규정은 공포 후 3개월",,,,제168조,7ea0d39ec5700b2f6f0f950297d867eef2df1150,843d76b6b9c38936d2ce1a1ce08009ee49a7ab86
be869f44-a6a2-5a52-8a1d-03005db932d4,,EFFECTIVE_DATE,공포 후 6개월이 경과한 날부터 시행,,,,,e04dce1b95d90d8eebbe7001f4f73223fc4638ce,843d76b6b9c38936d2ce1a1ce08009ee49a7ab86
2842e87d-bc23-5a92-83b7-a7ffc32060e5,,EFFECTIVE_DATE,이 법은 공포 후 6개월이 경과한 날부터 시행한다,,,,,e04dce1b95d90d8eebbe7001f4f73223fc4638ce,843d76b6b9c38936d2ce1a1ce08009ee49a7ab86
c48e335f-7171-5518-9cbd-437fc387f73a,,GRACE_PERIOD,공포 후 6개월이 경과한 날부터 시행,,,,,e04dce1b95d90d8eebbe7001f4f73223fc4638ce,843d76b6b9c38936d2ce1a1ce08009ee49a7ab86
acaff9b7-a7b9-531f-92b6-787d4646e390,1fd45cd7-0030-5436-b32d-d4cddf1550f5,EFFECTIVE_DATE,공포 후 6개월이 경과한 날부터 시행,,,,제1조,66d8a67c5c80ccf9c06d09ea59cd45be8171f81c,843d76b6b9c38936d2ce1a1ce08009ee49a7ab86
525bdef3-66d6-549d-9b9c-b0c1d744360d,1fd45cd7-0030-5436-b32d-d4cddf1550f5,EFFECTIVE_DATE,이 법은 공포 후 6개월이 경과한 날부터 시행한다,,,,제1조,66d8a67c5c80ccf9c06d09ea59cd45be8171f81c,843d76b6b9c38936d2ce1a1ce08009ee49a7ab86
a7759c8e-7181-52b5-8249-d1a1201aad28,1fd45cd7-0030-5436-b32d-d4cddf1550f5,GRACE_PERIOD,공포 후 6개월이 경과한 날부터 시행,,,,제1조,66d8a67c5c80ccf9c06d09ea59cd45be8171f81c,843d76b6b9c38936d2ce1a1ce08009ee49a7ab86
39cb06b8-878d-5fbe-9907-7ea1758e7e83,1fd45cd7-0030-5436-b32d-d4cddf1550f5,EFFECTIVE_DATE,공포 후 1년이 경과한 날부터 시행,,,,제1조,a1df701b6f534e3ae1d2531cc7671ddb34877c42,843d76b6b9c38936d2ce1a1ce08009ee49a7ab86
e1df980f-38b4-57ba-ae1d-f5b87e8648f5,1fd45cd7-0030-5436-b32d-d4cddf1550f5,EFFECTIVE_DATE,이 법은 공포 후 1년이 경과한 날부터 시행한다,,,,제1조,a1df701b6f534e3ae1d2531cc7671ddb34877c42,843d76b6b9c38936d2ce1a1ce08009ee49a7ab86
0efea428-10b7-558e-95c1-79535189643e,1fd45cd7-0030-5436-b32d-d4cddf1550f5,GRACE_PERIOD,공포 후 1년이 경과한 날부터 시행,,,,제1조,a1df701b6f534e3ae1d2531cc7671ddb34877c42,843d76b6b9c38936d2ce1a1ce08009ee49a7ab86
52ff1cf5-437c-5440-baca-a93cb443a5c2,1fd45cd7-0030-5436-b32d-d4cddf1550f5,TRANSITIONAL,경과조치,,,,제1조,a1df701b6f534e3ae1d2531cc7671ddb34877c42,843d76b6b9c38936d2ce1a1ce08009ee49a7ab86
ef160d7d-8219-5680-a20c-13f0d5aa22e2,1fd45cd7-0030-5436-b32d-d4cddf1550f5,TRANSITIONAL,종전의 규정에 따른다,,,,제1조,a1df701b6f534e3ae1d2531cc7671ddb34877c42,843d76b6b9c38936d2ce1a1ce08009ee49a7ab86
36941da5-7af6-5641-ae3f-41a7e1976165,1fd45cd7-0030-5436-b32d-d4cddf1550f5,EFFECTIVE_DATE,2024년 5월 17일부터 시행,20240517,,,제1조,78f3d45fe03cfa3d74f1e1e1d744ed13ae8d2182,843d76b6b9c38936d2ce1a1ce08009ee49a7ab86
c2ddbe45-c2fc-5920-923f-921b5211ab56,1fd45cd7-0030-5436-b32d-d4cddf1550f5,EFFECTIVE_DATE,이 법은 2024년 5월 17일부터 시행한다,,,,제1조,78f3d45fe03cfa3d74f1e1e1d744ed13ae8d2182,843d76b6b9c38936d2ce1a1ce08009ee49a7ab86
31a0f820-1938-5b0d-b8d0-9b8eb1b56865,1fd45cd7-0030-5436-b32d-d4cddf1550f5,EFFECTIVE_DATE,이 법은 공포한 날부터 시행한다,,,,제1조,9feba246a538505f7de14fb1b8fe7152e308a208,843d76b6b9c38936d2ce1a1ce08009ee49a7ab86
5bced4ed-bbda-59fd-9634-2ed019d2066f,,EFFECTIVE_DATE,2025년 6월 1일부터 시행,20250601,,,,e15a8b5d19deb05c1d01a450f61acffdcd24469d,843d76b6b9c38936d2ce1a1ce08009ee49a7ab86
bffe8694-f5a5-5780-9234-07428efcd35a,,EFFECTIVE_DATE,이 법은 2025년 6월 1일부터 시행한다,,,,,e15a8b5d19deb05c1d01a450f61acffdcd24469d,843d76b6b9c38936d2ce1a1ce08009ee49a7ab86
d588f04c-eded-574f-80ca-2d33ff848e6e,1fd45cd7-0030-5436-b32d-d4cddf1550f5,EFFECTIVE_DATE,공포 후 6개월이 경과한 날부터 시행,,,,제1조,b2e2a6395706fd4fe1cb1a68ccda5bfc9348e326,843d76b6b9c38936d2ce1a1ce08009ee49a7ab86
800a4a3a-05aa-599a-a620-df66669b04b9,1fd45cd7-0030-5436-b32d-d4cddf1550f5,EFFECTIVE_DATE,이 법은 공포 후 6개월이 경과한 날부터 시행한다,,,,제1조,b2e2a6395706fd4fe1cb1a68ccda5bfc9348e326,843d76b6b9c38936d2ce1a1ce08009ee49a7ab86
c829c061-58c0-5790-9278-d181a5773bca,1fd45cd7-0030-5436-b32d-d4cddf1550f5,GRACE_PERIOD,공포 후 6개월이 경과한 날부터 시행,,,,제1조,b2e2a6395706fd4fe1cb1a68ccda5bfc9348e326,843d76b6b9c38936d2ce1a1ce08009ee49a7ab86
2e0fcafa-e9c4-547c-b135-5eb80b4e3eb8,1fd45cd7-0030-5436-b32d-d4cddf1550f5,EFFECTIVE_DATE,이 법은 공포한 날부터 시행한다,,,,제1조,2d815e4c1ff03e9aab2405da90b9fb84a382762f,843d76b6b9c38936d2ce1a1ce08009ee49a7ab86
29b77b3c-a0cf-52d9-9078-6211541053f2,,TRANSITIONAL,"부칙(규제 재검토기한 해제 등을 위한 144개 대통령령의 일부개정에 관한 대통령령) <제30509호,2020.3.3> 이 영은 공포한 날부터 시행한다.",,,,,a0f2b90914182bb2744eb55e20a1b8830221b521,6829c042a13cbb8b01ddcbda35f6fd683c0f77c1
c04474c2-bbde-577d-95ab-39e481e47851,1fb7aead-153d-5f38-8971-cabe3b976c53,EFFECTIVE_DATE,2020년 8월 28일부터 시행,20200828,,,제1조,fe5bfbf5220a46d598c0f141320888f9adfbd3f6,6829c042a13cbb8b01ddcbda35f6fd683c0f77c1
89cb40a5-7f7c-5b57-b92e-b6244967ae13,f317b278-2181-5f2b-9b06-99e141980ee5,TRANSITIONAL,"부칙 <제31004호,2020.9.8> 이 영은 공포한 날부터 시행한다. 다만, 다음 각 호의 개정규정은 다음 각 호의 구분에 따른 날부터 시행한다. 1. 제45조제1항 후단의 개정규정: 2021년 4월 1일 2. 별표 35 제4호랴목의 개정규정: 2020년 9월 10일 3. 별표 35 제4호(랴목은 제외한다)의 개정규정: 2020년 10월 1일 4. 대통령령 제30256호 산업안전보건법 시행령 전부개정령 별표 35 제4호이목의 개정규정: 2021년 1월 16일",,,,제45조,214b32bce27d374b26a3648a86c23e36085dd74b,6829c042a13cbb8b01ddcbda35f6fd683c0f77c1
45c14d89-cec5-5dd8-a05f-d768d2c6bbb7,,TRANSITIONAL,"부칙(어려운 법령용어 정비를 위한 473개 법령의 일부개정에 관한 대통령령) <제31380호,2021.1.5> 이 영은 공포한 날부터 시행한다. <단서 생략>",,,,,0ae5423b42f6c7f1677ede57b4a0ed7c30c11ab5,6829c042a13cbb8b01ddcbda35f6fd683c0f77c1
7b66b7cd-a2c2-5a4c-8a6e-d2d9c6806114,,TRANSITIONAL,"부칙 <제31387호,2021.1.12> 이 영은 공포한 날부터 시행한다.",,,,,a5b38c6d8762a30eec1e1f9798cbd29c4eb81a67,6829c042a13cbb8b01ddcbda35f6fd683c0f77c1
8fa15510-bf1a-5c2d-8041-09594d418c4b,1fb7aead-153d-5f38-8971-cabe3b976c53,EFFECTIVE_DATE,2021년 4월 1일부터 시행,20210401,,,제1조,ace100ba58a4d3e1910d5ae803d89b884622927a,6829c042a13cbb8b01ddcbda35f6fd683c0f77c1
2df34c1f-7966-5f77-b051-010403b5cd3a,,EFFECTIVE_DATE,2021년 10월 14일부터 시행,20211014,,,,5d388a5abda7e436b2310c5a82b3af4138485e8c,6829c042a13cbb8b01ddcbda35f6fd683c0f77c1
d58daa70-1b86-54c3-b128-892dcb07eabc,1fb7aead-153d-5f38-8971-cabe3b976c53,EFFECTIVE_DATE,2021년 11월 19일부터 시행,20211119,,,제1조,7c93cb34c7ec3a47f50847558b044f1f314279db,6829c042a13cbb8b01ddcbda35f6fd683c0f77c1
12f0ff67-8742-5ea9-9afe-7907081eb3b4,1fb7aead-153d-5f38-8971-cabe3b976c53,TRANSITIONAL,경과조치,,,,제1조,7c93cb34c7ec3a47f50847558b044f1f314279db,6829c042a13cbb8b01ddcbda35f6fd683c0f77c1
fd2f8c30-d608-5caa-84fd-15211633a417,1fb7aead-153d-5f38-8971-cabe3b976c53,TRANSITIONAL,시행 당시,,,,제1조,7c93cb34c7ec3a47f50847558b044f1f314279db,6829c042a13cbb8b01ddcbda35f6fd683c0f77c1
3fb98090-331f-5234-a461-dd19e5fb5ae3,,TRANSITIONAL,"부칙(규제 재검토기한 설정 해제 등을 위한 91개 법령의 일부개정에 관한 대통령령) <제32528호,2022.3.8> 이 영은 공포한 날부터 시행한다.",,,,,4f7b42d283a619f8c2756d86bd9bd60fe75a4e3b,6829c042a13cbb8b01ddcbda35f6fd683c0f77c1
acdcbbed-9fae-5f97-8294-bee8637b43c6,1fb7aead-153d-5f38-8971-cabe3b976c53,EFFECTIVE_DATE,2022년 8월 18일부터 시행,20220818,,,제1조,4f798394440d5af56d46f54704e7f5727639f0ed,6829c042a13cbb8b01ddcbda35f6fd683c0f77c1
585839c8-6419-5129-ab42-4795b24153f5,1fb7aead-153d-5f38-8971-cabe3b976c53,TRANSITIONAL,경과조치,,,,제1조,4f798394440d5af56d46f54704e7f5727639f0ed,6829c042a13cbb8b01ddcbda35f6fd683c0f77c1
bbc2f5d7-0234-5dbc-ad08-52ea5efda891,1fb7aead-153d-5f38-8971-cabe3b976c53,TRANSITIONAL,시행 당시,,,,제1조,4f798394440d5af56d46f54704e7f5727639f0ed,6829c042a13cbb8b01ddcbda35f6fd683c0f77c1
66e212ad-22f4-542f-9f2d-9fe870b0d2ba,21e0eb01-f728-5352-91b3-1e237985d32a,EFFECTIVE_DATE,공포 후 3개월이 경과한 날부터 시행,,,,제105조,8d1b834d28039fb554feb04eaf0e3fdddd5d4400,6829c042a13cbb8b01ddcbda35f6fd683c0f77c1
b5c327f5-9cd7-5778-9f9e-1a77eabd0f23,21e0eb01-f728-5352-91b3-1e237985d32a,GRACE_PERIOD,공포 후 3개월이 경과한 날부터 시행,,,,제105조,8d1b834d28039fb554feb04eaf0e3fdddd5d4400,6829c042a13cbb8b01ddcbda35f6fd683c0f77c1
d8878bdd-9b7f-502d-b5df-f3b17a13f4c6,21e0eb01-f728-5352-91b3-1e237985d32a,GRACE_PERIOD,"다만, 제105조제3항, 제115조제52호의2 및 제117조제10호의 개정규정은 공포 후 3개월",,,,제105조,8d1b834d28039fb554feb04eaf0e3fdddd5d4400,6829c042a13cbb8b01ddcbda35f6fd683c0f77c1
2b0b176f-eb48-5302-b426-4e67a1645f97,,TRANSITIONAL,"부칙(행정법제 혁신을 위한 가덕도신공항 건설을 위한 특별법 시행령 등 123개 법령의 일부개정에 관한 대통령령) <제33913호,2023.12.12> 이 영은 공포한 날부터 시행한다.",,,,,8bea82b720550c622ecb52a7194df6ede9feb06a,6829c042a13cbb8b01ddcbda35f6fd683c0f77c1
2c14f105-6827-5cc3-9438-0cb655ca590a,,TRANSITIONAL,"부칙 <제34304호,2024.3.12> 이 영은 공포한 날부터 시행한다.",,,,,1698cb72ef4889b4089cff9ada6d9ec2e1a8aa94,6829c042a13cbb8b01ddcbda35f6fd683c0f77c1
c6b7610e-062b-54ea-be6a-db1f7ece5739,608e2aef-45f3-55b5-b46a-1cb3abac880a,EFFECTIVE_DATE,공포 후 2년이 경과한 날부터 시행,,,,제78조,948e92355a55ff97a4610e2d92144959bdb10ec0,6829c042a13cbb8b01ddcbda35f6fd683c0f77c1
61f6b8a7-f5af-5a54-9d06-2f1b4413e839,608e2aef-45f3-55b5-b46a-1cb3abac880a,EFFECTIVE_DATE,2024년 7월 1일부터 시행,20240701,,,제78조,948e92355a55ff97a4610e2d92144959bdb10ec0,6829c042a13cbb8b01ddcbda35f6fd683c0f77c1
53864faf-5b26-56f6-9343-05fe0a9c14a9,608e2aef-45f3-55b5-b46a-1cb3abac880a,EFFECTIVE_DATE,2025년 1월 1일부터 시행,20250101,,,제78조,948e92355a55ff97a4610e2d92144959bdb10ec0,6829c042a13cbb8b01ddcbda35f6fd683c0f77c1
172ecf1f-59a3-55b9-8ce7-0f534c85f0b8,608e2aef-45f3-55b5-b46a-1cb3abac880a,GRACE_PERIOD,공포 후 2년이 경과한 날부터 시행,,,,제78조,948e92355a55ff97a4610e2d92144959bdb10ec0,6829c042a13cbb8b01ddcbda35f6fd683c0f77c1
fd24eb1a-2d19-583e-b5af-190ad6907b5a,608e2aef-45f3-55b5-b46a-1cb3abac880a,GRACE_PERIOD,"다만, 제78조제1항제14호ㆍ제15호, 별표 24 제1호가목, 같은 표 제2호 번호 2 및 별표 25 번호 3의 개정규정은 공포 후 2년",,,,제78조,948e92355a55ff97a4610e2d92144959bdb10ec0,6829c042a13cbb8b01ddcbda35f6fd683c0f77c1
daca1288-8360-57ed-b394-e1ec371324b1,,EFFECTIVE_DATE,2025년 1월 1일부터 시행,20250101,,,,c0abf7b161d2eba2865c334b874e8a535a99c7e7,6829c042a13cbb8b01ddcbda35f6fd683c0f77c1
81ef2633-1af7-56be-866d-df48b665dd9c,,TRANSITIONAL,"부칙 <제35240호,2025.1.31> 이 영은 공포한 날부터 시행한다.",,,,,0c718e8df497ee593e43502135e14b26d172491f,6829c042a13cbb8b01ddcbda35f6fd683c0f77c1
3481c67b-5afc-5c92-96a6-077ba2910732,1fb7aead-153d-5f38-8971-cabe3b976c53,TRANSITIONAL,"부칙 <제35483호,2025.4.29> 제1조(시행일) 이 영은 공포한 날부터 시행한다. 제2조(안전관리자 또는 보건관리자의 해임 등에 관한 적용례) 제16조제7항 및 제20조제3항의 개정규정은 이 영 시행 이후 안전관리자 또는 보건관리자를 해임하거나 안전관리전문기관 또는 보건관리전문기관에 대한 업무 위탁을 해지하는 경우부터 적용한다. 제3조(산업보건의의 해임 또는 해촉에 관한 적용례) 제29조제4항의 개정규정은 이 영 시행 이후 산업보건의를 해임 또는 해촉하는 경우부터 적용한다. 제4조(타워크레인 설치ㆍ해체업의 변경등록에 관한 적용례) 제72조제2항제4호의 개정규정은 이 영 시행 이후 별표 22 제1호에 따른 인력을 변경하는 경우부터 적용한다.",,,,제1조,b3ee6c8e8d9c77878ccca45009178e868aad34b0,6829c042a13cbb8b01ddcbda35f6fd683c0f77c1
0b4975ab-536c-539d-ba9f-3187dea22168,1fb7aead-153d-5f38-8971-cabe3b976c53,EFFECTIVE_DATE,2025년 6월 21일부터 시행,20250621,,,제1조,3bc2c8ff6a71979c1487267b1f4fb50d7f49342a,6829c042a13cbb8b01ddcbda35f6fd683c0f77c1
3712f993-b045-522c-b342-72ce34c4321b,1fb7aead-153d-5f38-8971-cabe3b976c53,TRANSITIONAL,"부칙(고용노동부와 그 소속기관 직제) <제35805호,2025.10.1> 제1조(시행일) 이 영은 공포한 날부터 시행한다. 제2조 생략 제3조(다른 법령의 개정) ①부터 ⑧까지 생략 ⑨ 산업안전보건법 시행령 일부를 다음과 같이 개정한다. 제2조제2항 중 ""통계청장""을 ""국가데이터처장""으로 한다. 제45조제1항 후단 중 ""환경부장관""을 ""기후에너지환경부장관""으로 한다. 제67조제3호 중 ""통계청장""을 ""국가데이터처장""으로 한다. 제85조제18호 중 ""환경부장관""을 ""기후에너지환경부장관""으로 한다. ⑩부터 ⑮까지 생략",,,,제1조,decfe59bd53408ccfc37064980b6d2a04f4e5bbf,6829c042a13cbb8b01ddcbda35f6fd683c0f77c1
4dae884b-2685-58e4-8cbd-f69904cf9d74,,EFFECTIVE_DATE,2022년 1월 27일부터 시행,20220127,,,,62591b1d9840c21c494b1072183a8e4890ad0c09,1ed21550b572094228bbf31cf5c26cc088464029
570405dc-328d-54d4-b0f8-59dbb5267e35,7816909f-f1a4-5308-ab9d-b2877f959fd2,EFFECTIVE_DATE,2022년 12월 8일부터 시행,20221208,,,제1조,0b23d118d43a6082617c82669b5c3ab4dcad9dce,1ed21550b572094228bbf31cf5c26cc088464029
d0866fbf-f65d-5442-931c-ed96acffae45,7816909f-f1a4-5308-ab9d-b2877f959fd2,EFFECTIVE_DATE,2025년 8월 7일부터 시행,20250807,,,제1조,1a7e0f9357c364ef09a2dcb196a31972a908d5cc,1ed21550b572094228bbf31cf5c26cc088464029
5a40a8fc-e3aa-5e51-a149-72e0a8e6e4b6,7816909f-f1a4-5308-ab9d-b2877f959fd2,EFFECTIVE_DATE,2025년 8월 28일부터 시행,20250828,,,제1조,9624cd5ca05f530fc61aaeb9fff5c8d43c71665d,1ed21550b572094228bbf31cf5c26cc088464029
d8c3a996-4176-58b2-926c-5b9f1a2894d8,7816909f-f1a4-5308-ab9d-b2877f959fd2,TRANSITIONAL,"부칙(기후에너지환경부와 그 소속기관 직제) <제35804호,2025.10.1> 제1조(시행일) 이 영은 공포한 날부터 시행한다. 다만, 부칙 제6조에 따라 개정되는 대통령령 중 이 영 시행 전에 공포되었으나 시행일이 도래하지 아니한 대통령령을 개정한 부분은 각각 해당 대통령령의 시행일부터 시행한다. 제2조 부터 제4조까지 생략 제5조(다른 법령의 개정) ①부터 <52>까지 생략 <53> 중대재해 처벌 등에 관한 법률 시행령 일부를 다음과 같이 개정한다. 제8조제1호다목 및 같은 조 제2호다목 중 ""환경부장관""을 각각 ""기후에너지환경부장관""으로 한다. <54>부터 <80>까지 생략",,,,제1조,8e140d1044373ab61c8ceadd9591249b3bf9ca8d,1ed21550b572094228bbf31cf5c26cc088464029
02b06776-0d18-5e59-a1c3-4ebdb26f9970,7816909f-f1a4-5308-ab9d-b2877f959fd2,TRANSITIONAL,"부칙(고용노동부와 그 소속기관 직제) <제35805호,2025.10.1> 제1조(시행일) 이 영은 공포한 날부터 시행한다. 제2조 생략 제3조(다른 법령의 개정) ①부터 ⑪까지 생략 ⑫ 중대재해 처벌 등에 관한 법률 시행령 일부를 다음과 같이 개정한다. 제8조제1호다목 및 같은 조 제2호다목 중 ""환경부장관""을 각각 ""기후에너지환경부장관""으로 한다. ⑬부터 ⑮까지 생략",,,,제1조,7c6e4edf11ee007fab602c5d4e3fe009e00e4435,1ed21550b572094228bbf31cf5c26cc088464029
b3cf364a-8186-573a-8626-6f04192b9b1d,3abca9ad-23cc-579c-8c49-f2afb0493b1e,EFFECTIVE_DATE,이 규칙은 공포한 날부터 시행한다,,,,제1조,3ef5a1b95ee5dac24b09cd57ad89fb56f391dd3a,f436fcd219320b9a2e2544d19baad382633bea80
20b83143-4e70-55f2-9867-be0cd2d26938,3abca9ad-23cc-579c-8c49-f2afb0493b1e,TRANSITIONAL,경과조치,,,,제1조,3ef5a1b95ee5dac24b09cd57ad89fb56f391dd3a,f436fcd219320b9a2e2544d19baad382633bea80
b8fb1da3-689d-5cce-9929-b94ed2e83c9c,3abca9ad-23cc-579c-8c49-f2afb0493b1e,TRANSITIONAL,시행 당시,,,,제1조,3ef5a1b95ee5dac24b09cd57ad89fb56f391dd3a,f436fcd219320b9a2e2544d19baad382633bea80
2265e27b-3b14-561c-89ee-bf4e11f357eb,7adf74a4-d9b1-55c1-98c0-f97d31a58ac8,EFFECTIVE_DATE,공포 후 6개월이 경과한 날부터 시행,,,,제79조의2,64bca27291399a9aa1f56e16a6f77a6950b39b72,f436fcd219320b9a2e2544d19baad382633bea80
ccc7e0b1-0210-5f0f-b28a-13df108e0a2a,7adf74a4-d9b1-55c1-98c0-f97d31a58ac8,EFFECTIVE_DATE,이 규칙은 공포한 날부터 시행한다,,,,제79조의2,64bca27291399a9aa1f56e16a6f77a6950b39b72,f436fcd219320b9a2e2544d19baad382633bea80
94e28984-52f4-52c2-961c-f885a177f1d3,7adf74a4-d9b1-55c1-98c0-f97d31a58ac8,GRACE_PERIOD,공포 후 6개월이 경과한 날부터 시행,,,,제79조의2,64bca27291399a9aa1f56e16a6f77a6950b39b72,f436fcd219320b9a2e2544d19baad382633bea80
e623180f-11cd-5296-980e-a657e1a99bac,7adf74a4-d9b1-55c1-98c0-f97d31a58ac8,GRACE_PERIOD,"다만, 제79조의2의 개정규정은 공포 후 6개월",,,,제79조의2,64bca27291399a9aa1f56e16a6f77a6950b39b72,f436fcd219320b9a2e2544d19baad382633bea80
f38bb428-f3f5-542c-a8f2-027034691cde,,EFFECTIVE_DATE,이 규칙은 공포한 날부터 시행한다,,,,,c7c5445b80fbf904a1c1376f23dfb09b02fc660f,f436fcd219320b9a2e2544d19baad382633bea80
db22a9b2-7639-5fc7-bfd2-616923dc55a4,3abca9ad-23cc-579c-8c49-f2afb0493b1e,EFFECTIVE_DATE,2013년 7월 1일부터 시행,20130701,,,제1조,20c1a6d13aecd25611ae619ef0de9b99e7e59c66,f436fcd219320b9a2e2544d19baad382633bea80
e23364e1-4e4d-5c05-b204-0ace8bc93d14,3abca9ad-23cc-579c-8c49-f2afb0493b1e,EFFECTIVE_DATE,이 규칙은 공포한 날부터 시행한다,,,,제1조,20c1a6d13aecd25611ae619ef0de9b99e7e59c66,f436fcd219320b9a2e2544d19baad382633bea80
75d5bf63-84b1-5656-b6ba-3547ff8ebf69,3abca9ad-23cc-579c-8c49-f2afb0493b1e,TRANSITIONAL,"부칙(고용노동부와 그 소속기관 직제 시행규칙) <제78호,2013.3.23> 제1조(시행일) 이 영은 공포한 날부터 시행한다. 제2조 생략 제3조(다른 법령의 개정) ① 생략 ② 산업안전보건기준에 관한 규칙 일부를 다음과 같이 개정한다. 제116조제2항 중 ""지식경제부장관""을 ""산업통상자원부장관""으로 한다. ③ 및 ④ 생략",,,,제1조,ea3f9b038946ec4d09ff4ed83ed1737c00df182d,f436fcd219320b9a2e2544d19baad382633bea80
9a45bbfa-b6c2-5ee0-b3e9-b8b1fa4cd403,3abca9ad-23cc-579c-8c49-f2afb0493b1e,EFFECTIVE_DATE,이 규칙은 공포한 날부터 시행한다,,,,제1조,d97425267b194119d12a02a06ee5612d24d1da38,f436fcd219320b9a2e2544d19baad382633bea80
917033d8-1c62-5f4f-9829-77a9606dfd5a,,EFFECTIVE_DATE,2015년 1월 1일부터 시행,20150101,,,,2e73125db16a193d4fa30006be0350bceae0cfcf,f436fcd219320b9a2e2544d19baad382633bea80
d119b8d0-b358-5cdb-a96f-b354bac33f24,,EFFECTIVE_DATE,이 규칙은 2015년 1월 1일부터 시행한다,,,,,2e73125db16a193d4fa30006be0350bceae0cfcf,f436fcd219320b9a2e2544d19baad382633bea80
8904467f-1733-5946-8782-4b779f5ef3d8,,EFFECTIVE_DATE,이 규칙은 공포한 날부터 시행한다,,,,,ec41a808c9cdca183f4df861084e75b00524f8ac,f436fcd219320b9a2e2544d19baad382633bea80
0a56b131-877f-58b9-8c3d-e34c900097d4,,EFFECTIVE_DATE,이 규칙은 공포한 날부터 시행한다,,,,,bc47cdec888f5ebb50ba547f740382f1a56d84aa,f436fcd219320b9a2e2544d19baad382633bea80
3857686f-5d4e-5eca-89ab-d6f3a8b712a6,,EFFECTIVE_DATE,이 규칙은 공포한 날부터 시행한다,,,,,c4d24f541bacae17e0bd0503447243a572d28e28,f436fcd219320b9a2e2544d19baad382633bea80
55a62217-931c-51f7-9350-8ad803359962,,EFFECTIVE_DATE,이 규칙은 공포한 날부터 시행한다,,,,,20d5e52c794fa29574e542babf764b45c1ee7abe,f436fcd219320b9a2e2544d19baad382633bea80
dcd261a2-a951-53bc-882b-6931f467a466,3abca9ad-23cc-579c-8c49-f2afb0493b1e,EFFECTIVE_DATE,이 규칙은 공포한 날부터 시행한다,,,,제1조,450eb092fd9a3c2bc59462aeb5edfa42e52c2192,f436fcd219320b9a2e2544d19baad382633bea80
89ffd71d-e37c-5e3d-8df7-4648762d775f,3abca9ad-23cc-579c-8c49-f2afb0493b1e,DEADLINE,2개월 이내,,,,제1조,450eb092fd9a3c2bc59462aeb5edfa42e52c2192,f436fcd219320b9a2e2544d19baad382633bea80
f6077253-8420-522b-b8ef-53704f926850,3abca9ad-23cc-579c-8c49-f2afb0493b1e,DEADLINE,6개월 이내,,,,제1조,450eb092fd9a3c2bc59462aeb5edfa42e52c2192,f436fcd219320b9a2e2544d19baad382633bea80
d0610d67-b503-567c-be0e-71cfbb133a31,3abca9ad-23cc-579c-8c49-f2afb0493b1e,DEADLINE,2개월 이내,,,,제1조,450eb092fd9a3c2bc59462aeb5edfa42e52c2192,f436fcd219320b9a2e2544d19baad382633bea80
9e9eaa4b-abce-592f-b856-5b2c1921691d,3abca9ad-23cc-579c-8c49-f2afb0493b1e,TRANSITIONAL,경과조치,,,,제1조,450eb092fd9a3c2bc59462aeb5edfa42e52c2192,f436fcd219320b9a2e2544d19baad382633bea80
289b3c58-7bd9-5d00-babc-b630e9a493bd,3abca9ad-23cc-579c-8c49-f2afb0493b1e,TRANSITIONAL,시행 당시,,,,제1조,450eb092fd9a3c2bc59462aeb5edfa42e52c2192,f436fcd219320b9a2e2544d19baad382633bea80
39c505b9-2bfe-5ef8-bd1a-aafb3e2875ca,3abca9ad-23cc-579c-8c49-f2afb0493b1e,TRANSITIONAL,시행 당시,,,,제1조,450eb092fd9a3c2bc59462aeb5edfa42e52c2192,f436fcd219320b9a2e2544d19baad382633bea80
f47dd6dc-b221-5056-958a-24e6ae4eb2ed,3abca9ad-23cc-579c-8c49-f2afb0493b1e,TRANSITIONAL,시행 당시,,,,제1조,450eb092fd9a3c2bc59462aeb5edfa42e52c2192,f436fcd219320b9a2e2544d19baad382633bea80
05db4a4b-bdab-5d32-ad8b-6b2e0f8277e2,3abca9ad-23cc-579c-8c49-f2afb0493b1e,EFFECTIVE_DATE,공포 후 6개월이 경과한 날부터 시행,,,,제1조,940ef96d17ffea04a9f899e025bb093d987157b5,f436fcd219320b9a2e2544d19baad382633bea80
2beeadb4-6fae-57b3-962f-ab28dfe41858,3abca9ad-23cc-579c-8c49-f2afb0493b1e,EFFECTIVE_DATE,공포 후 1년이 경과한 날부터 시행,,,,제1조,940ef96d17ffea04a9f899e025bb093d987157b5,f436fcd219320b9a2e2544d19baad382633bea80
9c3aa071-6188-531c-be6d-a2add32a25b7,3abca9ad-23cc-579c-8c49-f2afb0493b1e,EFFECTIVE_DATE,이 규칙은 공포한 날부터 시행한다,,,,제1조,940ef96d17ffea04a9f899e025bb093d987157b5,f436fcd219320b9a2e2544d19baad382633bea80
64095d74-897d-5d6c-b7b1-bce7174629e7,3abca9ad-23cc-579c-8c49-f2afb0493b1e,GRACE_PERIOD,공포 후 6개월이 경과한 날부터 시행,,,,제1조,940ef96d17ffea04a9f899e025bb093d987157b5,f436fcd219320b9a2e2544d19baad382633bea80
4c0be5da-5fc2-5847-94f9-90935b958fde,3abca9ad-23cc-579c-8c49-f2afb0493b1e,GRACE_PERIOD,공포 후 1년이 경과한 날부터 시행,,,,제1조,940ef96d17ffea04a9f899e025bb093d987157b5,f436fcd219320b9a2e2544d19baad382633bea80
a07ab6a4-902b-5485-b42e-eb6d9f32c6b5,3abca9ad-23cc-579c-8c49-f2afb0493b1e,GRACE_PERIOD,"다만, 제536조의2, 제545조부터 제547조까지, 제548조 및 제552조의 개정규정은 공포 후 6개월",,,,제1조,940ef96d17ffea04a9f899e025bb093d987157b5,f436fcd219320b9a2e2544d19baad382633bea80
d207f4ff-5974-5876-a242-5c9c84a4c73a,,EFFECTIVE_DATE,이 규칙은 공포한 날부터 시행한다,,,,,30c842c7bd541f024f2339fd225f7cbe4d01caa3,f436fcd219320b9a2e2544d19baad382633bea80
4bde67e5-0f0c-5b56-8e6b-6e622429645d,,EFFECTIVE_DATE,이 규칙은 공포한 날부터 시행한다,,,,,ca3eb6e4eabb130c152f60ef9f28c94dedfe7c5d,f436fcd219320b9a2e2544d19baad382633bea80
f8b90054-d931-5735-bf5c-0823f1b6c0dd,,EFFECTIVE_DATE,이 규칙은 공포한 날부터 시행한다,,,,,dabfb1c442315406d5a27634d543e40036a9e61c,f436fcd219320b9a2e2544d19baad382633bea80
0215c3e0-71eb-5399-9bad-6c093afbdd7a,3abca9ad-23cc-579c-8c49-f2afb0493b1e,EFFECTIVE_DATE,공포 후 1년이 경과한 날부터 시행,,,,제1조,ad43dc87ff4e989cc360189fdd695cb6b4e58cd8,f436fcd219320b9a2e2544d19baad382633bea80
d21d4908-f724-5a78-ae28-66615aa33e10,3abca9ad-23cc-579c-8c49-f2afb0493b1e,EFFECTIVE_DATE,이 규칙은 공포한 날부터 시행한다,,,,제1조,ad43dc87ff4e989cc360189fdd695cb6b4e58cd8,f436fcd219320b9a2e2544d19baad382633bea80
d518afb8-08e3-5f25-898d-6de2349148d2,3abca9ad-23cc-579c-8c49-f2afb0493b1e,GRACE_PERIOD,공포 후 1년이 경과한 날부터 시행,,,,제1조,ad43dc87ff4e989cc360189fdd695cb6b4e58cd8,f436fcd219320b9a2e2544d19baad382633bea80
d82350e4-c5ef-55f2-9d3c-3ac1116238d8,3abca9ad-23cc-579c-8c49-f2afb0493b1e,GRACE_PERIOD,"다만, 제415조의 개정규정은 공포 후 1년",,,,제1조,ad43dc87ff4e989cc360189fdd695cb6b4e58cd8,f436fcd219320b9a2e2544d19baad382633bea80
5250cc1b-9ae5-5cce-b7d0-706da4ac05f3,3abca9ad-23cc-579c-8c49-f2afb0493b1e,DEADLINE,6개월 이내,,,,제1조,ad43dc87ff4e989cc360189fdd695cb6b4e58cd8,f436fcd219320b9a2e2544d19baad382633bea80
b7a3ce69-c7d0-55d4-910f-7bc2dafb9420,3abca9ad-23cc-579c-8c49-f2afb0493b1e,TRANSITIONAL,경과조치,,,,제1조,ad43dc87ff4e989cc360189fdd695cb6b4e58cd8,f436fcd219320b9a2e2544d19baad382633bea80
f7e6f15e-cb60-5ebf-8c58-2b32f0e6efc7,3abca9ad-23cc-579c-8c49-f2afb0493b1e,TRANSITIONAL,경과조치,,,,제1조,ad43dc87ff4e989cc360189fdd695cb6b4e58cd8,f436fcd219320b9a2e2544d19baad382633bea80
840f84d3-c23b-5294-910c-e5f0c19dd628,3abca9ad-23cc-579c-8c49-f2afb0493b1e,TRANSITIONAL,종전의 규정에 따른다. 제3조(승강기에 관한 경과조치) 이 규칙 시행 당시 설치되어 있는 승강기는 제132조제1항제5호의 개정규정에도 불구하고 종전의 규정에 따른다,,,,제1조,ad43dc87ff4e989cc360189fdd695cb6b4e58cd8,f436fcd219320b9a2e2544d19baad382633bea80
630e784d-b865-5168-ba9e-d9f8b1e2bf49,3abca9ad-23cc-579c-8c49-f2afb0493b1e,TRANSITIONAL,시행 당시,,,,제1조,ad43dc87ff4e989cc360189fdd695cb6b4e58cd8,f436fcd219320b9a2e2544d19baad382633bea80
644d2b31-76df-57d4-bc06-f908f82fcbfd,3abca9ad-23cc-579c-8c49-f2afb0493b1e,TRANSITIONAL,시행 당시,,,,제1조,ad43dc87ff4e989cc360189fdd695cb6b4e58cd8,f436fcd219320b9a2e2544d19baad382633bea80
7773fd04-47c5-54c7-a473-7cf3bf750a12,3abca9ad-23cc-579c-8c49-f2afb0493b1e,TRANSITIONAL,시행 당시,,,,제1조,ad43dc87ff4e989cc360189fdd695cb6b4e58cd8,f436fcd219320b9a2e2544d19baad382633bea80
ca863178-8c07-53cb-8a7c-a66e6a569075,,EFFECTIVE_DATE,이 규칙은 공포한 날부터 시행한다,,,,,5d384d4816360b96f5fd51cacd20421471f77a01,f436fcd219320b9a2e2544d19baad382633bea80
de68f97f-cfca-5d16-80aa-6049293e44d9,,EFFECTIVE_DATE,이 규칙은 공포한 날부터 시행한다,,,,,02432cf6a36fe2a58e27556227092323f56b7257,f436fcd219320b9a2e2544d19baad382633bea80
d7c58683-5f8f-54d0-8d83-86d0d2dc8134,3abca9ad-23cc-579c-8c49-f2afb0493b1e,EFFECTIVE_DATE,2020년 1월 16일부터 시행,20200116,,,제1조,297d42310bcbd4f7b233888982e79e847c1a0b9f,f436fcd219320b9a2e2544d19baad382633bea80
d101e284-ac82-53b1-93f2-7c17575bd39c,3abca9ad-23cc-579c-8c49-f2afb0493b1e,EFFECTIVE_DATE,2021년 1월 16일부터 시행,20210116,,,제1조,297d42310bcbd4f7b233888982e79e847c1a0b9f,f436fcd219320b9a2e2544d19baad382633bea80
444e0cbf-2aab-5925-a513-0016e24fd3b9,3abca9ad-23cc-579c-8c49-f2afb0493b1e,EFFECTIVE_DATE,이 규칙은 2020년 1월 16일부터 시행한다,,,,제1조,297d42310bcbd4f7b233888982e79e847c1a0b9f,f436fcd219320b9a2e2544d19baad382633bea80
4356b1bd-a148-55db-8c8f-f76c4e6abb74,,EFFECTIVE_DATE,이 규칙은 공포한 날부터 시행한다,,,,,41889df5d8c9c8669f24a6fcddae612ac5133c54,f436fcd219320b9a2e2544d19baad382633bea80
07880bb8-2299-57fb-abe2-7cdfa5dfe1cd,,EFFECTIVE_DATE,2021년 11월 19일부터 시행,20211119,,,,52d75fbf47dc68131c6f230b6aa7db9ae8db4bc7,f436fcd219320b9a2e2544d19baad382633bea80
43b61973-ce2d-54dc-ac69-f9f1ffa218f9,,EFFECTIVE_DATE,이 규칙은 2021년 11월 19일부터 시행한다,,,,,52d75fbf47dc68131c6f230b6aa7db9ae8db4bc7,f436fcd219320b9a2e2544d19baad382633bea80
645b3bd2-6cf7-536d-a372-6334cdd85e0f,,EFFECTIVE_DATE,이 규칙은 공포한 날부터 시행한다,,,,,b2041b87a9169c9a58c78f12e709dbcf8b9b5e5e,f436fcd219320b9a2e2544d19baad382633bea80
318a03c6-3a0c-5fdb-9963-b61e428b3c87,3abca9ad-23cc-579c-8c49-f2afb0493b1e,EFFECTIVE_DATE,공포 후 1년이 경과한 날부터 시행,,,,제1조,408e7dd3e050bb2c41876d97b2b913b73f2a14bb,f436fcd219320b9a2e2544d19baad382633bea80
aa08172e-faaf-574d-aca3-55c3f27d4250,3abca9ad-23cc-579c-8c49-f2afb0493b1e,EFFECTIVE_DATE,2023년 7월 1일부터 시행,20230701,,,제1조,408e7dd3e050bb2c41876d97b2b913b73f2a14bb,f436fcd219320b9a2e2544d19baad382633bea80
87b40d8b-f641-5b6d-af7b-8c5be40ae918,3abca9ad-23cc-579c-8c49-f2afb0493b1e,EFFECTIVE_DATE,이 규칙은 공포한 날부터 시행한다,,,,제1조,408e7dd3e050bb2c41876d97b2b913b73f2a14bb,f436fcd219320b9a2e2544d19baad382633bea80
b0c2c488-3123-543c-a723-ba2469f08e02,3abca9ad-23cc-579c-8c49-f2afb0493b1e,GRACE_PERIOD,공포 후 1년이 경과한 날부터 시행,,,,제1조,408e7dd3e050bb2c41876d97b2b913b73f2a14bb,f436fcd219320b9a2e2544d19baad382633bea80
3a648f77-3035-5a2e-badb-dc538efd769f,3abca9ad-23cc-579c-8c49-f2afb0493b1e,GRACE_PERIOD,"다만, 제221조의2부터 제221조의4까지의 개정규정은 2023년 7월 1일부터 시행하며, 제449조제2항 및 별표 12 제1호부터 제3호까지의 개정규정은 공포 후 1년",,,,제1조,408e7dd3e050bb2c41876d97b2b913b73f2a14bb,f436fcd219320b9a2e2544d19baad382633bea80
e5cabc68-0d9c-5c51-9b64-305b18331bd7,3abca9ad-23cc-579c-8c49-f2afb0493b1e,TRANSITIONAL,경과조치,,,,제1조,408e7dd3e050bb2c41876d97b2b913b73f2a14bb,f436fcd219320b9a2e2544d19baad382633bea80
aa5c8ae9-5c3d-5652-ab8f-e49395e4a9e4,3abca9ad-23cc-579c-8c49-f2afb0493b1e,TRANSITIONAL,경과조치,,,,제1조,408e7dd3e050bb2c41876d97b2b913b73f2a14bb,f436fcd219320b9a2e2544d19baad382633bea80
b0a75c1e-a17e-591d-8632-0451a3e30ba2,3abca9ad-23cc-579c-8c49-f2afb0493b1e,TRANSITIONAL,경과조치,,,,제1조,408e7dd3e050bb2c41876d97b2b913b73f2a14bb,f436fcd219320b9a2e2544d19baad382633bea80
be02ec2d-23ea-5e68-bfa4-ae9dc4299e3a,3abca9ad-23cc-579c-8c49-f2afb0493b1e,TRANSITIONAL,종전의 규정에 따른다,,,,제1조,408e7dd3e050bb2c41876d97b2b913b73f2a14bb,f436fcd219320b9a2e2544d19baad382633bea80
ef8f9766-bd7b-51f5-ad8b-6a9831faf436,3abca9ad-23cc-579c-8c49-f2afb0493b1e,TRANSITIONAL,시행 당시,,,,제1조,408e7dd3e050bb2c41876d97b2b913b73f2a14bb,f436fcd219320b9a2e2544d19baad382633bea80
6972a5e4-e199-5fee-8968-b09d14dc70a1,3abca9ad-23cc-579c-8c49-f2afb0493b1e,TRANSITIONAL,시행 당시,,,,제1조,408e7dd3e050bb2c41876d97b2b913b73f2a14bb,f436fcd219320b9a2e2544d19baad382633bea80
2e3885f2-7141-53f1-bb76-c1a0ddb01bdb,3abca9ad-23cc-579c-8c49-f2afb0493b1e,TRANSITIONAL,시행 당시,,,,제1조,408e7dd3e050bb2c41876d97b2b913b73f2a14bb,f436fcd219320b9a2e2544d19baad382633bea80
e4e36b0b-8455-51e3-be5a-7d26438cef9c,3abca9ad-23cc-579c-8c49-f2afb0493b1e,EFFECTIVE_DATE,2024년 1월 1일부터 시행,20240101,,,제1조,853feb7c06c9798bf6a4da52a59212bfd5fec492,f436fcd219320b9a2e2544d19baad382633bea80
26d5cde3-904b-5663-b3c8-6389ee664475,3abca9ad-23cc-579c-8c49-f2afb0493b1e,EFFECTIVE_DATE,이 규칙은 공포한 날부터 시행한다,,,,제1조,853feb7c06c9798bf6a4da52a59212bfd5fec492,f436fcd219320b9a2e2544d19baad382633bea80
e8b16d3f-2b7c-570b-ac66-da4b508a8b06,,EFFECTIVE_DATE,이 규칙은 공포한 날부터 시행한다,,,,,d8be218fd062d19943a1a7bed404beb5e3402267,f436fcd219320b9a2e2544d19baad382633bea80
20fa6926-cf35-5ede-8d7b-95c98584419d,117f6f19-2b29-5975-a3e1-9d08b495378f,EFFECTIVE_DATE,공포 후 6개월이 경과한 날부터 시행,,,,제130조,4122face88d90df9d7c72a10402438f7eef43478,f436fcd219320b9a2e2544d19baad382633bea80
d1ca433e-d486-5171-8e86-a6a1d65b345a,117f6f19-2b29-5975-a3e1-9d08b495378f,EFFECTIVE_DATE,공포 후 1년이 경과한 날부터 시행,,,,제130조,4122face88d90df9d7c72a10402438f7eef43478,f436fcd219320b9a2e2544d19baad382633bea80
27e9f857-b660-5036-9a1c-c7433bf7032d,117f6f19-2b29-5975-a3e1-9d08b495378f,EFFECTIVE_DATE,이 규칙은 공포한 날부터 시행한다,,,,제130조,4122face88d90df9d7c72a10402438f7eef43478,f436fcd219320b9a2e2544d19baad382633bea80
4fb5ec9a-9bdb-5e9e-87d1-4f1d5da57b2a,117f6f19-2b29-5975-a3e1-9d08b495378f,GRACE_PERIOD,공포 후 6개월이 경과한 날부터 시행,,,,제130조,4122face88d90df9d7c72a10402438f7eef43478,f436fcd219320b9a2e2544d19baad382633bea80
f4807a8e-20c3-51f9-ab54-17de7aa713fa,117f6f19-2b29-5975-a3e1-9d08b495378f,GRACE_PERIOD,공포 후 1년이 경과한 날부터 시행,,,,제130조,4122face88d90df9d7c72a10402438f7eef43478,f436fcd219320b9a2e2544d19baad382633bea80
e1e0c1f6-55f6-5422-9069-f06117d64821,117f6f19-2b29-5975-a3e1-9d08b495378f,GRACE_PERIOD,"다만, 제130조의 개정규정은 공포 후 6개월",,,,제130조,4122face88d90df9d7c72a10402438f7eef43478,f436fcd219320b9a2e2544d19baad382633bea80
46d78dea-fa1d-57e1-bd31-e9cd12c7af15,,EFFECTIVE_DATE,이 규칙은 공포한 날부터 시행한다,,,,,83684d0a0662da670786378a240e3d5e74b72661,f436fcd219320b9a2e2544d19baad382633bea80
c176eadb-1187-5287-a263-1944dc2d12f2,73f06820-8d85-5e9b-a22c-6ee007c556d3,EFFECTIVE_DATE,공포 후 6개월이 경과한 날부터 시행,,,,제241조,296f62db2b0871d9934d92cfa6171368e4e77880,f436fcd219320b9a2e2544d19baad382633bea80
299b2a3c-b03a-57bb-99e0-7a9dfe1df8b8,73f06820-8d85-5e9b-a22c-6ee007c556d3,EFFECTIVE_DATE,이 규칙은 공포한 날부터 시행한다,,,,제241조,296f62db2b0871d9934d92cfa6171368e4e77880,f436fcd219320b9a2e2544d19baad382633bea80
dbc814fa-aa15-5b4c-b230-72494e2b5a44,73f06820-8d85-5e9b-a22c-6ee007c556d3,GRACE_PERIOD,공포 후 6개월이 경과한 날부터 시행,,,,제241조,296f62db2b0871d9934d92cfa6171368e4e77880,f436fcd219320b9a2e2544d19baad382633bea80
eace46ea-9926-51f2-8db0-cbe1df976b06,73f06820-8d85-5e9b-a22c-6ee007c556d3,GRACE_PERIOD,"다만, 제241조제2항제4호 후단의 개정규정은 공포 후 6개월",,,,제241조,296f62db2b0871d9934d92cfa6171368e4e77880,f436fcd219320b9a2e2544d19baad382633bea80
c5573e26-9b16-53a9-b726-a016facc3639,3abca9ad-23cc-579c-8c49-f2afb0493b1e,EFFECTIVE_DATE,이 규칙은 공포한 날부터 시행한다,,,,제1조,e519d349d1ba6120d85615ae50daf0816ed14e96,f436fcd219320b9a2e2544d19baad382633bea80
2a1fa792-fa6d-5f16-8541-9836870d6542,3abca9ad-23cc-579c-8c49-f2afb0493b1e,EFFECTIVE_DATE,이 규칙은 공포한 날부터 시행한다,,,,제1조,eaecb7ce6280ff8a3679efd0a1dedecaf1df90d6,f436fcd219320b9a2e2544d19baad382633bea80
