from_law_node_id,to_law_node_id,base_law_id,related_law_id,rel_code,rel_label,rel
"6829c042a13cbb8b01ddcbda35f6fd683c0f77c1","843d76b6b9c38936d2ce1a1ce08009ee49a7ab86","003786","001766","140505","5유형(상위법)","LAW_REL"
"6829c042a13cbb8b01ddcbda35f6fd683c0f77c1","f436fcd219320b9a2e2544d19baad382633bea80","003786","007363","140506","6유형(하위법)","LAW_REL"
"6829c042a13cbb8b01ddcbda35f6fd683c0f77c1","b6fa09bb4f2e711645b25f12207959d1ec27622c","003786","007364","140506","6유형(하위법)","LAW_REL"
"6829c042a13cbb8b01ddcbda35f6fd683c0f77c1","706f8715c1db301630ce23116501a5ca496ef21f","003786","007844","140506","6유형(하위법)","LAW_REL"
"f436fcd219320b9a2e2544d19baad382633bea80","843d76b6b9c38936d2ce1a1ce08009ee49a7ab86","007363","001766","140505","5유형(상위법)","LAW_REL"
"f436fcd219320b9a2e2544d19baad382633bea80","6829c042a13cbb8b01ddcbda35f6fd683c0f77c1","007363","003786","140505","5유형(상위법)","LAW_REL"
"b6fa09bb4f2e711645b25f12207959d1ec27622c","843d76b6b9c38936d2ce1a1ce08009ee49a7ab86","007364","001766","140505","5유형(상위법)","LAW_REL"
"b6fa09bb4f2e711645b25f12207959d1ec27622c","6829c042a13cbb8b01ddcbda35f6fd683c0f77c1","007364","003786","140505","5유형(상위법)","LAW_REL"
"104b2fb72ae4df8c22895fe3d3d4ba63abdcf2cd","1ed21550b572094228bbf31cf5c26cc088464029","013993","014159","140506","6유형(하위법)","LAW_REL"
"1ed21550b572094228bbf31cf5c26cc088464029","104b2fb72ae4df8c22895fe3d3d4ba63abdcf2cd","014159","013993","140505","5유형(상위법)","LAW_REL"
