note_id,annex_id,law_version_id,annex_no,section_id,note_text,note_text_clean,note_length
note_1ab6ab743bf6,c85a0d5518f55dd216f73174191369de6d1b47de,b6fa09bb4f2e711645b25f12207959d1ec27622c,4,,"비고
1. 위 표의 적용을 받는 “일용근로자”란 근로계약을 1일 단위로 체결하고 그 날의
근로가 끝나면 근로관계가 종료되어 계속 고용이 보장되지 않는 근로자를 말
한다.
2. 일용근로자가 위 표의 나목 또는 라목에 따른 교육을 받은 날 이후 1주일 동안
같은 사업장에서 같은 업무의 일용근로자로 다시 종사하는 경우에는 이미 받
은 위 표의 나목 또는 라목에 따른 교육을 면제한다.
3. 다음 각 목의 어느 하나에 해당하는 경우는 위 표의 가목부터 라목까지의 규정
에도 불구하고 해당 교육과정별 교육시간의 2분의 1 이상을 그 교육시간으로
한다.
가. 영 별표 1 제1호에 따른 사업
나. 상시근로자 50명 미만의 도매업, 숙박 및 음식점업
4. 삭제 <2025. 5. 30.>
5. 삭제 <2025. 5. 30.>
6. 삭제 <2025. 5. 30.>","비고
1. 위 표의 적용을 받는 “일용근로자”란 근로계약을 1일 단위로 체결하고 그 날의
근로가 끝나면 근로관계가 종료되어 계속 고용이 보장되지 않는 근로자를 말
한다.
2. 일용근로자가 위 표의 나목 또는 라목에 따른 교육을 받은 날 이후 1주일 동안
같은 사업장에서 같은 업무의 일용근로자로 다시 종사하는 경우에는 이미 받
은 위 표의 나목 또는 라목에 따른 교육을 면제한다.
3. 다음 각 목의 어느 하나에 해당하는 경우는 위 표의 가목부터 라목까지의 규정
에도 불구하고 해당 교육과정별 교육시간의 2분의 1 이상을 그 교육시간으로
한다.
가. 영 별표 1 제1호에 따른 사업
나. 상시근로자 50명 미만의 도매업, 숙박 및 음식점업
4. 삭제 <2025. 5. 30.>
5. 삭제 <2025. 5. 30.>
6. 삭제 <2025. 5. 30.>",420
note_df1fa48116bc,c85a0d5518f55dd216f73174191369de6d1b47de,b6fa09bb4f2e711645b25f12207959d1ec27622c,4,,"비고: 사업주가 제1호의 비고 제3호 각 목의 어느 하나에 해당하는 경우에는 위 표의
가목부터 라목까지의 규정에도 불구하고 해당 교육과정별 교육시간의 2분의 1 이상
을 그 교육시간으로 한다.","비고: 사업주가 제1호의 비고 제3호 각 목의 어느 하나에 해당하는 경우에는 위 표의
가목부터 라목까지의 규정에도 불구하고 해당 교육과정별 교육시간의 2분의 1 이상
을 그 교육시간으로 한다.",107
note_e40b650a22d7,c85a0d5518f55dd216f73174191369de6d1b47de,b6fa09bb4f2e711645b25f12207959d1ec27622c,4,,"비고: 영 제67조제13호라목에 해당하는 사람이 「화학물질관리법」 제33조제1항에 따
른 유해화학물질 안전교육을 받은 경우에는 그 시간만큼 가목에 따른 최초 노무제공
시 교육을 실시하지 않을 수 있다.","비고: 영 제67조제13호라목에 해당하는 사람이 「화학물질관리법」 제33조제1항에 따
른 유해화학물질 안전교육을 받은 경우에는 그 시간만큼 가목에 따른 최초 노무제공
시 교육을 실시하지 않을 수 있다.",112
note_8d858144e455,741b4ba93ac2ab9149cbb7308da3b2b9a20d700b,b6fa09bb4f2e711645b25f12207959d1ec27622c,6,,"※ 비고: 아래 표의 각각의 안전·보건표지(28종)는 다음과 같이「산업표준화법」에
따른 한국산업표준(KS S ISO 7010)의 안전표지로 대체할 수 있다.
┌────────┬────────┐  ┌───────┬──────┐
│안전·보건 표지 │한국산업표준    │  │안전·보건표지│한국산업표준│
├────────┼────────┤  ├───────┼──────┤
│102             │P004            │  │302           │M017        │
├────────┼────────┤  ├───────┼──────┤
│103             │P006            │  │303           │M016        │
├────────┼────────┤  ├───────┼──────┤
│106             │P002            │  │304           │M019        │
├────────┼────────┤  ├───────┼──────┤
│107             │P003            │  │305           │M014        │
├────────┼────────┤  ├───────┼──────┤
│206             │W003, W005, W027│  │306           │M003        │
├────────┼────────┤  ├───────┼──────┤
│207             │W012            │  │307           │M008        │
├────────┼────────┤  ├───────┼──────┤
│208             │W015            │  │308           │M009        │
├────────┼────────┤  ├───────┼──────┤
│209             │W035            │  │309           │M010        │
├────────┼────────┤  ├───────┼──────┤
│210             │W017            │  │402           │E003        │
├────────┼────────┤  ├───────┼──────┤
│211             │W010            │  │403           │E013        │
├────────┼────────┤  ├───────┼──────┤
│212             │W011            │  │404           │E011        │
├────────┼────────┤  ├───────┼──────┤
│213             │W004            │  │406           │E001, E002  │
├────────┼────────┤  ├───────┼──────┤
│215             │W001            │  │407           │E001        │
├────────┼────────┤  ├───────┼──────┤
│301             │M004            │  │408           │E002        │
└────────┴────────┘  └───────┴──────┘","비고: 아래 표의 각각의 안전·보건표지(28종)는 다음과 같이「산업표준화법」에
따른 한국산업표준(KS S ISO 7010)의 안전표지로 대체할 수 있다.
 
 안전·보건 표지 한국산업표준 안전·보건표지 한국산업표준 
 
 102 P004 302 M017 
 
 103 P006 303 M016 
 
 106 P002 304 M019 
 
 107 P003 305 M014 
 
 206 W003, W005, W027 306 M003 
 
 207 W012 307 M008 
 
 208 W015 308 M009 
 
 209 W035 309 M010 
 
 210 W017 402 E003 
 
 211 W010 403 E013 
 
 212 W011 404 E011 
 
 213 W004 406 E001, E002 
 
 215 W001 407 E001 
 
 301 M004 408 E002",1674
note_5fcf52a82d46,a88e352b9611c01b84ee67d43698eb257dcafc98,b6fa09bb4f2e711645b25f12207959d1ec27622c,10,sec_5fcf52a82d46,"비고: 작업 공사 종류란의 공사에서 이루어지는 작업으로서 주요 작성대상란에 포함
되지 않은 작업에 대해서도 유해위험방지계획서를 작성하고, 첨부서류란의 해
당 서류를 첨부해야 한다.","비고: 작업 공사 종류란의 공사에서 이루어지는 작업으로서 주요 작성대상란에 포함
되지 않은 작업에 대해서도 유해위험방지계획서를 작성하고, 첨부서류란의 해
당 서류를 첨부해야 한다.",100
note_e9f2f3ad292e,0e48b19641001a288db5493bb511af2ba4dee5e2,b6fa09bb4f2e711645b25f12207959d1ec27622c,12,,"※ 비고: 세부 평가항목별로 평가 내용을 작성하고, 최종 의견(‘적정’, ‘조건부 적정’,
‘부적정’ 등)을 첨부해야 한다.","비고: 세부 평가항목별로 평가 내용을 작성하고, 최종 의견(‘적정’, ‘조건부 적정’,
‘부적정’ 등)을 첨부해야 한다.",69
note_b192c8ee6d70,ed9179023c722a9199a3e44f8958eac311ac13a8,b6fa09bb4f2e711645b25f12207959d1ec27622c,17,,"※ 비고
가. 인력 중 가목의 산업보건지도사ㆍ산업위생관리기술사는 산업위생 전공 박사학위
소지자 또는 산업위생관리기사 자격을 취득한 후 그 전문기술 분야에서 5년 이상
실무경력이 있는 사람으로 대체할 수 있으며, 대기관리기술사는 화학장치설비기술
사ㆍ화학공장설계기술사ㆍ유체기계기술사ㆍ공조냉동기계기술사 또는 환경공학 전
공 박사학위 소지자로 대체하거나 대기환경기사 자격을 취득한 후 그 전문기술 분
야에서 5년 이상 실무경력이 있는 사람으로 대체할 수 있다.
나. 인력 중 나목의 인력은 가목의 대기관리기술사 자격을 보유한 경우에는 산업위생
관리기사 자격을 보유해야 한다.
다. 기사는 해당 분야 산업기사의 자격을 취득한 후 해당 분야에 4년 이상 종사한 사
람으로 대체할 수 있다.","비고
가. 인력 중 가목의 산업보건지도사ㆍ산업위생관리기술사는 산업위생 전공 박사학위
소지자 또는 산업위생관리기사 자격을 취득한 후 그 전문기술 분야에서 5년 이상
실무경력이 있는 사람으로 대체할 수 있으며, 대기관리기술사는 화학장치설비기술
사ㆍ화학공장설계기술사ㆍ유체기계기술사ㆍ공조냉동기계기술사 또는 환경공학 전
공 박사학위 소지자로 대체하거나 대기환경기사 자격을 취득한 후 그 전문기술 분
야에서 5년 이상 실무경력이 있는 사람으로 대체할 수 있다.
나. 인력 중 나목의 인력은 가목의 대기관리기술사 자격을 보유한 경우에는 산업위생
관리기사 자격을 보유해야 한다.
다. 기사는 해당 분야 산업기사의 자격을 취득한 후 해당 분야에 4년 이상 종사한 사
람으로 대체할 수 있다.",379
note_3e6b03e5bd7d,ed9179023c722a9199a3e44f8958eac311ac13a8,b6fa09bb4f2e711645b25f12207959d1ec27622c,17,,"※ 비고
가. 인력 중 가목의 산업보건지도사ㆍ산업위생관리기술사는 산업위생전공 박사학위
소지자 또는 산업위생관리기사 자격을 취득한 후 그 전문기술 분야에서 5년 이상
실무경력이 있는 사람으로 대체할 수 있으며, 소음진동기술사는 기계제작기술사,
전자응용기술사, 환경공학 전공 박사학위 소지자 또는 소음진동기사 자격을 취득
한 후 그 전문기술 분야에서 5년 이상 실무경력이 있는 사람으로 대체할 수 있다.
나. 인력 중 나목의 인력은 가목에서 소음진동기술사 자격을 보유한 경우에는 산업위
생관리기사 자격을 보유해야 한다.
다. 기사는 해당 분야 산업기사의 자격을 취득한 후 해당 분야에 4년 이상 종사한 사
람으로 대체할 수 있다.
라. 국소배기장치 및 전체환기장치 시설업체와 소음ㆍ진동방지장치 시설업체를 같이
경영하는 경우에는 공통되는 기술인력ㆍ시설 및 장비를 중복하여 갖추지 않을 수
있다.","비고
가. 인력 중 가목의 산업보건지도사ㆍ산업위생관리기술사는 산업위생전공 박사학위
소지자 또는 산업위생관리기사 자격을 취득한 후 그 전문기술 분야에서 5년 이상
실무경력이 있는 사람으로 대체할 수 있으며, 소음진동기술사는 기계제작기술사,
전자응용기술사, 환경공학 전공 박사학위 소지자 또는 소음진동기사 자격을 취득
한 후 그 전문기술 분야에서 5년 이상 실무경력이 있는 사람으로 대체할 수 있다.
나. 인력 중 나목의 인력은 가목에서 소음진동기술사 자격을 보유한 경우에는 산업위
생관리기사 자격을 보유해야 한다.
다. 기사는 해당 분야 산업기사의 자격을 취득한 후 해당 분야에 4년 이상 종사한 사
람으로 대체할 수 있다.
라. 국소배기장치 및 전체환기장치 시설업체와 소음ㆍ진동방지장치 시설업체를 같이
경영하는 경우에는 공통되는 기술인력ㆍ시설 및 장비를 중복하여 갖추지 않을 수
있다.",441
note_3ede30247337,de06aaf81906329bc56c6e0a21aa88dff921e603,b6fa09bb4f2e711645b25f12207959d1ec27622c,18,sec_94910d95b3dd,"※ 비고
제1호에 따른 화학물질의 분류기준 중 가목에 따른 물리적 위험성 분류기준별 세부 구
분기준과 나목에 따른 건강 및 환경 유해성 분류기준의 단일물질 분류기준별 세부 구
분기준 및 혼합물질의 분류기준은 고용노동부장관이 정하여 고시한다.","비고
제1호에 따른 화학물질의 분류기준 중 가목에 따른 물리적 위험성 분류기준별 세부 구
분기준과 나목에 따른 건강 및 환경 유해성 분류기준의 단일물질 분류기준별 세부 구
분기준 및 혼합물질의 분류기준은 고용노동부장관이 정하여 고시한다.",134
note_ea6f37aca88c,684559ad16d657805b381d18b1131f3ab86ba1d6,b6fa09bb4f2e711645b25f12207959d1ec27622c,19,,"※비고
1. ""시간가중평균값(TWA, Time-Weighted Average)""이란 1일 8시간 작업을 기준으
로 한 평균노출농도로서 산출공식은 다음과 같다.","비고
1. ""시간가중평균값(TWA, Time-Weighted Average)""이란 1일 8시간 작업을 기준으
로 한 평균노출농도로서 산출공식은 다음과 같다.",88
note_2719d5bc9b6f,684559ad16d657805b381d18b1131f3ab86ba1d6,b6fa09bb4f2e711645b25f12207959d1ec27622c,19,,"주) C: 유해인자의 측정농도(단위: ppm, mg/㎥ 또는 개/㎤)
T: 유해인자의 발생시간(단위: 시간)
2. ""단시간 노출값(STEL, Short-Term Exposure Limit)""이란 15분 간의 시간가중평
균값으로서 노출 농도가 시간가중평균값을 초과하고 단시간 노출값 이하인 경우에
는 ① 1회 노출 지속시간이 15분 미만이어야 하고, ② 이러한 상태가 1일 4회 이하
로 발생해야 하며, ③ 각 회의 간격은 60분 이상이어야 한다.
3. ""등""이란 해당 화학물질에 이성질체 등 동일 속성을 가지는 2개 이상의 화합물이
존재할 수 있는 경우를 말한다.","주) C: 유해인자의 측정농도(단위: ppm, mg/㎥ 또는 개/㎤)
T: 유해인자의 발생시간(단위: 시간)
2. ""단시간 노출값(STEL, Short-Term Exposure Limit)""이란 15분 간의 시간가중평
균값으로서 노출 농도가 시간가중평균값을 초과하고 단시간 노출값 이하인 경우에
는 ① 1회 노출 지속시간이 15분 미만이어야 하고, ② 이러한 상태가 1일 4회 이하
로 발생해야 하며, ③ 각 회의 간격은 60분 이상이어야 한다.
3. ""등""이란 해당 화학물질에 이성질체 등 동일 속성을 가지는 2개 이상의 화합물이
존재할 수 있는 경우를 말한다.",315
note_ccdeacd6103f,6d088963dcf436633e5011a813d387de565951f8,b6fa09bb4f2e711645b25f12207959d1ec27622c,20,sec_f280118754db,"비고: 제1호부터 제9호까지의 규정에 따른 첨부서류 작성방법 및 제출생략 조건 등
에 관한 세부사항은 고용노동부장관이 정하여 고시한다.","비고: 제1호부터 제9호까지의 규정에 따른 첨부서류 작성방법 및 제출생략 조건 등
에 관한 세부사항은 고용노동부장관이 정하여 고시한다.",75
note_ebaf297df022,78297686456622ab814deeddf79b177e93ae72a4,b6fa09bb4f2e711645b25f12207959d1ec27622c,21,sec_aa810891b820,"※ 비고: ""등""이란 해당 화학물질에 이성질체 등 동일 속성을 가지는 2개 이상의 화
합물이 존재할 수 있는 경우를 말한다.","비고: ""등""이란 해당 화학물질에 이성질체 등 동일 속성을 가지는 2개 이상의 화
합물이 존재할 수 있는 경우를 말한다.",69
note_8e8706147494,ann_79bb28bb288b,b6fa09bb4f2e711645b25f12207959d1ec27622c,21,sec_d5274ff8621d,"※ 비고
다음 각 목에 해당하는 경우에는 다음 각 목의 구분에 따라 제1호부터 제6호
까지의 규정에 따른 휴게시설 설치ㆍ관리기준의 일부를 적용하지 않는다.
가. 사업장 전용면적의 총 합이 300제곱미터 미만인 경우: 제1호 및 제2호의
기준
나. 작업장소가 일정하지 않거나 전기가 공급되지 않는 등 작업특성상 실내에
휴게시설을 갖추기 곤란한 경우로서 그늘막 등 간이 휴게시설을 설치한 경
우: 제3호부터 제6호까지의 규정에 따른 기준
다. 건조 중인 선박 등에 휴게시설을 설치하는 경우: 제4호의 기준","비고
다음 각 목에 해당하는 경우에는 다음 각 목의 구분에 따라 제1호부터 제6호
까지의 규정에 따른 휴게시설 설치ㆍ관리기준의 일부를 적용하지 않는다.
가. 사업장 전용면적의 총 합이 300제곱미터 미만인 경우: 제1호 및 제2호의
기준
나. 작업장소가 일정하지 않거나 전기가 공급되지 않는 등 작업특성상 실내에
휴게시설을 갖추기 곤란한 경우로서 그늘막 등 간이 휴게시설을 설치한 경
우: 제3호부터 제6호까지의 규정에 따른 기준
다. 건조 중인 선박 등에 휴게시설을 설치하는 경우: 제4호의 기준",280
note_cc8ad876eb26,cb995cdb497c0a5f83eaaa935a0eecab7acf2382,b6fa09bb4f2e711645b25f12207959d1ec27622c,22,sec_843fa8912f3c,"※ 비고: ""등""이란 해당 화학물질에 이성질체 등 동일 속성을 가지는 2개 이상의 화합
물이 존재할 수 있는 경우를 말한다.","비고: ""등""이란 해당 화학물질에 이성질체 등 동일 속성을 가지는 2개 이상의 화합
물이 존재할 수 있는 경우를 말한다.",69
note_83c33db30c51,aa4045f94745828fcf1ed26bb91779e9e00e7439,b6fa09bb4f2e711645b25f12207959d1ec27622c,24,,"※ 검사항목 중 ""생물학적 노출지표 검사""는 해당 작업에 처음 배치되는 근로자
에 대해서는 실시하지 않는다.","검사항목 중 ""생물학적 노출지표 검사""는 해당 작업에 처음 배치되는 근로자
에 대해서는 실시하지 않는다.",60
note_26530f3e2013,aa4045f94745828fcf1ed26bb91779e9e00e7439,b6fa09bb4f2e711645b25f12207959d1ec27622c,24,,"※ 검사항목 중 ""생물학적 노출지표 검사""는 해당 작업에 처음 배치되는 근로자
에 대해서는 실시하지 않는다.","검사항목 중 ""생물학적 노출지표 검사""는 해당 작업에 처음 배치되는 근로자
에 대해서는 실시하지 않는다.",60
note_40a2ba2f5991,aa4045f94745828fcf1ed26bb91779e9e00e7439,b6fa09bb4f2e711645b25f12207959d1ec27622c,24,,"※ 검사항목 중 ""생물학적 노출지표 검사""는 해당 작업에 처음 배치되는 근로자
에 대해서는 실시하지 않는다.","검사항목 중 ""생물학적 노출지표 검사""는 해당 작업에 처음 배치되는 근로자
에 대해서는 실시하지 않는다.",60
note_2631b4eeb3f6,aa4045f94745828fcf1ed26bb91779e9e00e7439,b6fa09bb4f2e711645b25f12207959d1ec27622c,24,,"※ 검사항목 중 ""생물학적 노출지표 검사""는 해당 작업에 처음 배치되는 근로자
에 대해서는 실시하지 않는다.","검사항목 중 ""생물학적 노출지표 검사""는 해당 작업에 처음 배치되는 근로자
에 대해서는 실시하지 않는다.",60
note_c02a806a8769,aa4045f94745828fcf1ed26bb91779e9e00e7439,b6fa09bb4f2e711645b25f12207959d1ec27622c,24,,"※ 휘발성 콜타르피치의 검사항목 중 ""생물학적 노출지표 검사""는 해당 작업에
처음 배치되는 근로자에 대해서는 실시하지 않는다.","휘발성 콜타르피치의 검사항목 중 ""생물학적 노출지표 검사""는 해당 작업에
처음 배치되는 근로자에 대해서는 실시하지 않는다.",70
note_3566f1745da6,ann_1e244bb40df0,b6fa09bb4f2e711645b25f12207959d1ec27622c,1,,"※ 제2쪽의 작성 요령을 읽고, 아래의 각 항목을 작성합니다.                                               (제1쪽)
Ⅰ. 도급인 사업장 정보
┏━━━━┯━━━━━┯━━━━━┯━━━━┯━━━━━━━┯━━━━━┯━━━━━━━━━━━━━━━┯━━━━┓
┃① 사업 │② 사업자 │③ 사업장 │사업    │사업장 소재지 │④ 근로자 │ ⑤ 재해 현황                 │⑥ 업종 ┃
┃장명    │등록번호  │관리번호  │개시번호│              │수        ├───┬───┬───┬───┤        ┃
┃        │          │          │        │              │          │사고  │질병  │사고  │질병  │        ┃
┃        │          │          │        │              │          │사망  │사망  │재해  │재해  │        ┃
┃        │          │          │        │              │          │자 수 │자 수 │자 수 │자 수 │        ┃
┃        │          │          │        │              │          │      │      │(사망 │(사망 │        ┃
┃        │          │          │        │              │          │      │      │포함) │포함) │        ┃
┣━━━━┿━━━━━┿━━━━━┿━━━━┿━━━━━━━┿━━━━━┿━━━┿━━━┿━━━┿━━━┿━━━━┫
┃        │          │          │        │              │          │      │      │      │      │        ┃
┗━━━━┷━━━━━┷━━━━━┷━━━━┷━━━━━━━┷━━━━━┷━━━┷━━━┷━━━┷━━━┷━━━━┛
Ⅱ. 수급인 사업장 정보
┏━━━━┯━━━━━┯━━━━━┯━━━━┯━━━━━━━┯━━━━━┯━━━━━━━━━━━━━━━━━━━━┓
┃⑦ 사업 │사업자    │⑧ 사업장 │사업    │사업장 소재지 │⑨ 근로자 │ ⑩ 재해 현황                           ┃
┃장명    │등록번호  │관리번호  │개시번호│              │수        ├────┬───┬───┬───────┨
┃        │          │          │        │              │          │사고    │질병  │사고  │질병          ┃
┃        │          │          │        │              │          │사망    │사망  │재해  │재해          ┃
┃        │          │          │        │              │          │자 수   │자 수 │자 수 │자 수         ┃
┃        │          │          │        │              │          │        │      │(사망 │(사망 포      ┃
┃        │          │          │        │              │          │        │      │포함) │함)           ┃
┣━━━━┿━━━━━┿━━━━━┿━━━━┿━━━━━━━┿━━━━━┿━━━━┿━━━┿━━━┿━━━━━━━┫
┃        │          │          │        │              │          │        │      │      │              ┃
┠────┼─────┼─────┼────┼───────┼─────┼────┼───┼───┼───────┨
┃        │          │          │        │              │          │        │      │      │              ┃
┠────┼─────┼─────┼────┼───────┼─────┼────┼───┼───┼───────┨
┃        │          │          │        │              │          │        │      │      │              ┃
┠────┼─────┼─────┼────┼───────┼─────┼────┼───┼───┼───────┨
┃        │          │          │        │              │          │        │      │      │              ┃
┠────┼─────┼─────┼────┼───────┼─────┼────┼───┼───┼───────┨
┃        │          │          │        │              │          │        │      │      │              ┃
┠────┼─────┼─────┼────┼───────┼─────┼────┼───┼───┼───────┨
┃        │          │          │        │              │          │        │      │      │              ┃
┠────┼─────┼─────┼────┼───────┼─────┼────┼───┼───┼───────┨
┃        │          │          │        │              │          │        │      │      │              ┃
┠────┼─────┼─────┼────┼───────┼─────┼────┼───┼───┼───────┨
┃        │          │          │        │              │          │        │      │      │              ┃
┠────┼─────┼─────┼────┼───────┼─────┼────┼───┼───┼───────┨
┃        │          │          │        │              │          │        │      │      │              ┃
┠────┼─────┼─────┼────┼───────┼─────┼────┼───┼───┼───────┨
┃        │          │          │        │              │          │        │      │      │              ┃
┣━━━━┿━━━━━┷━━━━━┷━━━━┷━━━━━━━┿━━━━━┿━━━━┿━━━┿━━━┿━━━━━━━┫
┃⑪합계  │총 (      ) 개소                                │명        │명      │명    │명    │명            ┃
┗━━━━┷━━━━━━━━━━━━━━━━━━━━━━━━┷━━━━━┷━━━━┷━━━┷━━━┷━━━━━━━┛","제2쪽의 작성 요령을 읽고, 아래의 각 항목을 작성합니다. (제1쪽)
Ⅰ. 도급인 사업장 정보
 
 ① 사업 ② 사업자 ③ 사업장 사업 사업장 소재지 ④ 근로자 ⑤ 재해 현황 ⑥ 업종 
 장명 등록번호 관리번호 개시번호 수 
 사고 질병 사고 질병 
 사망 사망 재해 재해 
 자 수 자 수 자 수 자 수 
 (사망 (사망 
 포함) 포함) 

Ⅱ. 수급인 사업장 정보
 
 ⑦ 사업 사업자 ⑧ 사업장 사업 사업장 소재지 ⑨ 근로자 ⑩ 재해 현황 
 장명 등록번호 관리번호 개시번호 수 
 사고 질병 사고 질병 
 사망 사망 재해 재해 
 자 수 자 수 자 수 자 수 
 (사망 (사망 포 
 포함) 함) 

 ⑪합계 총 ( ) 개소 명 명 명 명 명",3623
note_cae2fc11d8ed,ann_1e244bb40df0,b6fa09bb4f2e711645b25f12207959d1ec27622c,1,,"작성방법
────────────────────────────────────────────────────────────────
Ⅰ. 도급인 사업장 정보
① 사업장명: 도급인 사업장명을 적습니다.
② 사업자 등록번호: 국세청에 등록된 도급인 사업장 사업자 등록번호를 적습니다.
③ 사업장 관리번호(사업개시번호): 근로복지공단의 산업재해보상보험 가입 시 부여된 도급인 사업장 관리번호
(사업개시번호)를 적습니다.
④ 근로자 수: 근로복지공단에 신고된 해당 연도의 도급인 사업장의 산재보험 근로자 수를 적습니다.
⑤ 재해현황: 해당 연도에 도급인 사업장에서 발생한 도급인 사업장 소속 근로자의 산업재해*를 사고사망자 수,
질병사망자 수, 사고재해자 수(사망포함), 질병재해자 수(사망포함)로 각각 구분하여 인원수를 적습니다.
* ‘산업재해’란 「산업안전보건법」 제2조제1호의 ‘산업재해’ 중 사망재해와 3일 이상 휴업재해에 해당되는 재해를 말합
니다.
ㅇ 사고사망자 수: 업무상 사고로 인해 발생한 사망자 수를 적습니다.
* 사고사망자 수에는 사업장 밖의 교통사고(운수업, 음식숙박업의 교통사고 사망자는 포함)ㆍ체육행사ㆍ폭
력행위에 의한 사망, 통근 중 사망, 사고발생일로부터 1년을 경과하여 사망한 경우는 제외
ㅇ 질병사망자 수: 업무상 질병으로 인해 발생한 사망자 수를 적습니다.
ㅇ 사고재해자 수(사망 포함): 업무상 사고로 인해 발생한 재해자 수(사고사망자 수 포함)를 적습니다.
* 사고재해자 수(사망 포함)는 위 제외되는 사고사망자 수를 포함한 모든 사고사망자 수를 의미
ㅇ 질병재해자 수(사망 포함): 업무상 질병으로 인해 발생한 재해자 수(질병사망자 수 포함)를 적습니다.
⑥ 업종: 통계청(www.kostat.go.kr)의 한국표준산업분류표 상의 세세분류(5자리) 업종명을 적습니다. 다만, 한국표준산업
분류 세세분류 업종명을 알 수 없는 경우 근로복지공단 산재보험요율표 상의 소분류(5자리) 업종명을 적습니다.
Ⅱ. 수급 사업장 정보
⑦ 사업장명: 해당 연도에 도급인의 사업장과 같은 장소에서 작업한 모든 수급인(하수급인 포함)의 사업장명을 적습니다.
⑧ 사업장 관리번호(사업개시번호): 근로복지공단의 산업재해보상보험 가입 시 부여된 수급인 사업장 관리번호
(사업개시번호)를 적습니다.
* 수급인 사업장에서 산재보험 가입을 하나로 한 경우에는 그 사업장 관리번호를 적고, 해당 도급인 사업장별로 산재보험 가입한
경우이거나 사업개시신고를 한 경우에는 해당 도급인 사업장에 해당되는 사업장 관리번호(사업개시번호)를 적습니다.
⑨ 근로자 수*
* 통합 산정 대상이 되는 수급인 근로자는 도급인의 근로자와 같은 장소에서 작업하는 수급인 근로자를 말합니다.
ㅇ 해당 도급인 사업장과 연 단위로 1:1 계약한 경우: 해당연도(1~12월) 전 기간에 걸쳐 도급인의 사업장 내에서
작업하는 수급인 사업장은 12월말 기준으로 근로복지공단에 신고한 산재보험 근로자 수를 적습니다.
ㅇ 하나의 수급인 사업장이 여러 개의 도급인 사업장과 계약한 경우: 해당 도급인 사업장에서 작업한 모든
수급인 사업장의 근로자 수를 아래의 산식에 따라 계산하여 적습니다.
[산식] (근로자 수×근로일수) + (근로자 수×근로일수) + ㆍㆍㆍㆍㆍㆍㆍㆍㆍ+ (근로자 수×근로일수) / 365일
(작성 예) 10일은 10명, 20일은 20명, 5일은 30명이 작업을 한 경우
(10 × 10) + (20 × 20) + (5 × 30) = 650(일ㆍ명) / 365(일) = 2명(소수점 첫째자리에서 반올림)
* 위의 근로일수는 작업시간과 상관없이 일(日) 기준으로 작성합니다. 즉, 10시간을 작업한 경우도 1일로
계산하고, 1시간을 작업한 경우도 1일로 계산합니다.
⑩ 재해현황
ㅇ 해당 연도에 해당 도급인 사업장에서 발생한 수급인 소속 근로자의 모든 산업재해*를 사고사망자 수, 질병사
망자 수, 사고재해자 수(사고사망자 수 포함), 질병재해자 수(질병사망자 수 포함)로 각각 구분하여 인원수를 적
습니다.
* ‘재해현황’ 세부기준은 위의 도급인 사업장 ‘재해현황’ 참고
⑪ 합계: 총 수급업체 수, 도급인 사업장 내에서 작업을 수행한 수급인 근로자 및 사망자ㆍ재해자 등의 합계를 각각 적습니다.
Ⅲ. 도급인ㆍ수급인 통합 산업재해발생건수등의 정보
⑫ 도급인ㆍ수급인 통합 근로자 수: ④(도급인 근로자 수)+⑪(수급인 근로자 수 합계)
⑬ 도급인ㆍ수급인 통합 사고사망자 수: ⑤(도급인 사고사망자 수)+⑪(수급인 사고사망자 수 합계)
⑭ 도급인ㆍ수급인 통합 재해자 수: ⑤(도급인 사고재해자 수+질병재해자 수)+⑪(수급인 사고재해자 수 합계+질병재해자 수
합계)
⑮ 도급인ㆍ수급인 통합 사고사망만인율(?): ⑬(도급인ㆍ수급인 통합 사고사망자 수)/⑫(도급인ㆍ수급인 통합 근로자 수) ×
10,000
? 도급인ㆍ수급인 통합 산업재해율(%): ⑭(도급인ㆍ수급인 통합 재해자 수)/⑫(도급인ㆍ수급인 통합 근로자 수) ×
100
────────────────────────────────────────────────────────────────","작성방법
 
Ⅰ. 도급인 사업장 정보
① 사업장명: 도급인 사업장명을 적습니다.
② 사업자 등록번호: 국세청에 등록된 도급인 사업장 사업자 등록번호를 적습니다.
③ 사업장 관리번호(사업개시번호): 근로복지공단의 산업재해보상보험 가입 시 부여된 도급인 사업장 관리번호
(사업개시번호)를 적습니다.
④ 근로자 수: 근로복지공단에 신고된 해당 연도의 도급인 사업장의 산재보험 근로자 수를 적습니다.
⑤ 재해현황: 해당 연도에 도급인 사업장에서 발생한 도급인 사업장 소속 근로자의 산업재해*를 사고사망자 수,
질병사망자 수, 사고재해자 수(사망포함), 질병재해자 수(사망포함)로 각각 구분하여 인원수를 적습니다.
* ‘산업재해’란 「산업안전보건법」 제2조제1호의 ‘산업재해’ 중 사망재해와 3일 이상 휴업재해에 해당되는 재해를 말합
니다.
ㅇ 사고사망자 수: 업무상 사고로 인해 발생한 사망자 수를 적습니다.
* 사고사망자 수에는 사업장 밖의 교통사고(운수업, 음식숙박업의 교통사고 사망자는 포함)ㆍ체육행사ㆍ폭
력행위에 의한 사망, 통근 중 사망, 사고발생일로부터 1년을 경과하여 사망한 경우는 제외
ㅇ 질병사망자 수: 업무상 질병으로 인해 발생한 사망자 수를 적습니다.
ㅇ 사고재해자 수(사망 포함): 업무상 사고로 인해 발생한 재해자 수(사고사망자 수 포함)를 적습니다.
* 사고재해자 수(사망 포함)는 위 제외되는 사고사망자 수를 포함한 모든 사고사망자 수를 의미
ㅇ 질병재해자 수(사망 포함): 업무상 질병으로 인해 발생한 재해자 수(질병사망자 수 포함)를 적습니다.
⑥ 업종: 통계청(www.kostat.go.kr)의 한국표준산업분류표 상의 세세분류(5자리) 업종명을 적습니다. 다만, 한국표준산업
분류 세세분류 업종명을 알 수 없는 경우 근로복지공단 산재보험요율표 상의 소분류(5자리) 업종명을 적습니다.
Ⅱ. 수급 사업장 정보
⑦ 사업장명: 해당 연도에 도급인의 사업장과 같은 장소에서 작업한 모든 수급인(하수급인 포함)의 사업장명을 적습니다.
⑧ 사업장 관리번호(사업개시번호): 근로복지공단의 산업재해보상보험 가입 시 부여된 수급인 사업장 관리번호
(사업개시번호)를 적습니다.
* 수급인 사업장에서 산재보험 가입을 하나로 한 경우에는 그 사업장 관리번호를 적고, 해당 도급인 사업장별로 산재보험 가입한
경우이거나 사업개시신고를 한 경우에는 해당 도급인 사업장에 해당되는 사업장 관리번호(사업개시번호)를 적습니다.
⑨ 근로자 수*
* 통합 산정 대상이 되는 수급인 근로자는 도급인의 근로자와 같은 장소에서 작업하는 수급인 근로자를 말합니다.
ㅇ 해당 도급인 사업장과 연 단위로 1:1 계약한 경우: 해당연도(1~12월) 전 기간에 걸쳐 도급인의 사업장 내에서
작업하는 수급인 사업장은 12월말 기준으로 근로복지공단에 신고한 산재보험 근로자 수를 적습니다.
ㅇ 하나의 수급인 사업장이 여러 개의 도급인 사업장과 계약한 경우: 해당 도급인 사업장에서 작업한 모든
수급인 사업장의 근로자 수를 아래의 산식에 따라 계산하여 적습니다.
[산식] (근로자 수×근로일수) + (근로자 수×근로일수) + ㆍㆍㆍㆍㆍㆍㆍㆍㆍ+ (근로자 수×근로일수) / 365일
(작성 예) 10일은 10명, 20일은 20명, 5일은 30명이 작업을 한 경우
(10 × 10) + (20 × 20) + (5 × 30) = 650(일ㆍ명) / 365(일) = 2명(소수점 첫째자리에서 반올림)
* 위의 근로일수는 작업시간과 상관없이 일(日) 기준으로 작성합니다. 즉, 10시간을 작업한 경우도 1일로
계산하고, 1시간을 작업한 경우도 1일로 계산합니다.
⑩ 재해현황
ㅇ 해당 연도에 해당 도급인 사업장에서 발생한 수급인 소속 근로자의 모든 산업재해*를 사고사망자 수, 질병사
망자 수, 사고재해자 수(사고사망자 수 포함), 질병재해자 수(질병사망자 수 포함)로 각각 구분하여 인원수를 적
습니다.
* ‘재해현황’ 세부기준은 위의 도급인 사업장 ‘재해현황’ 참고
⑪ 합계: 총 수급업체 수, 도급인 사업장 내에서 작업을 수행한 수급인 근로자 및 사망자ㆍ재해자 등의 합계를 각각 적습니다.
Ⅲ. 도급인ㆍ수급인 통합 산업재해발생건수등의 정보
⑫ 도급인ㆍ수급인 통합 근로자 수: ④(도급인 근로자 수)+⑪(수급인 근로자 수 합계)
⑬ 도급인ㆍ수급인 통합 사고사망자 수: ⑤(도급인 사고사망자 수)+⑪(수급인 사고사망자 수 합계)
⑭ 도급인ㆍ수급인 통합 재해자 수: ⑤(도급인 사고재해자 수+질병재해자 수)+⑪(수급인 사고재해자 수 합계+질병재해자 수
합계)
⑮ 도급인ㆍ수급인 통합 사고사망만인율(?): ⑬(도급인ㆍ수급인 통합 사고사망자 수)/⑫(도급인ㆍ수급인 통합 근로자 수) ×
10,000
? 도급인ㆍ수급인 통합 산업재해율(%): ⑭(도급인ㆍ수급인 통합 재해자 수)/⑫(도급인ㆍ수급인 통합 근로자 수) ×
100",2467
note_3b881c10dbe8,ann_1732d9fde3c0,b6fa09bb4f2e711645b25f12207959d1ec27622c,2,,"작성방법 및 공지사항
─────────────────────────────────────────────────────────────────────
1. 안전관리자(안전관리전문기관) 및 보건관리자(보건관리전문기관)를 선임(업무를 위탁)한 경우 또는 산업보건의를 선임ㆍ위촉한 경우에 해당
사항을 작성하시기 바랍니다.
2. 이 건의 민원처리 결과에 대한 만족도 조사 및 관련 제도 개선에 필요한 의견조사를 위해 귀하의 연락처로 전화조사를 실시할 수 있습니다.
─────────────────────────────────────────────────────────────────────
210mm×297mm[백상지(80g/㎡) 또는 중질지(80g/㎡)]","작성방법 및 공지사항
 
1. 안전관리자(안전관리전문기관) 및 보건관리자(보건관리전문기관)를 선임(업무를 위탁)한 경우 또는 산업보건의를 선임ㆍ위촉한 경우에 해당
사항을 작성하시기 바랍니다.
2. 이 건의 민원처리 결과에 대한 만족도 조사 및 관련 제도 개선에 필요한 의견조사를 위해 귀하의 연락처로 전화조사를 실시할 수 있습니다.
 
210mm×297mm[백상지(80g/㎡) 또는 중질지(80g/㎡)]",361
note_b1219031fee9,ann_e9b8891196e3,b6fa09bb4f2e711645b25f12207959d1ec27622c,3,,"※ 아래의 안전관리자, 보건관리자, 산업보건의가 2명 이상인 경우에는 별지에 추가로 적습니다.
━━━━━━━┯━━━━━━━━━━━━━━━━━━━━━━━━━━━━━━━┯━━━━━━━━━━━━━━━━━━━━━━━━━━━━━
안전관리자  │성명                생년월일                                  │기관명
├───────────────────────────────┼─────────────────────────────
│전자우편주소                                                  │전화번호
├───────────────────────────────┴─────────────────────────────
│자격/면허번호
├────────┬──────────────────────┬─────────────────────────────
│경력            │기관명                                      │
│                ├──────────────────────┼─────────────────────────────
│                │기간                                        │
├────────┼──────────────────────┼─────────────────────────────
│학력            │학교                                        │
│                ├──────────────────────┼─────────────────────────────
│                │학과                                        │
├────────┴──────────────────────┴─────────────────────────────
│선임 등 연ㆍ월ㆍ일                                                                    (전담 [  ] 겸임 [  ])
━━━━━━━┷━━━━━━━━━━━━━━━━━━━━━━━━━━━━━━━━━━━━━━━━━━━━━━━━━━━━━━━━━━━━━","아래의 안전관리자, 보건관리자, 산업보건의가 2명 이상인 경우에는 별지에 추가로 적습니다.
 
안전관리자 성명 생년월일 기관명
 
 전자우편주소 전화번호
 
 자격/면허번호
 
 경력 기관명 
 
 기간 
 
 학력 학교 
 
 학과 
 
 선임 등 연ㆍ월ㆍ일 (전담 [ ] 겸임 [ ])",1130
note_693da2d12c65,ann_e9b8891196e3,b6fa09bb4f2e711645b25f12207959d1ec27622c,3,,"작성방법 및 공지사항
─────────────────────────────────────────────────────────────────────
1. 안전관리자(안전관리전문기관) 및 보건관리자(보건관리전문기관)를 선임(업무를 위탁)한 경우 또는 산업보건의를 선임ㆍ위촉한 경우에 해당
사항을 작성하시기 바랍니다.
2. 이 건의 민원처리 결과에 대한 만족도 조사 및 관련 제도 개선에 필요한 의견조사를 위해 귀하의 연락처로 전화조사를 실시할 수 있습니다.
─────────────────────────────────────────────────────────────────────
210mm×297mm[백상지(80g/㎡) 또는 중질지(80g/㎡)]","작성방법 및 공지사항
 
1. 안전관리자(안전관리전문기관) 및 보건관리자(보건관리전문기관)를 선임(업무를 위탁)한 경우 또는 산업보건의를 선임ㆍ위촉한 경우에 해당
사항을 작성하시기 바랍니다.
2. 이 건의 민원처리 결과에 대한 만족도 조사 및 관련 제도 개선에 필요한 의견조사를 위해 귀하의 연락처로 전화조사를 실시할 수 있습니다.
 
210mm×297mm[백상지(80g/㎡) 또는 중질지(80g/㎡)]",361
note_7a5fa57bada0,ann_3bf56f69b00a,b6fa09bb4f2e711645b25f12207959d1ec27622c,3,,"작성방법 및 공지사항
─────────────────────────────────────────────────────────────────────
1. 안전관리자(안전관리전문기관) 및 보건관리자(보건관리전문기관)를 해임(업무 위탁을 해지)한 경우 또는 산업보건의를 해임ㆍ해촉한 경우에
해당 사항을 작성하시기 바랍니다.
2. 이 건의 민원처리 결과에 대한 만족도 조사 및 관련 제도 개선에 필요한 의견조사를 위해 귀하의 연락처로 전화조사를 실시할 수 있습니다.
─────────────────────────────────────────────────────────────────────","작성방법 및 공지사항
 
1. 안전관리자(안전관리전문기관) 및 보건관리자(보건관리전문기관)를 해임(업무 위탁을 해지)한 경우 또는 산업보건의를 해임ㆍ해촉한 경우에
해당 사항을 작성하시기 바랍니다.
2. 이 건의 민원처리 결과에 대한 만족도 조사 및 관련 제도 개선에 필요한 의견조사를 위해 귀하의 연락처로 전화조사를 실시할 수 있습니다.",326
note_ee2071cf647a,ann_f342b2ffddda,b6fa09bb4f2e711645b25f12207959d1ec27622c,4,,"※ [  ]에는 해당되는 곳에 √ 표시를 합니다.
────┬──────────────────────────────┬────────────────
사업체│사업장명                                                    │사업주 성명
├──────────────────────────────┴────────────────
│사업장 소재지
────┴───────────────────────────────────────────────","[ ]에는 해당되는 곳에 √ 표시를 합니다.
 
사업체 사업장명 사업주 성명
 
 사업장 소재지",259
note_84c9995553c0,ann_807eecc1fb61,b6fa09bb4f2e711645b25f12207959d1ec27622c,5,,"※ 작성방법을 읽고 작성하여 주시기 바라며, [  ]에는 해당하는 곳에 √ 표시를 합니다.
──────┬──────────────────┬───────────────────
위탁      │사업체명                            │업종명(업종코드번호)
사업장    │                                    │(□□□□□)
├─────────┬────────┼───────────────────
│전화              │대표자          │생산품
├─────────┼────────┼───────────────────
│「산업안전보건법」 제17조에 따른 │「산업안전보건법」 제18조에 따른 │「산업안전보건법」 제19조에 따른 안
│안전관리자 선임대상 여부     │보건관리자 선임대상 여부│전보건관리담당자 선임대상 여
│예[  ], 아니오[  ]│  예[  ], 아니오[  ]│부  예[  ], 아니오[  ]
├─────────┴────────┴───────────────────
│소재지
├─────┬──────┬─────┬───────────────────
│근로자 수 │생산직      │사무직    │계
│(명)      ├──┬───┼───┬─┼──┬────────────────
│          │남  │      │남    │  │남  │
│          ├──┼───┼───┼─┼──┼────────────────
│          │여  │      │여    │  │여  │
──────┴─────┴──┴───┴───┴─┴──┴────────────────","작성방법을 읽고 작성하여 주시기 바라며, [ ]에는 해당하는 곳에 √ 표시를 합니다.
 
위탁 사업체명 업종명(업종코드번호)
사업장 ()
 
 전화 대표자 생산품
 
 「산업안전보건법」 제17조에 따른 「산업안전보건법」 제18조에 따른 「산업안전보건법」 제19조에 따른 안
 안전관리자 선임대상 여부 보건관리자 선임대상 여부 전보건관리담당자 선임대상 여
 예[ ], 아니오[ ] 예[ ], 아니오[ ] 부 예[ ], 아니오[ ]
 
 소재지
 
 근로자 수 생산직 사무직 계
 (명) 
 남 남 남 
 
 여 여 여",804
note_99f410e62711,ann_807eecc1fb61,b6fa09bb4f2e711645b25f12207959d1ec27622c,5,,"작성방법
─────────────────────────────────────────────
1. 업종명(업종코드번호)은 한국표준산업분류(통계청 고시)에 따라 적습니다.
2. 업무 내용란에서 그 밖의 업무가 있는 경우는 「[  ]위에 기재한 사항 외의 업무」란에 서술식으로 적습니다.
─────────────────────────────────────────────
210mm×297mm(일반용지 60g/㎡(재활용품))","작성방법
 
1. 업종명(업종코드번호)은 한국표준산업분류(통계청 고시)에 따라 적습니다.
2. 업무 내용란에서 그 밖의 업무가 있는 경우는 「[ ]위에 기재한 사항 외의 업무」란에 서술식으로 적습니다.
 
210mm×297mm(일반용지 60g/㎡(재활용품))",233
note_310157c0c044,ann_48ee72cbfa46,b6fa09bb4f2e711645b25f12207959d1ec27622c,6,,"※ [  ]에는 해당되는 곳에 √ 표시를 합니다.
─────────────┬──────────────────┬─────────────┬────────────────
접수번호                │접수일자                            │처리일자                  │처리기간                20일
─────────────┴──────────────────┴─────────────┴────────────────","[ ]에는 해당되는 곳에 √ 표시를 합니다.
 
접수번호 접수일자 처리일자 처리기간 20일",256
note_2450efbcfa4d,ann_1dc54346af41,b6fa09bb4f2e711645b25f12207959d1ec27622c,6,,"※ 색상이 어두운 칸은 신청인이 작성하지 않으며, [ ]에는 해당되는 곳에 √표를 합니다.
───────────┬──────────┬─────────┬───────────────────────
접수번호            │접수일시            │처리일자          │처리기간
│                    │                  │20일
───────────┴──────────┴─────────┴───────────────────────","색상이 어두운 칸은 신청인이 작성하지 않으며, [ ]에는 해당되는 곳에 √표를 합니다.
 
접수번호 접수일시 처리일자 처리기간
 20일",263
note_85a236844425,ann_3ae0db471b0d,b6fa09bb4f2e711645b25f12207959d1ec27622c,7,,"※ 준수사항
1. (    )기관은 고용노동부장관 또는 지방고용노동관서장의 자료 제출 요구 및 점검에 적극 협조해야 한다.
2. (    )기관으로 지정받은 기관은 「산업안전보건법」에서 정하는 사항을 준수해야 한다.
3. 그 밖의 사항","준수사항
1. ( )기관은 고용노동부장관 또는 지방고용노동관서장의 자료 제출 요구 및 점검에 적극 협조해야 한다.
2. ( )기관으로 지정받은 기관은 「산업안전보건법」에서 정하는 사항을 준수해야 한다.
3. 그 밖의 사항",131
note_e7be620bfc4e,ann_3ae0db471b0d,b6fa09bb4f2e711645b25f12207959d1ec27622c,7,,"※ ""지정사항"" 및 ""준수사항""에는 지정기관의 종류에 따라 필요한 사항을 추가로 적거나 필요 없는 사항은 삭제합니다.","""지정사항"" 및 ""준수사항""에는 지정기관의 종류에 따라 필요한 사항을 추가로 적거나 필요 없는 사항은 삭제합니다.",65
note_b8ef1155a801,ann_4d4fca839194,b6fa09bb4f2e711645b25f12207959d1ec27622c,7,,"※ 준수사항
1. (    )기관은 고용노동부장관 또는 지방고용노동관서장의 자료 제출 요구 및 점검에 적극 협조해야 합니다.
2. (    )기관으로 지정받은 기관은 「산업안전보건법」에서 정하는 사항을 준수해야 합니다.
3. 그 밖의 사항","준수사항
1. ( )기관은 고용노동부장관 또는 지방고용노동관서장의 자료 제출 요구 및 점검에 적극 협조해야 합니다.
2. ( )기관으로 지정받은 기관은 「산업안전보건법」에서 정하는 사항을 준수해야 합니다.
3. 그 밖의 사항",133
note_c38d09e7ebe8,ann_4d4fca839194,b6fa09bb4f2e711645b25f12207959d1ec27622c,7,,※ “지정사항” 및 “준수사항”에는 지정기관의 종류에 따라 필요한 사항을 추가로 적거나 필요 없는 사항은 삭제합니다.,“지정사항” 및 “준수사항”에는 지정기관의 종류에 따라 필요한 사항을 추가로 적거나 필요 없는 사항은 삭제합니다.,65
note_df9742b890e2,ann_728480c8c5dd,b6fa09bb4f2e711645b25f12207959d1ec27622c,8,,"※ [  ]에는 해당되는 곳에 √ 표시를 합니다.
──────────┬───────────────┬─────────────┬───────────
접수번호          │접수일자                      │처리일자                  │처리기간      20일
──────────┴───────────────┴─────────────┴───────────","[ ]에는 해당되는 곳에 √ 표시를 합니다.
 
접수번호 접수일자 처리일자 처리기간 20일",212
note_5f669e6d853b,ann_a27e93d28b0e,b6fa09bb4f2e711645b25f12207959d1ec27622c,8,,"※ 색상이 어두운 칸은 신청인이 작성하지 않으며, [ ]에는 해당되는 곳에 √표를 합니다.
─────────┬─────┬───────────────────┬───────────────
접수번호        │접수일시  │처리일자                              │처리기간
│          │                                      │20일
─────────┴─────┴───────────────────┴───────────────","색상이 어두운 칸은 신청인이 작성하지 않으며, [ ]에는 해당되는 곳에 √표를 합니다.
 
접수번호 접수일시 처리일자 처리기간
 20일",269
note_ded80751c3cf,ann_49e352b9b6e3,b6fa09bb4f2e711645b25f12207959d1ec27622c,9,,"※ [  ]에는 해당하는 곳에 √ 표시를 합니다.
──────────────┬──────┬──────────┬─────────────────────────────
접수번호                  │접수일자    │처리일자            │처리기간    20일
──────────────┴──────┴──────────┴─────────────────────────────","[ ]에는 해당하는 곳에 √ 표시를 합니다.
 
접수번호 접수일자 처리일자 처리기간 20일",214
note_f3893eadf971,ann_7008117ed090,b6fa09bb4f2e711645b25f12207959d1ec27622c,10,,"※ [  ]에는 해당하는 곳에 √ 표시를 합니다.
───────────────┬──────┬───────────┬──────────────────────────────────
접수번호                    │접수일자    │처리일자              │처리기간                                          30일
───────────────┴──────┴───────────┴──────────────────────────────────","[ ]에는 해당하는 곳에 √ 표시를 합니다.
 
접수번호 접수일자 처리일자 처리기간 30일",270
note_b3357d03c74b,ann_53deec4e7550,b6fa09bb4f2e711645b25f12207959d1ec27622c,15,,"※ [  ]에는 해당하는 곳에 √ 표시를 합니다.
────┬───────────────────────┬───────────────────
신청기관│사업장명                                      │사업종류
├───────────────────────┴───────────────────
│소재지
├───────────────────────┬───────────────────
│전화번호                                      │팩스번호
├─────────────────┬─────┼───────────────────
│대표자                            │근로자 수 │관할 지방고용노동관서명
────┴─────────────────┴─────┴───────────────────","[ ]에는 해당하는 곳에 √ 표시를 합니다.
 
신청기관 사업장명 사업종류
 
 소재지
 
 전화번호 팩스번호
 
 대표자 근로자 수 관할 지방고용노동관서명",420
note_a185920e96c7,ann_59b274d6afdf,b6fa09bb4f2e711645b25f12207959d1ec27622c,25,,"※  이 명령에 대하여 불복이 있는 경우에는「행정심판법」이 정하는 내용에 따라 처분이 있음을 안 날부터 90일 이내에
관할 고용노동(지)청에 행정심판을 청구할 수 있으며(처분이 있었던 날부터 180일이 지나면 청구하지 못함),「행정소
송법」에 따라 지방행정법원에 행정소송을 제기할 수 있음을 알려드립니다.","이 명령에 대하여 불복이 있는 경우에는「행정심판법」이 정하는 내용에 따라 처분이 있음을 안 날부터 90일 이내에
관할 고용노동(지)청에 행정심판을 청구할 수 있으며(처분이 있었던 날부터 180일이 지나면 청구하지 못함),「행정소
송법」에 따라 지방행정법원에 행정소송을 제기할 수 있음을 알려드립니다.",170
note_3797beca8cf7,ann_c763f1890804,b6fa09bb4f2e711645b25f12207959d1ec27622c,26,,"※  이 명령에 대하여 불복이 있는 경우에는「행정심판법」이 정하는 내용에 따라 처분이 있음을 안 날부터 90일 이내에
관할 고용노동(지)청에 행정심판을 청구할 수 있으며(처분이 있었던 날부터 180일이 지나면 청구하지 못함),「행정소
송법」에 따라 지방행정법원에 행정소송을 제기할 수 있음을 알려드립니다.","이 명령에 대하여 불복이 있는 경우에는「행정심판법」이 정하는 내용에 따라 처분이 있음을 안 날부터 90일 이내에
관할 고용노동(지)청에 행정심판을 청구할 수 있으며(처분이 있었던 날부터 180일이 지나면 청구하지 못함),「행정소
송법」에 따라 지방행정법원에 행정소송을 제기할 수 있음을 알려드립니다.",170
note_5017a9c8ae6e,b7aafcf03f84927c7ae234cb0b263ad58e2cf45c,b6fa09bb4f2e711645b25f12207959d1ec27622c,27,,"※ 이 명령은 근로자에게 현저한 유해ㆍ위험이 있어 긴급히 시행하는 처분으로 「행정절차법」 제21조제4항에 따라 사전
통지를 생략합니다. 이 명령에 대하여 불복이 있는 경우에는「행정심판법」이 정하는 내용에 따라 처분이 있음을 안
날부터 90일 이내에 관할 고용노동(지)청에 행정심판을 청구할 수 있으며(처분이 있었던 날부터 180일이 지나면 청구
하지 못함), 「행정소송법」에 따라 지방행정법원에 행정소송을 제기할 수 있음을 알려드립니다.","이 명령은 근로자에게 현저한 유해ㆍ위험이 있어 긴급히 시행하는 처분으로 「행정절차법」 제21조제4항에 따라 사전
통지를 생략합니다. 이 명령에 대하여 불복이 있는 경우에는「행정심판법」이 정하는 내용에 따라 처분이 있음을 안
날부터 90일 이내에 관할 고용노동(지)청에 행정심판을 청구할 수 있으며(처분이 있었던 날부터 180일이 지나면 청구
하지 못함), 「행정소송법」에 따라 지방행정법원에 행정소송을 제기할 수 있음을 알려드립니다.",244
note_67bf5cc358b8,ffd7977c5cf58fcf1113c942de3f15aecb43cf7d,b6fa09bb4f2e711645b25f12207959d1ec27622c,30,,"※ 뒤쪽의 작성방법을 읽고 작성하시기 바라며, [  ]에는 해당하는 곳에 √ 표시를 합니다.               (앞쪽)
━━━━━━┯━━━━━━┯━━━━━━━━━━┯━━━━━━┯━━━━━━━━━━━━━━━━━━━━━━━━━━━
Ⅰ.       │①산재관리번호│                    │사업자등록번호│
사업장    │(사업개시번호)│                    │            │
정보      ├──────┼──────────┼──────┼───────────────────────────
│②사업장명  │                    │③근로자 수 │
├──────┼──────────┼──────┼───────────────────────────
│④업종      │                    │소재지      │(    -    )
├──────┼──────────┴────┬─┴────────────┬──────────────
│⑤재해자가 사내 │원도급인 사업장명             │⑥재해자가 파견근로자       │파견사업주 사업장명
│수급인 소속인 경우│                              │인 경우                     │
│(건설업 제외)├───────────────┤                            ├──────────────
│            │사업장 산재관리번호           │                            │사업장 산재관리번호
│            │(사업개시번호)                │                            │(사업개시번호)
├─────┬┴──────┬────────┼──────────────┴──────────────
│건설업만  │발주자        │                │[  ]민간  [  ]국가ㆍ지방자치단체  [  ]공공기관
│작성      ├───────┼────────┼─────────────┬───────────────
│          │⑦원수급 사업장명│                │공사현장 명               │
│          ├───────┼────────┤                          │
│          │⑧원수급 사업장 산재│                │                          │
│          │관리번호(사업개시번호)│                │                          │
│          ├───────┼────────┼─────────────┼────┬──────────
│          │⑨공사종류    │                │공정률                    │%       │공사금액    백만원
━━━━━━┷━━━━━┷━━━━━━━┷━━━━━━━━┷━━━━━━━━━━━━━┷━━━━┷━━━━━━━━━━","뒤쪽의 작성방법을 읽고 작성하시기 바라며, [ ]에는 해당하는 곳에 √ 표시를 합니다. (앞쪽)
 
Ⅰ. ①산재관리번호 사업자등록번호 
사업장 (사업개시번호) 
정보 
 ②사업장명 ③근로자 수 
 
 ④업종 소재지 ( - )
 
 ⑤재해자가 사내 원도급인 사업장명 ⑥재해자가 파견근로자 파견사업주 사업장명
 수급인 소속인 경우 인 경우 
 (건설업 제외) 
 사업장 산재관리번호 사업장 산재관리번호
 (사업개시번호) (사업개시번호)
 
 건설업만 발주자 [ ]민간 [ ]국가ㆍ지방자치단체 [ ]공공기관
 작성 
 ⑦원수급 사업장명 공사현장 명 
 
 ⑧원수급 사업장 산재 
 관리번호(사업개시번호) 
 
 ⑨공사종류 공정률 % 공사금액 백만원",1491
note_06f397006296,ffd7977c5cf58fcf1113c942de3f15aecb43cf7d,b6fa09bb4f2e711645b25f12207959d1ec27622c,30,,"※ 아래 항목은 재해자별로 각각 작성하되, 같은 재해로 재해자가 여러 명이 발생한 경우에는 별지에 추가로 적습니다.
──────┬────┬────┬─────────────┬────────────────────────────
Ⅱ.       │성명    │        │주민등록번호 앞 7자리     │┌┬┬┬┬┬┐  ┌┐
재해      │        │        │(외국인등록번호)          ││││││││- ││*   *   *   *   *   *
정보      │        │        │                          │└┴┴┴┴┴┘  └┘
├────┼────┴─────────────┴───────────┬────┬───────────
│주소    │                                                            │휴대전화│     -      -
├────┼──────────────────────────────┼────┼───────────
│국적    │[  ]내국인  [  ]외국인 [국적:        ⑩체류자격:         ]  │⑪직업  │
├────┼───────────────┬──────────────┼────┴───────────
│입사일  │          년     월     일    │⑫같은 종류업무 근속        │              년        월
│        │                              │기간                        │
├────┼───────────────┴──────────────┴────────────────
│⑬고용형태│[  ]상용  [  ]임시  [  ]일용  [  ]무급가족종사자  [  ]자영업자  [  ]그 밖의 사항 [        ]
├────┼───────────────────────────────────────────────
│⑭근무형태│[  ]정상  [  ]2교대  [  ]3교대  [  ]4교대  [  ]시간제  [  ]그 밖의 사항 [           ]
├────┼─────────┬─────┬────────────┬────────┬─────────
│⑮상해종류│                  │상해부위  │                        │휴업예상        │  휴업  [    ]일
│(질병명)│                  │(질병부위)│                        │일수            │
│        │                  │          │                        ├────────┼─────────
│        │                  │          │                        │사망 여부       │[  ] 사망
━━━━━━┿━━┯━┷━━━━━┯━━━┷━━━━━┷━━━━━━━━━━━━┷━━━━━━━━┷━━━━━━━━━
Ⅲ.       │    │발생일시      │[      ]년 [    ]월 [    ]일 [    ]요일 [    ]시 [    ]분
재해      │재해├───────┼─────────────────────────────────────────
발생      │발생│발생장소      │
개요 및   │개요├───────┼─────────────────────────────────────────
원인      │    │재해관련 작업유형│
│    ├───────┼─────────────────────────────────────────
│    │재해발생 당시 상황│
├──┴───────┼─────────────────────────────────────────
│재해발생원인        │
━━━━━━┿━━━━━━━━━━┷━━━━━━━━━━━━━━━━━━━━━━━━━━━━━━━━━━━━━━━━━
Ⅳ.       │
재발      │
방지      │
계획      │
──────┴──────────────────────────────┬─────────────────────","아래 항목은 재해자별로 각각 작성하되, 같은 재해로 재해자가 여러 명이 발생한 경우에는 별지에 추가로 적습니다.
 
Ⅱ. 성명 주민등록번호 앞 7자리 
재해 (외국인등록번호) - * * * * * *
정보 
 
 주소 휴대전화 - -
 
 국적 [ ]내국인 [ ]외국인 [국적: ⑩체류자격: ] ⑪직업 
 
 입사일 년 월 일 ⑫같은 종류업무 근속 년 월
 기간 
 
 ⑬고용형태 [ ]상용 [ ]임시 [ ]일용 [ ]무급가족종사자 [ ]자영업자 [ ]그 밖의 사항 [ ]
 
 ⑭근무형태 [ ]정상 [ ]2교대 [ ]3교대 [ ]4교대 [ ]시간제 [ ]그 밖의 사항 [ ]
 
 ⑮상해종류 상해부위 휴업예상 휴업 [ ]일
 (질병명) (질병부위) 일수 
 
 사망 여부 [ ] 사망
 
Ⅲ. 발생일시 [ ]년 [ ]월 [ ]일 [ ]요일 [ ]시 [ ]분
재해 재해 
발생 발생 발생장소 
개요 및 개요 
원인 재해관련 작업유형 
 
 재해발생 당시 상황 
 
 재해발생원인 
 
Ⅳ. 
재발 
방지 
계획",2048
note_04f9fd9a2b7f,ffd7977c5cf58fcf1113c942de3f15aecb43cf7d,b6fa09bb4f2e711645b25f12207959d1ec27622c,30,,"※ 재발방지 계획 이행을 위한 안전보건교육 및 기술지도 등을 한국산업안전보│즉시 기술지원 서비스 요청 [  ]
건공단에서 무료로 제공하고 있으니 즉시 기술지원 서비스를 받으려는 경우 오│
른쪽에 √ 표시를 하시기 바랍니다.                                       │
─────────────────────────────────────┼─────────────────────","재발방지 계획 이행을 위한 안전보건교육 및 기술지도 등을 한국산업안전보 즉시 기술지원 서비스 요청 [ ]
건공단에서 무료로 제공하고 있으니 즉시 기술지원 서비스를 받으려는 경우 오 
른쪽에 √ 표시를 하시기 바랍니다.",224
note_8c60ec2fd222,ffd7977c5cf58fcf1113c942de3f15aecb43cf7d,b6fa09bb4f2e711645b25f12207959d1ec27622c,30,,"※ 근로복지공단은 재해자의 개인정보를 활용하는 것에 동의하는 사람에 한 │산재보험급여 신청방법 안내를 위한
정하여 해당 재해자에게 산재보험급여의 신청방법을 안내하고 있으니 관련   │재해자의 개인정보 활용 동의 [  ]
안내를 받으려는 재해자는 오른쪽에 √ 표시를 하시기 바랍니다.            │
━━━━━━━━━━━━━━━━━━━━━━━━━━━━━━━━━━━━━┷━━━━━━━━━━━━━━━━━━━━━
작성자 성명","근로복지공단은 재해자의 개인정보를 활용하는 것에 동의하는 사람에 한 산재보험급여 신청방법 안내를 위한
정하여 해당 재해자에게 산재보험급여의 신청방법을 안내하고 있으니 관련 재해자의 개인정보 활용 동의 [ ]
안내를 받으려는 재해자는 오른쪽에 √ 표시를 하시기 바랍니다. 
 
작성자 성명",237
note_97a0b6bccbe5,ffd7977c5cf58fcf1113c942de3f15aecb43cf7d,b6fa09bb4f2e711645b25f12207959d1ec27622c,30,,"※ 산재보험 일괄 적용 사업장은 산재관리번호와 사업개시번호를 모두 적습니다.
②사업장명 : 재해자가 사업주와 근로계약을 체결하여 실제로 급여를 받는 사업장명을 적습니다. 파견근로자가 재해를 입은 경우에는
실제적으로 지휘ㆍ명령을 받는 사용사업주의 사업장명을 적습니다. [예: 아파트를 건설하는 종합건설업의 하수급 사업장 소속 근로자
가 작업 중 재해를 입은 경우 재해자가 실제로 하수급 사업장의 사업주와 근로계약을 체결하였다면 하수급 사업장명을 적습니다.]
③근로자 수: 사업장의 최근 근로자 수를 적습니다(정규직, 일용직ㆍ임시직 근로자, 훈련생 등 포함).
④업종: 통계청(www.kostat.go.kr)의 통계분류 항목에서 한국표준산업분류를 참조하여 세세분류(5자리)를 적습니다. 다만, 한국표준산
업분류 세세분류를 알 수 없는 경우 아래와 같이 한국표준산업명과 주요 생산품을 추가로 적습니다.
[예: 제철업, 시멘트제조업, 아파트건설업, 공작기계도매업, 일반화물자동차 운송업, 중식음식점업, 건축물 일반청소업 등 ]
⑤재해자가 사내 수급인 소속인 경우(건설업 제외): 원도급인 사업장명과 산재관리번호(사업개시번호)를 적습니다.","산재보험 일괄 적용 사업장은 산재관리번호와 사업개시번호를 모두 적습니다.
②사업장명 : 재해자가 사업주와 근로계약을 체결하여 실제로 급여를 받는 사업장명을 적습니다. 파견근로자가 재해를 입은 경우에는
실제적으로 지휘ㆍ명령을 받는 사용사업주의 사업장명을 적습니다. [예: 아파트를 건설하는 종합건설업의 하수급 사업장 소속 근로자
가 작업 중 재해를 입은 경우 재해자가 실제로 하수급 사업장의 사업주와 근로계약을 체결하였다면 하수급 사업장명을 적습니다.]
③근로자 수: 사업장의 최근 근로자 수를 적습니다(정규직, 일용직ㆍ임시직 근로자, 훈련생 등 포함).
④업종: 통계청(www.kostat.go.kr)의 통계분류 항목에서 한국표준산업분류를 참조하여 세세분류(5자리)를 적습니다. 다만, 한국표준산
업분류 세세분류를 알 수 없는 경우 아래와 같이 한국표준산업명과 주요 생산품을 추가로 적습니다.
[예: 제철업, 시멘트제조업, 아파트건설업, 공작기계도매업, 일반화물자동차 운송업, 중식음식점업, 건축물 일반청소업 등 ]
⑤재해자가 사내 수급인 소속인 경우(건설업 제외): 원도급인 사업장명과 산재관리번호(사업개시번호)를 적습니다.",576
note_652a213b9f17,ffd7977c5cf58fcf1113c942de3f15aecb43cf7d,b6fa09bb4f2e711645b25f12207959d1ec27622c,30,,"※ 원도급인 사업장이 산재보험 일괄 적용 사업장인 경우에는 원도급인 사업장 산재관리번호와 사업개시번호를 모두 적습니다.
⑥재해자가 파견근로자인 경우: 파견사업주의 사업장명과 산재관리번호(사업개시번호)를 적습니다.","원도급인 사업장이 산재보험 일괄 적용 사업장인 경우에는 원도급인 사업장 산재관리번호와 사업개시번호를 모두 적습니다.
⑥재해자가 파견근로자인 경우: 파견사업주의 사업장명과 산재관리번호(사업개시번호)를 적습니다.",118
note_571c96d5533f,ffd7977c5cf58fcf1113c942de3f15aecb43cf7d,b6fa09bb4f2e711645b25f12207959d1ec27622c,30,,"※ 파견사업주의 사업장이 산재보험 일괄 적용 사업장인 경우에는 파견사업주의 사업장 산재관리번호와 사업개시번호를 모두 적습
니다.
⑦원수급 사업장명: 재해자가 소속되거나 관리되고 있는 사업장이 하수급 사업장인 경우에만 적습니다.
⑧원수급 사업장 산재관리번호(사업개시번호): 원수급 사업장이 산재보험 일괄 적용 사업장인 경우에는 원수급 사업장 산재관리번호와
사업개시번호를 모두 적습니다.
⑨공사 종류, 공정률, 공사금액 : 수급 받은 단위공사에 대한 현황이 아닌 원수급 사업장의 공사 현황을 적습니다.
가. 공사 종류: 재해 당시 진행 중인 공사 종류를 말합니다. [예: 아파트, 연립주택, 상가, 도로, 공장, 댐, 플랜트시설, 전기공사 등]
나. 공정률: 재해 당시 건설 현장의 공사 진척도로 전체 공정률을 적습니다.(단위공정률이 아님)
Ⅱ. 재해자 정보
⑩체류자격: 「출입국관리법 시행령」 별표 1에 따른 체류자격(기호)을 적습니다.(예: E-1, E-7, E-9 등)
⑪직업: 통계청(www.kostat.go.kr)의 통계분류 항목에서 한국표준직업분류를 참조하여 세세분류(5자리)를 적습니다. 다만, 한국표준직
업분류 세세분류를 알 수 없는 경우 알고 있는 직업명을 적고, 재해자가 평소 수행하는 주요 업무내용 및 직위를 추가로 적습니다.
[예: 토목감리기술자, 전문간호사, 인사 및 노무사무원, 한식조리사, 철근공, 미장공, 프레스조작원, 선반기조작원, 시내버스 운전
원, 건물내부청소원 등]
⑫같은 종류 업무 근속기간: 과거 다른 회사의 경력부터 현직 경력(동일ㆍ유사  업무 근무경력)까지 합하여 적습니다.(질병의 경우 관련
작업근무기간)
⑬고용형태: 근로자가 사업장 또는 타인과 명시적 또는 내재적으로 체결한 고용계약 형태를 적습니다.
가. 상용: 고용계약기간을 정하지 않았거나 고용계약기간이 1년 이상인 사람
나. 임시: 고용계약기간을 정하여 고용된 사람으로서 고용계약기간이 1개월 이상 1년 미만인 사람
다. 일용: 고용계약기간이 1개월 미만인 사람 또는 매일 고용되어 근로의 대가로 일급 또는 일당제 급여를 받고 일하는 사람
라. 자영업자: 혼자 또는 그 동업자로서 근로자를 고용하지 않은 사람
마. 무급가족종사자: 사업주의 가족으로 임금을 받지 않는 사람
바. 그 밖의 사항: 교육ㆍ훈련생 등
⑭근무형태  : 평소 근로자의 작업 수행시간 등 업무를 수행하는 형태를 적습니다.
가. 정상: 사업장의 정규 업무 개시시각과 종료시각(통상 오전 9시 전후에 출근하여 오후 6시 전후에 퇴근하는 것) 사이에 업무수행하
는 것을 말합니다.
나. 2교대, 3교대, 4교대: 격일제근무, 같은 작업에 2개조, 3개조, 4개조로 순환하면서 업무수행하는 것을 말합니다.
다. 시간제 : 가목의 ‘정상’ 근무형태에서 규정하고 있는 주당 근무시간보다 짧은 근로시간 동안 업무수행하는 것을 말합니다.
다. 그 밖의 사항: 고정적인 심야(야간)근무 등을 말합니다.
⑮상해종류(질병명): 재해로 발생된 신체적 특성 또는 상해 형태를 적습니다.
[예: 골절, 절단, 타박상, 찰과상, 중독ㆍ질식, 화상, 감전, 뇌진탕, 고혈압, 뇌졸중, 피부염, 진폐, 수근관증후군 등]
상해부위(질병부위): 재해로 피해가 발생된 신체 부위를 적습니다.
[예: 머리, 눈, 목, 어깨, 팔, 손, 손가락, 등, 척추, 몸통, 다리, 발, 발가락, 전신, 신체내부기관(소화ㆍ신경ㆍ순환ㆍ호흡배설) 등]","파견사업주의 사업장이 산재보험 일괄 적용 사업장인 경우에는 파견사업주의 사업장 산재관리번호와 사업개시번호를 모두 적습
니다.
⑦원수급 사업장명: 재해자가 소속되거나 관리되고 있는 사업장이 하수급 사업장인 경우에만 적습니다.
⑧원수급 사업장 산재관리번호(사업개시번호): 원수급 사업장이 산재보험 일괄 적용 사업장인 경우에는 원수급 사업장 산재관리번호와
사업개시번호를 모두 적습니다.
⑨공사 종류, 공정률, 공사금액 : 수급 받은 단위공사에 대한 현황이 아닌 원수급 사업장의 공사 현황을 적습니다.
가. 공사 종류: 재해 당시 진행 중인 공사 종류를 말합니다. [예: 아파트, 연립주택, 상가, 도로, 공장, 댐, 플랜트시설, 전기공사 등]
나. 공정률: 재해 당시 건설 현장의 공사 진척도로 전체 공정률을 적습니다.(단위공정률이 아님)
Ⅱ. 재해자 정보
⑩체류자격: 「출입국관리법 시행령」 별표 1에 따른 체류자격(기호)을 적습니다.(예: E-1, E-7, E-9 등)
⑪직업: 통계청(www.kostat.go.kr)의 통계분류 항목에서 한국표준직업분류를 참조하여 세세분류(5자리)를 적습니다. 다만, 한국표준직
업분류 세세분류를 알 수 없는 경우 알고 있는 직업명을 적고, 재해자가 평소 수행하는 주요 업무내용 및 직위를 추가로 적습니다.
[예: 토목감리기술자, 전문간호사, 인사 및 노무사무원, 한식조리사, 철근공, 미장공, 프레스조작원, 선반기조작원, 시내버스 운전
원, 건물내부청소원 등]
⑫같은 종류 업무 근속기간: 과거 다른 회사의 경력부터 현직 경력(동일ㆍ유사 업무 근무경력)까지 합하여 적습니다.(질병의 경우 관련
작업근무기간)
⑬고용형태: 근로자가 사업장 또는 타인과 명시적 또는 내재적으로 체결한 고용계약 형태를 적습니다.
가. 상용: 고용계약기간을 정하지 않았거나 고용계약기간이 1년 이상인 사람
나. 임시: 고용계약기간을 정하여 고용된 사람으로서 고용계약기간이 1개월 이상 1년 미만인 사람
다. 일용: 고용계약기간이 1개월 미만인 사람 또는 매일 고용되어 근로의 대가로 일급 또는 일당제 급여를 받고 일하는 사람
라. 자영업자: 혼자 또는 그 동업자로서 근로자를 고용하지 않은 사람
마. 무급가족종사자: 사업주의 가족으로 임금을 받지 않는 사람
바. 그 밖의 사항: 교육ㆍ훈련생 등
⑭근무형태 : 평소 근로자의 작업 수행시간 등 업무를 수행하는 형태를 적습니다.
가. 정상: 사업장의 정규 업무 개시시각과 종료시각(통상 오전 9시 전후에 출근하여 오후 6시 전후에 퇴근하는 것) 사이에 업무수행하
는 것을 말합니다.
나. 2교대, 3교대, 4교대: 격일제근무, 같은 작업에 2개조, 3개조, 4개조로 순환하면서 업무수행하는 것을 말합니다.
다. 시간제 : 가목의 ‘정상’ 근무형태에서 규정하고 있는 주당 근무시간보다 짧은 근로시간 동안 업무수행하는 것을 말합니다.
다. 그 밖의 사항: 고정적인 심야(야간)근무 등을 말합니다.
⑮상해종류(질병명): 재해로 발생된 신체적 특성 또는 상해 형태를 적습니다.
[예: 골절, 절단, 타박상, 찰과상, 중독ㆍ질식, 화상, 감전, 뇌진탕, 고혈압, 뇌졸중, 피부염, 진폐, 수근관증후군 등]
상해부위(질병부위): 재해로 피해가 발생된 신체 부위를 적습니다.
[예: 머리, 눈, 목, 어깨, 팔, 손, 손가락, 등, 척추, 몸통, 다리, 발, 발가락, 전신, 신체내부기관(소화ㆍ신경ㆍ순환ㆍ호흡배설) 등]",1662
note_e3343ad1ebf7,ffd7977c5cf58fcf1113c942de3f15aecb43cf7d,b6fa09bb4f2e711645b25f12207959d1ec27622c,30,,"※ 상해종류 및 상해부위가 둘 이상이면 상해 정도가 심한 것부터 적습니다.
휴업예상일수: 재해발생일을 제외한 3일 이상의 결근 등으로 회사에 출근하지 못한 일수를 적습니다.(추정 시 의사의 진단 소견을
참조)
Ⅲ. 재해발생정보
재해발생 개요:  재해원인의 상세한 분석이 가능하도록 발생일시[년, 월, 일, 요일, 시(24시 기준), 분], 발생 장소(공정 포함), 재해관
련 작업유형(누가 어떤 기계ㆍ설비를 다루면서 무슨 작업을 하고 있었는지), 재해발생 당시 상황[재해 발생 당시 기계ㆍ설비ㆍ구조물이
나 작업환경 등의 불안전한 상태(예시: 떨어짐, 무너짐 등)와 재해자나 동료 근로자가 어떠한 불안전한 행동(예시: 넘어짐, 까임 등)을
했는지]을 상세히 적습니다.
[작성예시]
──────┬─────────────────────────────────────────────
발생일시  │2013년 5월 30일 금요일 14시 30분
──────┼─────────────────────────────────────────────
발생장소  │사출성형부 플라스틱 용기 생산 1팀 사출공정에서
──────┼─────────────────────────────────────────────
재해관련  │재해자 000가 사출성형기 2호기에서 플라스틱 용기를 꺼낸 후 금형을 점검하던 중
작업유형  │
──────┼─────────────────────────────────────────────
재해발생  │재해자가 점검중임을 모르던 동료 근로자 000가 사출성형기 조작 스위치를 가동하여 금형 사이
당시 상황 │에 재해자가 끼어 사망하였음
──────┴─────────────────────────────────────────────
재해발생 원인: 재해가 발생한 사업장에서 재해발생 원인을 인적 요인(무의식 행동, 착오, 피로, 연령, 커뮤니케이션 등), 설비적 요
인(기계ㆍ설비의 설계상 결함, 방호장치의 불량, 작업표준화의 부족, 점검ㆍ정비의 부족 등), 작업ㆍ환경적 요인(작업정보의 부적절,
작업자세ㆍ동작의 결함, 작업방법의 부적절, 작업환경 조건의 불량 등), 관리적 요인(관리조직의 결함, 규정ㆍ매뉴얼의 불비ㆍ불철저,
안전교육의 부족, 지도감독의 부족 등)을 적습니다.
Ⅳ. 재발방지계획
""19. 재해발생 원인""을 토대로 재발방지 계획을 적습니다.
───────────────────────────────────────────────────────────────────","상해종류 및 상해부위가 둘 이상이면 상해 정도가 심한 것부터 적습니다.
휴업예상일수: 재해발생일을 제외한 3일 이상의 결근 등으로 회사에 출근하지 못한 일수를 적습니다.(추정 시 의사의 진단 소견을
참조)
Ⅲ. 재해발생정보
재해발생 개요: 재해원인의 상세한 분석이 가능하도록 발생일시[년, 월, 일, 요일, 시(24시 기준), 분], 발생 장소(공정 포함), 재해관
련 작업유형(누가 어떤 기계ㆍ설비를 다루면서 무슨 작업을 하고 있었는지), 재해발생 당시 상황[재해 발생 당시 기계ㆍ설비ㆍ구조물이
나 작업환경 등의 불안전한 상태(예시: 떨어짐, 무너짐 등)와 재해자나 동료 근로자가 어떠한 불안전한 행동(예시: 넘어짐, 까임 등)을
했는지]을 상세히 적습니다.
[작성예시]
 
발생일시 2013년 5월 30일 금요일 14시 30분
 
발생장소 사출성형부 플라스틱 용기 생산 1팀 사출공정에서
 
재해관련 재해자 000가 사출성형기 2호기에서 플라스틱 용기를 꺼낸 후 금형을 점검하던 중
작업유형 
 
재해발생 재해자가 점검중임을 모르던 동료 근로자 000가 사출성형기 조작 스위치를 가동하여 금형 사이
당시 상황 에 재해자가 끼어 사망하였음
 
재해발생 원인: 재해가 발생한 사업장에서 재해발생 원인을 인적 요인(무의식 행동, 착오, 피로, 연령, 커뮤니케이션 등), 설비적 요
인(기계ㆍ설비의 설계상 결함, 방호장치의 불량, 작업표준화의 부족, 점검ㆍ정비의 부족 등), 작업ㆍ환경적 요인(작업정보의 부적절,
작업자세ㆍ동작의 결함, 작업방법의 부적절, 작업환경 조건의 불량 등), 관리적 요인(관리조직의 결함, 규정ㆍ매뉴얼의 불비ㆍ불철저,
안전교육의 부족, 지도감독의 부족 등)을 적습니다.
Ⅳ. 재발방지계획
""19. 재해발생 원인""을 토대로 재발방지 계획을 적습니다.",1215
note_cdffe05b8a97,6450bd88739b8aefd71864b3854838ad95bf8bbb,b6fa09bb4f2e711645b25f12207959d1ec27622c,34,,"비고
─────────────────────────────────────",비고,40
note_d6a44ace00d1,d7fe45b1ba8e523bd6ee7b813c3cf8a4e12bbca8,b6fa09bb4f2e711645b25f12207959d1ec27622c,40,,"※ 색상이 어두운 칸은 신청인이 적지 않으며, [ ]에는 해당되는 곳에 √표를 합니다.
───────────────────┬────────────────────┬─────────────────────
접수번호                            │접수일시                                │처리기간                20일
───────────────────┴────────────────────┴─────────────────────","색상이 어두운 칸은 신청인이 적지 않으며, [ ]에는 해당되는 곳에 √표를 합니다.
 
접수번호 접수일시 처리기간 20일",268
note_a8440c2698c7,15dfba90d0c9e5374c8ea5a2d080fb7082d51f22,b6fa09bb4f2e711645b25f12207959d1ec27622c,42,,"※ [  ]에는 해당되는 곳에 √ 표시를 합니다.
───────────┬────────────────┬───────────┬─────────────────────
접수번호            │접수일자                        │처리일자              │처리기간
│                                │                      │
│                                │                      │예비심사: 7일
│                                │                      │서면심사: 15일/30일
│                                │                      │기술능력 및 생산체계심사: 30일/45일
│                                │                      │개별 제품심사: 15일
│                                │                      │형식별 제품심사: 30일/60일
───────────┴────────────────┴───────────┴─────────────────────","[ ]에는 해당되는 곳에 √ 표시를 합니다.
 
접수번호 접수일자 처리일자 처리기간
 
 예비심사: 7일
 서면심사: 15일/30일
 기술능력 및 생산체계심사: 30일/45일
 개별 제품심사: 15일
 형식별 제품심사: 30일/60일",643
note_44b0eff90ecf,274be2ac6756f942248f864a20e57e6644b48ce6,b6fa09bb4f2e711645b25f12207959d1ec27622c,55,,"※ [  ]에는 해당되는 곳에 √ 표시를 합니다.
────────┬─────┬───────────┬───────────────────────────────────────
접수번호      │접수일자  │처리일자              │처리기간                                                    30일
────────┴─────┴───────────┴───────────────────────────────────────","[ ]에는 해당되는 곳에 √ 표시를 합니다.
 
접수번호 접수일자 처리일자 처리기간 30일",258
note_ab8586c19eda,c0baadb0e2febaee03758cbb54e5ecac0b3169db,b6fa09bb4f2e711645b25f12207959d1ec27622c,57,,"※ 뒤쪽의 작성방법을 읽고 작성해 주시기 바라며, [  ]에는 해당하는 곳에 √ 표시를 합니다.  (앞쪽)
─────────┬──────────────────┬─────────────────────────────
신청인          │사업장명(상호)                      │성명(대표자)
├──────────────────┼─────────────────────────────
│①업종                              │전화번호
├──────────────────┼─────────────────────────────
│근로자 수                           │신규화학물질 취급 근로자 수
│총     명(남성:      , 여성:      ) │총     명(남성:      , 여성:      )
├──────────────────┴─────────────────────────────
│②주소
─────────┼──────────────────┬─────────────────────────────
수탁 제조자     │사업장명(상호)                      │성명(대표자)
(신청인이 신규화├──────────────────┼─────────────────────────────
학물질 제조를 위│①업종                              │전화번호
탁한 경우만 작  ├──────────────────┼─────────────────────────────
성)             │근로자 수                           │신규화학물질 취급 근로자 수
│총     명(남성:      , 여성:      ) │총     명(남성:      , 여성:      )
├──────────────────┴─────────────────────────────
│②주소
─────────┴────────────────────────────────────────────────","뒤쪽의 작성방법을 읽고 작성해 주시기 바라며, [ ]에는 해당하는 곳에 √ 표시를 합니다. (앞쪽)
 
신청인 사업장명(상호) 성명(대표자)
 
 ①업종 전화번호
 
 근로자 수 신규화학물질 취급 근로자 수
 총 명(남성: , 여성: ) 총 명(남성: , 여성: )
 
 ②주소
 
수탁 제조자 사업장명(상호) 성명(대표자)
(신청인이 신규화 
학물질 제조를 위 ①업종 전화번호
탁한 경우만 작 
성) 근로자 수 신규화학물질 취급 근로자 수
 총 명(남성: , 여성: ) 총 명(남성: , 여성: )
 
 ②주소",997
note_8185ccbe8e38,c0baadb0e2febaee03758cbb54e5ecac0b3169db,b6fa09bb4f2e711645b25f12207959d1ec27622c,57,,"작성방법
───────────────────────────────────────────────────────────────
1. ""①업종""란에는 노동통계 작성 시의 한국표준산업분류에 따른 사업의 종류를 적습니다.
2. ""②주소""란에는 제조의 경우에는 제조시설의 소재지를, 수입의 경우에는 수입하여 사용되는 시설의 소재지를 적습니다.
3. ""③신규화학물질명칭""란에는 IUPAC(International Union of Pure and Applied Chemistry)명 또는 CA(Chemical Abstracts)
명을 적고 괄호 안에 CAS(Chemical Abstracts Service)번호 또는 RTECS(Registry of Toxic Effects of Chemical
Substances)번호와 관용명 및 상품명 등을 적어 병기합니다.
4. ""④신규화학물질의 구조식 또는 시성식""란에는 분자 내 각 원자의 결합 상태를 원소기호와 결합기호로 도해적으로 표시합
니다.
5. ""⑤신규화학물질의 물리ㆍ화학적 성질과 상태""란 중 ""그 밖의 사항""란에는 신규화학물질의 인화점, 승화성, 조해성(고체가
공기 중의 수분을 흡수하여 녹는 성질), 휘발성 등 특징적인 성질과 상태가 있는 경우 그 내용을 적습니다.
6. ""⑥제조 또는 수입 예정일""란에는 제조 또는 수입 예정일을 적습니다.
7. ""⑦연간 제조 도는 수입 예정란""에는 제조 또는 수입 예정량을 킬로그램(㎏) 또는 톤(ton) 단위로 적습니다.
8. ""⑧신규화학물질의 용도""란에는 그 용도를 자세히 적고, 또한 신규화학물질이 제조 중간체로 있는 경우에는 그 내용과 최
종 제품의 명칭 및 용도를 적습니다.
9. ""⑨신규화학물질 제조 지역 주소(수입 시 수입국명)""란에는 해당 화학물질이 선적되는 나라명을 적습니다. 다만, 제조국과
수입국이 다른 경우에는 제조국과 수입국을 구분하여 모두 적습니다.
10. ""⑩참고사항""란에는 해당 화학물질에 대한 외국의 규제 및 관리 상황 등을 적습니다.
───────────────────────────────────────────────────────────────","작성방법
 
1. ""①업종""란에는 노동통계 작성 시의 한국표준산업분류에 따른 사업의 종류를 적습니다.
2. ""②주소""란에는 제조의 경우에는 제조시설의 소재지를, 수입의 경우에는 수입하여 사용되는 시설의 소재지를 적습니다.
3. ""③신규화학물질명칭""란에는 IUPAC(International Union of Pure and Applied Chemistry)명 또는 CA(Chemical Abstracts)
명을 적고 괄호 안에 CAS(Chemical Abstracts Service)번호 또는 RTECS(Registry of Toxic Effects of Chemical
Substances)번호와 관용명 및 상품명 등을 적어 병기합니다.
4. ""④신규화학물질의 구조식 또는 시성식""란에는 분자 내 각 원자의 결합 상태를 원소기호와 결합기호로 도해적으로 표시합
니다.
5. ""⑤신규화학물질의 물리ㆍ화학적 성질과 상태""란 중 ""그 밖의 사항""란에는 신규화학물질의 인화점, 승화성, 조해성(고체가
공기 중의 수분을 흡수하여 녹는 성질), 휘발성 등 특징적인 성질과 상태가 있는 경우 그 내용을 적습니다.
6. ""⑥제조 또는 수입 예정일""란에는 제조 또는 수입 예정일을 적습니다.
7. ""⑦연간 제조 도는 수입 예정란""에는 제조 또는 수입 예정량을 킬로그램(㎏) 또는 톤(ton) 단위로 적습니다.
8. ""⑧신규화학물질의 용도""란에는 그 용도를 자세히 적고, 또한 신규화학물질이 제조 중간체로 있는 경우에는 그 내용과 최
종 제품의 명칭 및 용도를 적습니다.
9. ""⑨신규화학물질 제조 지역 주소(수입 시 수입국명)""란에는 해당 화학물질이 선적되는 나라명을 적습니다. 다만, 제조국과
수입국이 다른 경우에는 제조국과 수입국을 구분하여 모두 적습니다.
10. ""⑩참고사항""란에는 해당 화학물질에 대한 외국의 규제 및 관리 상황 등을 적습니다.",1040
note_fe679ae16bd6,74d98f6510619a5603707c594c23da072cff236f,b6fa09bb4f2e711645b25f12207959d1ec27622c,59,,"※ 뒤쪽의 작성방법을 참고하기 바랍니다.
───────────┬────────────┬──┬────────────────────
사업장명(상호)      │대표자 성명             │업종│근로자 수
───────────┼────────────┼──┼────────────────────
│                        │    │
───────────┴────────────┼──┴────────────────────
주소                                          │전화번호
────────────────────────┴───────────────────────","뒤쪽의 작성방법을 참고하기 바랍니다.
 
사업장명(상호) 대표자 성명 업종 근로자 수

주소 전화번호",344
note_9b2fe9375673,e9d85e615c700fd46684974e8f98a519675162a6,b6fa09bb4f2e711645b25f12207959d1ec27622c,60,,"※ 아래의 작성방법 및 첨부서류 작성방법을 읽고 작성하여 주시기 바라며 [  ]에는 해당하는 곳에 √ 표시를 합니다.
───────┬──────────┬────────┬────────────────────────────────
접수번호    │접수일자            │처리일자        │처리기간    20일
───────┴──────────┴────────┴────────────────────────────────","아래의 작성방법 및 첨부서류 작성방법을 읽고 작성하여 주시기 바라며 [ ]에는 해당하는 곳에 √ 표시를 합니다.
 
접수번호 접수일자 처리일자 처리기간 20일",238
note_39671e48f9f8,e9d85e615c700fd46684974e8f98a519675162a6,b6fa09bb4f2e711645b25f12207959d1ec27622c,60,,"참고사항
────────────────────────────────────────────────────────────",참고사항,65
note_1596825acb4e,e9d85e615c700fd46684974e8f98a519675162a6,b6fa09bb4f2e711645b25f12207959d1ec27622c,60,,"작성방법
────────────────────────────────────────────────────────────
1. ""업종""란에는 노동통계 작성 시의 한국표준산업분류에 따른 사업의 종류를 적습니다.
2. ""주소""란에는 제조의 경우에는 제조시설의 소재지를 적고, 수입의 경우에는 수입되어 사용되는 시설의 소재지를 적습니다.
3. ""신규화학물질 명칭""란에는 IUPAC(International Union of Pure and Applied Chemistry)명 또는 CA(Chemical Abstracts)명을 적고,
괄호 안에 CAS(Chemical Abstracts Service)번호 또는 RTECS(Registry of Toxic Effects of Chemical Substances)번호와 관용명 또
는 상품명 등을 적어 병기합니다.
4. ""신규화학물질의 구조식 또는 시성식""란에는 분자 내 각 원자의 결합 상태를 원소기호와 결합기호로 도해적으로 표시합니다.
5. ""신규화학물질의 물리ㆍ화학적 성질 및 상태""란 중 ""그 밖의 사항""란에는 신규화학물질의 인화점ㆍ승화성ㆍ조해성ㆍ휘발성 등 특징
적인 성질 및 상태가 있는 경우 그 내용을 적습니다.
6. ""제외 확인을 받으려는 기간(「산업안전보건법 시행규칙」 제149조에 해당)""란에서 연간 수입량이 100킬로그램 미만인 경우에 대한
제외 확인을 받으려는 경우에는 그 확인 기간이 1년 단위로 유효하므로 신청기간을 1년으로 합니다.
7. ""신규화학물질의 용도""란에는 그 용도를 자세히 적고 또한 신규화학물질이 제조 중간체로 있는 경우에는 그 내용과 최종 제품의 명
칭 및 용도를 적습니다.
8. ""신규화학물질 제조지역 주소(수입 시 수입국명)""란에는 해당 화학물질이 선적되는 나라명을 적습니다. 다만, 제조국과 수입국이 다
른 경우에는 제조국과 수입국을 구분하여 모두 적습니다.
────────────────────────────────────────────────────────────
210mm×297mm(일반용지 60g/㎡(재활용품))","작성방법
 
1. ""업종""란에는 노동통계 작성 시의 한국표준산업분류에 따른 사업의 종류를 적습니다.
2. ""주소""란에는 제조의 경우에는 제조시설의 소재지를 적고, 수입의 경우에는 수입되어 사용되는 시설의 소재지를 적습니다.
3. ""신규화학물질 명칭""란에는 IUPAC(International Union of Pure and Applied Chemistry)명 또는 CA(Chemical Abstracts)명을 적고,
괄호 안에 CAS(Chemical Abstracts Service)번호 또는 RTECS(Registry of Toxic Effects of Chemical Substances)번호와 관용명 또
는 상품명 등을 적어 병기합니다.
4. ""신규화학물질의 구조식 또는 시성식""란에는 분자 내 각 원자의 결합 상태를 원소기호와 결합기호로 도해적으로 표시합니다.
5. ""신규화학물질의 물리ㆍ화학적 성질 및 상태""란 중 ""그 밖의 사항""란에는 신규화학물질의 인화점ㆍ승화성ㆍ조해성ㆍ휘발성 등 특징
적인 성질 및 상태가 있는 경우 그 내용을 적습니다.
6. ""제외 확인을 받으려는 기간(「산업안전보건법 시행규칙」 제149조에 해당)""란에서 연간 수입량이 100킬로그램 미만인 경우에 대한
제외 확인을 받으려는 경우에는 그 확인 기간이 1년 단위로 유효하므로 신청기간을 1년으로 합니다.
7. ""신규화학물질의 용도""란에는 그 용도를 자세히 적고 또한 신규화학물질이 제조 중간체로 있는 경우에는 그 내용과 최종 제품의 명
칭 및 용도를 적습니다.
8. ""신규화학물질 제조지역 주소(수입 시 수입국명)""란에는 해당 화학물질이 선적되는 나라명을 적습니다. 다만, 제조국과 수입국이 다
른 경우에는 제조국과 수입국을 구분하여 모두 적습니다.
 
210mm×297mm(일반용지 60g/㎡(재활용품))",1007
note_f8c45e75f00c,e7cb78a5744e731bf0628c3d304e2d7f2847ce25,b6fa09bb4f2e711645b25f12207959d1ec27622c,61,,"※ 뒤쪽의 작성방법을 읽고 작성하여 주시기 바랍니다.                                                   (앞쪽)
─────────────────────────────┬──────────────────────────
사업장명(상호)                                          │성명(대표자)
─────────────────────────────┼──────────────────────────
① 업종                                                 │전화번호
─────────────────────────────┼──────────────────────────
근로자 수                                               │화학물질 취급 근로자 수
총     명(남:      , 녀:      )                         │총     명(남:      , 녀:      )
─────────────────────────────┴──────────────────────────
② 주소
────────────────────────────────────────────────────────","뒤쪽의 작성방법을 읽고 작성하여 주시기 바랍니다. (앞쪽)
 
사업장명(상호) 성명(대표자)
 
① 업종 전화번호
 
근로자 수 화학물질 취급 근로자 수
총 명(남: , 녀: ) 총 명(남: , 녀: )
 
② 주소",640
note_4ccbf40830b2,e7cb78a5744e731bf0628c3d304e2d7f2847ce25,b6fa09bb4f2e711645b25f12207959d1ec27622c,61,,"작성방법
──────────────────────────────────────────────────────────────────────────
1. ""①업종""란에는 노동통계 작성 시의 한국표준산업분류에 따른 사업의 종류를 적습니다.
2. ""②주소""란에는 제조의 경우에는 제조시설의 주소를, 수입 및 사용의 경우에는 수입하여 사용하는 시설의 주소를 적습니다.
3. ""③화학물질 명칭(상품명)""란에는 IUPAC(International Union of Pure and Applied Chemistry)명 또는 CA(Chemical Abstracts)명을
적고 괄호 안에 CAS(Chemical Abstracts Service)번호 또는 RTECS(Registry of Toxic Effects of Chemical Substances)번호와 관
용명 및 상품명 등을 병기합니다.
4. ""④화학물질의 구조식 또는 시성식""란에는 분자 내 각 원자의 결합 상태를 원소기호와 결합기호로 도해적으로 표시합니다.
5. ""⑤화학물질의 물리적ㆍ화학적 성질 및 상태""란 중 ""그 밖의 사항""란에는 화학물질의 인화점, 승화성ㆍ조해성ㆍ휘발성 등 특징적인
성질과 상태가 있는 경우 그 내용을 적습니다.
6. ""⑥최근 3년간 화학물질의 제조ㆍ수입 또는 사용량""란에서 제조ㆍ수입 또는 사용량의 단위는 ㎏ 또는 ton으로 적습니다.
7. ""⑦화학물질 취급 현황""란에는 화학물질을 사용하는 부서 또는 공정명을 적고, 또한 화학물질의 취급형태에 따라 제조ㆍ수입ㆍ사용
여부와 월 작업일수(일) 및 1일 작업시간(시간)을 기재하고, 월 취급량(사용량)의 단위는 kg 또는 ton으로 적습니다.
8. ""⑧화학물질의 용도""란에는 그 용도를 자세히 적고, 또한 화학물질이 제조 중간체로 있는 경우에는 그 내용과 최종 제품의 명칭 및
용도를 적습니다.
9. ""⑨화학물질 제조 지역 주소(수입 시 수출국명)""란에는 해당 화학물질을 제조하는 시설의 주소를, 수입의 경우에는 해당 화학물질이
선적되는 나라명을 적습니다. 다만, 제조국과 수출국이 다른 경우에는 제조국과 수출국을 구분하여 모두 적습니다.
10. ""⑩참고사항""란에는 해당 화학물질에 대한 외국의 규제 및 관리 상황 등을 적습니다.
──────────────────────────────────────────────────────────────────────────","작성방법
 
1. ""①업종""란에는 노동통계 작성 시의 한국표준산업분류에 따른 사업의 종류를 적습니다.
2. ""②주소""란에는 제조의 경우에는 제조시설의 주소를, 수입 및 사용의 경우에는 수입하여 사용하는 시설의 주소를 적습니다.
3. ""③화학물질 명칭(상품명)""란에는 IUPAC(International Union of Pure and Applied Chemistry)명 또는 CA(Chemical Abstracts)명을
적고 괄호 안에 CAS(Chemical Abstracts Service)번호 또는 RTECS(Registry of Toxic Effects of Chemical Substances)번호와 관
용명 및 상품명 등을 병기합니다.
4. ""④화학물질의 구조식 또는 시성식""란에는 분자 내 각 원자의 결합 상태를 원소기호와 결합기호로 도해적으로 표시합니다.
5. ""⑤화학물질의 물리적ㆍ화학적 성질 및 상태""란 중 ""그 밖의 사항""란에는 화학물질의 인화점, 승화성ㆍ조해성ㆍ휘발성 등 특징적인
성질과 상태가 있는 경우 그 내용을 적습니다.
6. ""⑥최근 3년간 화학물질의 제조ㆍ수입 또는 사용량""란에서 제조ㆍ수입 또는 사용량의 단위는 ㎏ 또는 ton으로 적습니다.
7. ""⑦화학물질 취급 현황""란에는 화학물질을 사용하는 부서 또는 공정명을 적고, 또한 화학물질의 취급형태에 따라 제조ㆍ수입ㆍ사용
여부와 월 작업일수(일) 및 1일 작업시간(시간)을 기재하고, 월 취급량(사용량)의 단위는 kg 또는 ton으로 적습니다.
8. ""⑧화학물질의 용도""란에는 그 용도를 자세히 적고, 또한 화학물질이 제조 중간체로 있는 경우에는 그 내용과 최종 제품의 명칭 및
용도를 적습니다.
9. ""⑨화학물질 제조 지역 주소(수입 시 수출국명)""란에는 해당 화학물질을 제조하는 시설의 주소를, 수입의 경우에는 해당 화학물질이
선적되는 나라명을 적습니다. 다만, 제조국과 수출국이 다른 경우에는 제조국과 수출국을 구분하여 모두 적습니다.
10. ""⑩참고사항""란에는 해당 화학물질에 대한 외국의 규제 및 관리 상황 등을 적습니다.",1162
note_39cb0563b736,d013bed050cfb7e6668f35f276dfcbe104499a4d,b6fa09bb4f2e711645b25f12207959d1ec27622c,62,,"※ 색상이 어두운 칸은 신청인이 적지 않으며, [ ]에는 해당되는 곳에 √표를 합니다.
────────┬────┬────┬──────────────────────────────────────────
접수번호      │접수일시│처리일  │처리기간                                                      즉시
────────┴────┴────┴──────────────────────────────────────────","색상이 어두운 칸은 신청인이 적지 않으며, [ ]에는 해당되는 곳에 √표를 합니다.
 
접수번호 접수일시 처리일 처리기간 즉시",255
note_e68891082625,d013bed050cfb7e6668f35f276dfcbe104499a4d,b6fa09bb4f2e711645b25f12207959d1ec27622c,62,,"작성방법
─────────────────────────────────────────────────────────────
1. ①란은 신청인이 법 제113조에 따른 선임인에 해당하는 지 여부를 표시합니다.
1. ②란은 한국표준산업분류에 따른 사업의 종류를 적습니다.
2. ③란은 연구개발용 및 비연구개발용 중 하나를 표시합니다.
3. ④란은 화학제품의 명칭을 기재합니다.(물질안전보건자료(MSDS) 상의 제품명과 동일한 제품명을 기재합니다.)
4. 붙임 서류(LOC)에는 ⑤의 확인내용이 반드시 기재되어야 하며, 이를 증빙할 수 있도록 국외제조자의 직인(또는 서명/인)을
받아 제출해야 합니다.
─────────────────────────────────────────────────────────────
210mm×297mm[백상지(80g/㎡) 또는 중질지(80g/㎡)]","작성방법
 
1. ①란은 신청인이 법 제113조에 따른 선임인에 해당하는 지 여부를 표시합니다.
1. ②란은 한국표준산업분류에 따른 사업의 종류를 적습니다.
2. ③란은 연구개발용 및 비연구개발용 중 하나를 표시합니다.
3. ④란은 화학제품의 명칭을 기재합니다.(물질안전보건자료(MSDS) 상의 제품명과 동일한 제품명을 기재합니다.)
4. 붙임 서류(LOC)에는 ⑤의 확인내용이 반드시 기재되어야 하며, 이를 증빙할 수 있도록 국외제조자의 직인(또는 서명/인)을
받아 제출해야 합니다.
 
210mm×297mm[백상지(80g/㎡) 또는 중질지(80g/㎡)]",431
note_706f731e0701,a2ef592b4d8f07452c4b02601df76bbd4ce0c176,b6fa09bb4f2e711645b25f12207959d1ec27622c,63,,"※ 색상이 어두운 칸은 신청인이 적지 않으며, [ ]에는 해당되는 곳에 √표를 합니다.                              (앞쪽)
────────┬──────┬──────┬──────────────────────────────────────────────
접수번호      │접수일시    │처리일      │처리기간    1개월(2주)
────────┴──────┴──────┴──────────────────────────────────────────────","색상이 어두운 칸은 신청인이 적지 않으며, [ ]에는 해당되는 곳에 √표를 합니다. (앞쪽)
 
접수번호 접수일시 처리일 처리기간 1개월(2주)",268
note_ebbd6405f15a,a2ef592b4d8f07452c4b02601df76bbd4ce0c176,b6fa09bb4f2e711645b25f12207959d1ec27622c,63,,"작성방법
────────────────────────────────────────────────────────────────
1. ①란은 신청인이 법 제113조에 따른 선임인에 해당하는 지 여부를 표시합니다.
1. ②란은 한국표준산업분류에 따른 사업의 종류를 적습니다.
2. ③란은 화학물질의 제조 및 수입 중 하나를, 연구개발용 및 비연구개발용 중 하나를 표시합니다.
3. ④란은 화학제품의 명칭을 기재합니다.
4. ⑤란은 제품 내 구성성분에 대한 명칭(CAS No. 포함) 및 함유량 정보를 기재합니다.
- 구성성분별로 법 제104조에 따른 분류기준에 해당하는 화학물질인지 여부를 표시한 후 이에 해당하는 구성성분 중 비공개를
신청하고자 하는 명칭 및 함유량을 표시합니다.(명칭과 함유량 모두를 신청하거나 또는 그 중 어느 하나만을 신청할 수 있
습니다)
- 법 제104조에 따른 분류기준에 해당하는 화학물질에 대해서는 구성성분별로 건강ㆍ환경 유해성 및 물리적 위험성 정보를
기재합니다.
- 제품 내 구성성분 및 비공개를 신청하는 구성성분의 수 등을 기재합니다.(하나의 구성성분에 대해 명칭과 함유량 모두를
신청하거나 또는 그 중 어느 하나만을 신청하여도 1건으로 기재)
5. ⑥란은 ⑤란에서 비공개를 신청한 구성성분에 대해 고용노동부장관이 정하는 기재방법을 참고하여 승인받을 대체명칭 및 대
체함유량을 기재합니다.
6. ⑦란은 화학제품에 대한 건강ㆍ환경 유해성 및 물리적 위험성 정보를 기재합니다.
7. ⑧란은 연장승인 신청서에 한하여 최초로 승인받은 물질안전보건자료의 승인번호 및 승인기간을 기재합니다.
────────────────────────────────────────────────────────────────","작성방법
 
1. ①란은 신청인이 법 제113조에 따른 선임인에 해당하는 지 여부를 표시합니다.
1. ②란은 한국표준산업분류에 따른 사업의 종류를 적습니다.
2. ③란은 화학물질의 제조 및 수입 중 하나를, 연구개발용 및 비연구개발용 중 하나를 표시합니다.
3. ④란은 화학제품의 명칭을 기재합니다.
4. ⑤란은 제품 내 구성성분에 대한 명칭(CAS No. 포함) 및 함유량 정보를 기재합니다.
- 구성성분별로 법 제104조에 따른 분류기준에 해당하는 화학물질인지 여부를 표시한 후 이에 해당하는 구성성분 중 비공개를
신청하고자 하는 명칭 및 함유량을 표시합니다.(명칭과 함유량 모두를 신청하거나 또는 그 중 어느 하나만을 신청할 수 있
습니다)
- 법 제104조에 따른 분류기준에 해당하는 화학물질에 대해서는 구성성분별로 건강ㆍ환경 유해성 및 물리적 위험성 정보를
기재합니다.
- 제품 내 구성성분 및 비공개를 신청하는 구성성분의 수 등을 기재합니다.(하나의 구성성분에 대해 명칭과 함유량 모두를
신청하거나 또는 그 중 어느 하나만을 신청하여도 1건으로 기재)
5. ⑥란은 ⑤란에서 비공개를 신청한 구성성분에 대해 고용노동부장관이 정하는 기재방법을 참고하여 승인받을 대체명칭 및 대
체함유량을 기재합니다.
6. ⑦란은 화학제품에 대한 건강ㆍ환경 유해성 및 물리적 위험성 정보를 기재합니다.
7. ⑧란은 연장승인 신청서에 한하여 최초로 승인받은 물질안전보건자료의 승인번호 및 승인기간을 기재합니다.",854
note_fd968fea9088,68a28c874eea09e30cc935c0bf90ec3904a330e3,b6fa09bb4f2e711645b25f12207959d1ec27622c,64,,"※ 승인결과에 대해 이의가 있는 신청인은 같은 법 제112조제6항에 따라 이의신청할 수 있음을 알
려드립니다.","승인결과에 대해 이의가 있는 신청인은 같은 법 제112조제6항에 따라 이의신청할 수 있음을 알
려드립니다.",61
note_9b2fa7bc2ac8,e2e06c7095a9b5238bd4fd291a981c704618ec07,b6fa09bb4f2e711645b25f12207959d1ec27622c,65,,"※ 색상이 어두운 칸은 신청인이 적지 않으며, [ ]에는 해당되는 곳에 √표를 합니다.
────────┬────┬───────────┬──────────────────────────────────────
접수번호      │접수일시│처리일                │처리기간                                    14일
────────┴────┴───────────┴──────────────────────────────────────","색상이 어두운 칸은 신청인이 적지 않으며, [ ]에는 해당되는 곳에 √표를 합니다.
 
접수번호 접수일시 처리일 처리기간 14일",258
note_300d8830bca8,e2e06c7095a9b5238bd4fd291a981c704618ec07,b6fa09bb4f2e711645b25f12207959d1ec27622c,65,,"작성방법
────────────────────────────────────────────────────────────────",작성방법,69
note_c3b75a1ce8a5,e2e06c7095a9b5238bd4fd291a981c704618ec07,b6fa09bb4f2e711645b25f12207959d1ec27622c,65,,"※ 신청인은 비공개 승인 또는 연장승인 결과에 대해 1회에 한하여 이의신청할 수 있습니다.
1. ①란은 신청인이 법 제113조에 따른 선임인에 해당하는 지 여부를 표시합니다.
2. ②란은 한국표준산업분류에 따른 사업의 종류를 적습니다.
3. ③란은 최초 신청 결과에 대한 이의신청인지 또는 연장승인 신청 결과에 대한 이의신청인지 여부를 승인번호와 함께 기재합니다.
4. ④란은 화학제품의 명칭을 기재합니다.
5. ⑤란은 불승인 된 화학물질의 정보와 이의신청의 취지 및 사유를 함께 작성합니다.
────────────────────────────────────────────────────────────────","신청인은 비공개 승인 또는 연장승인 결과에 대해 1회에 한하여 이의신청할 수 있습니다.
1. ①란은 신청인이 법 제113조에 따른 선임인에 해당하는 지 여부를 표시합니다.
2. ②란은 한국표준산업분류에 따른 사업의 종류를 적습니다.
3. ③란은 최초 신청 결과에 대한 이의신청인지 또는 연장승인 신청 결과에 대한 이의신청인지 여부를 승인번호와 함께 기재합니다.
4. ④란은 화학제품의 명칭을 기재합니다.
5. ⑤란은 불승인 된 화학물질의 정보와 이의신청의 취지 및 사유를 함께 작성합니다.",340
note_5dda594b6273,70e76364be9902e40bafcf4ca4f6a43f1f8497ac,b6fa09bb4f2e711645b25f12207959d1ec27622c,68,,"※ 색상이 어두운 칸은 신청인이 적지 않으며, [ ]에는 해당되는 곳에 √표를 합니다.
─────────┬───────┬───────────┬───────────────────────────────────
접수번호        │접수일시      │처리일                │처리기간    7일
─────────┴───────┴───────────┴───────────────────────────────────","색상이 어두운 칸은 신청인이 적지 않으며, [ ]에는 해당되는 곳에 √표를 합니다.
 
접수번호 접수일시 처리일 처리기간 7일",235
note_9d629e1da3a7,70e76364be9902e40bafcf4ca4f6a43f1f8497ac,b6fa09bb4f2e711645b25f12207959d1ec27622c,68,,"작성방법
─────────────────────────────────────────────────────────────────
1. ①란은 물질안전보건자료를 제조한 자로서 수입하는 자를 갈음하는 자를 선임하고자 하는 국외제조자의 정보를 기재합니다.
2. ②란은 국외제조자가 수입하는 자를 갈음하여 선임(해임)하고자 하는 선임(해임) 대상자의 정보를 기재합니다.
3. ③란에서 1(물질안전보건자료의 작성ㆍ제출)~2(화학물질의 명칭ㆍ함유량 또는 확인서류 제출)는 함께 선임해야 하며, 3(대체
자료 기재, 유효기간 연장 승인 또는 이의신청)을 선임하는 경우에도 1(물질안전보건자료의 작성ㆍ제출)~2(화학물질의 명칭
ㆍ함유량 또는 확인서류 제출)은 함께 선임해야 합니다.
4. ④란은 선임하는 경우(해임서인 경우는 제외) 선임계약서 등을 통해 확인 가능한 선임기간을 기재합니다.(선임계약서에 별도의
선임기간이 없는 경우 최대 5년을 경과할 수 없음)
─────────────────────────────────────────────────────────────────","작성방법
 
1. ①란은 물질안전보건자료를 제조한 자로서 수입하는 자를 갈음하는 자를 선임하고자 하는 국외제조자의 정보를 기재합니다.
2. ②란은 국외제조자가 수입하는 자를 갈음하여 선임(해임)하고자 하는 선임(해임) 대상자의 정보를 기재합니다.
3. ③란에서 1(물질안전보건자료의 작성ㆍ제출)~2(화학물질의 명칭ㆍ함유량 또는 확인서류 제출)는 함께 선임해야 하며, 3(대체
자료 기재, 유효기간 연장 승인 또는 이의신청)을 선임하는 경우에도 1(물질안전보건자료의 작성ㆍ제출)~2(화학물질의 명칭
ㆍ함유량 또는 확인서류 제출)은 함께 선임해야 합니다.
4. ④란은 선임하는 경우(해임서인 경우는 제외) 선임계약서 등을 통해 확인 가능한 선임기간을 기재합니다.(선임계약서에 별도의
선임기간이 없는 경우 최대 5년을 경과할 수 없음)",538
note_fe1044561d16,2af5c14b3926a5bbc3b3c34d0ae9ba64a9d92914,b6fa09bb4f2e711645b25f12207959d1ec27622c,70,,"※ 공지사항과 작성방법을 확인하고 작성하여 주시기 바라며, [  ]에는 해당되는 곳에 √ 표시를 합니다.   (앞 쪽)
─────────────┬──────┬──────┬─────────────────────────────
접수번호                │접수일자    │처리일자    │처리기간    20일
─────────────┴──────┴──────┴─────────────────────────────","공지사항과 작성방법을 확인하고 작성하여 주시기 바라며, [ ]에는 해당되는 곳에 √ 표시를 합니다. (앞 쪽)
 
접수번호 접수일자 처리일자 처리기간 20일",233
note_80296f11c6f5,2af5c14b3926a5bbc3b3c34d0ae9ba64a9d92914,b6fa09bb4f2e711645b25f12207959d1ec27622c,70,,"작성방법
──────────────────────────────────────────────────────────────
1. 서식 제목 중 제조ㆍ사용ㆍ수입의 해당란에 [√] 표시를 합니다.
2. 제품의 양란에는 제조·사용 기간의 총량을 적습니다.
3. 건물 개요란에는 제조등금지물질을 제조ㆍ사용하는 작업장을 적습니다.
4. 구조(바닥 포함)란에는 철근콘크리트조, 목조 등의 구분과 바닥의 재질을 적습니다.
5. 제조설비 개요란에는 주요 제조설비를 적고, 주요 제조설비 등의 밀폐 상태 및 배관의 접속부를 나타내는 도면 또는 드래프트 체임버의 구조를
나타내는 도면을 첨부합니다.
6. 제조등금지물질을 넣는 용기란에는 용기의 재질과 용량을 적습니다.
7. 불침투성 보호앞치마란과 불침투성 보호장갑란에는 해당 보호구의 재질과 개수를 적습니다.
8. 그 밖의 보호구란에는 방진마스크, 방독마스크 등의 종류와 개수를 적습니다.
9. 참고사항란에는 정기건강진단의 실시 여부와 실시기관명을 적되, 제조등금지물질을 수입하는 경우에는 수입 사무를 대행하는 기관명과 주소를
적습니다.
──────────────────────────────────────────────────────────────","작성방법
 
1. 서식 제목 중 제조ㆍ사용ㆍ수입의 해당란에 [√] 표시를 합니다.
2. 제품의 양란에는 제조·사용 기간의 총량을 적습니다.
3. 건물 개요란에는 제조등금지물질을 제조ㆍ사용하는 작업장을 적습니다.
4. 구조(바닥 포함)란에는 철근콘크리트조, 목조 등의 구분과 바닥의 재질을 적습니다.
5. 제조설비 개요란에는 주요 제조설비를 적고, 주요 제조설비 등의 밀폐 상태 및 배관의 접속부를 나타내는 도면 또는 드래프트 체임버의 구조를
나타내는 도면을 첨부합니다.
6. 제조등금지물질을 넣는 용기란에는 용기의 재질과 용량을 적습니다.
7. 불침투성 보호앞치마란과 불침투성 보호장갑란에는 해당 보호구의 재질과 개수를 적습니다.
8. 그 밖의 보호구란에는 방진마스크, 방독마스크 등의 종류와 개수를 적습니다.
9. 참고사항란에는 정기건강진단의 실시 여부와 실시기관명을 적되, 제조등금지물질을 수입하는 경우에는 수입 사무를 대행하는 기관명과 주소를
적습니다.",604
note_e5bae0fc0298,95a8c20ce6b922657b6ed6abe777a60b720141f7,b6fa09bb4f2e711645b25f12207959d1ec27622c,73,,"※ [  ]에는 해당되는 곳에 √ 표시를 합니다.
──────┬────────────────────┬──────────────────────
신청인    │성명                                    │대표자 성명
├────────────────────┴──────────────────────
│사업장 명칭
├───────────────────────────────────────────
│주소
──────┴───────────────────────────────────────────","[ ]에는 해당되는 곳에 √ 표시를 합니다.
 
신청인 성명 대표자 성명
 
 사업장 명칭
 
 주소",285
note_b76fd6a88a95,fbfc1ca4b21a295337d24da00fb0f519bfb8f3e1,b6fa09bb4f2e711645b25f12207959d1ec27622c,74,,"※ 뒤쪽의 작성방법과 공지사항을 확인하고 작성하여 주시기 바라며, [  ]에는 해당되는 곳에 √ 표시를 합니다.  (앞쪽)
──────────┬───────────────┬──────────────┬────────────────────────
접수번호          │접수일                        │처리일                      │처리기간                      20일
──────────┴───────────────┴──────────────┴────────────────────────","뒤쪽의 작성방법과 공지사항을 확인하고 작성하여 주시기 바라며, [ ]에는 해당되는 곳에 √ 표시를 합니다. (앞쪽)
 
접수번호 접수일 처리일 처리기간 20일",301
note_3e21f3b698c5,fbfc1ca4b21a295337d24da00fb0f519bfb8f3e1,b6fa09bb4f2e711645b25f12207959d1ec27622c,74,,"작성방법
────────────────────────────────────────────────────────────
""해체ㆍ제거 대상""란 중
가. 건축물, 설비는 구분하여 해당란에 [√] 표시를 합니다.
나. ""위치""란에는 건축물의 경우 건물의 호수(실)나 층수를 적되, 동을 달리하는 경우에는 각 위치별(동ㆍ층수ㆍ호수별)로 구분하여 작성
하고, 설비의 경우에도 설비의 위치 및 설비별로 구분하여 작성한 후 별지로 첨부해야 합니다.","작성방법
 
""해체ㆍ제거 대상""란 중
가. 건축물, 설비는 구분하여 해당란에 [√] 표시를 합니다.
나. ""위치""란에는 건축물의 경우 건물의 호수(실)나 층수를 적되, 동을 달리하는 경우에는 각 위치별(동ㆍ층수ㆍ호수별)로 구분하여 작성
하고, 설비의 경우에도 설비의 위치 및 설비별로 구분하여 작성한 후 별지로 첨부해야 합니다.",242
note_c78c1c1c4367,fbfc1ca4b21a295337d24da00fb0f519bfb8f3e1,b6fa09bb4f2e711645b25f12207959d1ec27622c,74,,"※ 위치(설비)별로 종류 및 재질이 같은 경우에는 함께 작성 가능
다. ""종류""란에는 해체ㆍ제거를 하는 건축물이나 설비의 각 구조부분을 빠짐없이 적어야 합니다.
라. ""재질""란에는 해당 재질의 이름이나 상품명 등을 적습니다.","위치(설비)별로 종류 및 재질이 같은 경우에는 함께 작성 가능
다. ""종류""란에는 해체ㆍ제거를 하는 건축물이나 설비의 각 구조부분을 빠짐없이 적어야 합니다.
라. ""재질""란에는 해당 재질의 이름이나 상품명 등을 적습니다.",125
note_68ef1da7de87,fbfc1ca4b21a295337d24da00fb0f519bfb8f3e1,b6fa09bb4f2e711645b25f12207959d1ec27622c,74,,"※ 예시) 시멘트, 목재, 석고보드, 슬레이트, ○○텍스 등
마. 각 란에 해당 사항이 없으면 ""없음""으로 적습니다.
────────────────────────────────────────────────────────────","예시) 시멘트, 목재, 석고보드, 슬레이트, 텍스 등
마. 각 란에 해당 사항이 없으면 ""없음""으로 적습니다.",126
note_5b964a927f38,f8927a8ad144de8fd70dc4619a59015090235a30,b6fa09bb4f2e711645b25f12207959d1ec27622c,77,,"※ 유의사항을 읽고 작성하여 주시기 바라며 [  ]에는 √ 표시를 합니다.              (앞쪽)
────────────────┬──────────────────┬──────────────────
신고번호                      │(지방고용노동관서명)    -    호     │처리기간  7 일
────────────────┴──────────────────┴──────────────────","유의사항을 읽고 작성하여 주시기 바라며 [ ]에는 √ 표시를 합니다. (앞쪽)
 
신고번호 (지방고용노동관서명) - 호 처리기간 7 일",233
note_6ac467e8625a,f8927a8ad144de8fd70dc4619a59015090235a30,b6fa09bb4f2e711645b25f12207959d1ec27622c,77,,"※ 석면함유자재(물질)의 종류 및 면적의 내용이나 작업근로자가 많을 경우 별첨하여 제출합니다.
──────────────────────────────────────────────────────
「산업안전보건법」 제122조제3항 및 같은 법 시행규칙 제181조제1항에 따라 위와 같이 신고합니다.","석면함유자재(물질)의 종류 및 면적의 내용이나 작업근로자가 많을 경우 별첨하여 제출합니다.
 
「산업안전보건법」 제122조제3항 및 같은 법 시행규칙 제181조제1항에 따라 위와 같이 신고합니다.",164
note_caa7f4e96560,f8927a8ad144de8fd70dc4619a59015090235a30,b6fa09bb4f2e711645b25f12207959d1ec27622c,77,,"유의사항
──────────────────────────────────────────────────────────
1. 「유아교육법」 제2조제2호에 따른 유치원, 「초ㆍ중등교육법」 제2조에 따른 학교 또는 「고등교육법」
제2조에 따른 학교 건축물이나 설비에 대하여 해체ㆍ제거작업을 수행할 경우에는 유치원 또는 학교에
√ 표시를 합니다.
2. 「도시 및 주거환경정비법」 제2조에 따른 주택재개발사업, 주택재건축사업 등 정비사업으로 인해
건축물이나 설비에 대하여 해체ㆍ제거작업을 수행할 경우에는 정비사업에 √ 표시를 합니다.
3. 제1호 및 제2호에 해당하지 않는 건축물이나 설비에 대하여 해체ㆍ제거작업을 수행할 경우에는 기타
에 √ 표시를 합니다.
4. 현장책임자는 「산업안전보건법 시행규칙」 제186조에 따라 석면해체ㆍ제거업자가 등록한 인력 중 실
제로 석면해체ㆍ제거작업 현장을 총괄ㆍ관리하는 사람으로 적습니다.
5. 해체기간, 석면함유자재(물질)의 종류 및 면적, 현장책임자, 작업근로자가 변경된 경우에는 별지 78
호서식의 석면해체ㆍ제거작업 변경 신고서를 제출해야 합니다. 다만, 석면함유자재(물질)의 종류가 감
소하거나 석면함유자재(물질)의 종류별 석면해체ㆍ제거작업 면적이 축소되는 경우에는 변경 신고서를
제출하지 않습니다.
──────────────────────────────────────────────────────────","유의사항
 
1. 「유아교육법」 제2조제2호에 따른 유치원, 「초ㆍ중등교육법」 제2조에 따른 학교 또는 「고등교육법」
제2조에 따른 학교 건축물이나 설비에 대하여 해체ㆍ제거작업을 수행할 경우에는 유치원 또는 학교에
√ 표시를 합니다.
2. 「도시 및 주거환경정비법」 제2조에 따른 주택재개발사업, 주택재건축사업 등 정비사업으로 인해
건축물이나 설비에 대하여 해체ㆍ제거작업을 수행할 경우에는 정비사업에 √ 표시를 합니다.
3. 제1호 및 제2호에 해당하지 않는 건축물이나 설비에 대하여 해체ㆍ제거작업을 수행할 경우에는 기타
에 √ 표시를 합니다.
4. 현장책임자는 「산업안전보건법 시행규칙」 제186조에 따라 석면해체ㆍ제거업자가 등록한 인력 중 실
제로 석면해체ㆍ제거작업 현장을 총괄ㆍ관리하는 사람으로 적습니다.
5. 해체기간, 석면함유자재(물질)의 종류 및 면적, 현장책임자, 작업근로자가 변경된 경우에는 별지 78
호서식의 석면해체ㆍ제거작업 변경 신고서를 제출해야 합니다. 다만, 석면함유자재(물질)의 종류가 감
소하거나 석면함유자재(물질)의 종류별 석면해체ㆍ제거작업 면적이 축소되는 경우에는 변경 신고서를
제출하지 않습니다.",691
note_95b10fb38fa9,e99df9af541a0f3f43d3956ee6233326879b8b0e,b6fa09bb4f2e711645b25f12207959d1ec27622c,82,,※ [  ]에는 해당하는 곳에 √ 표시를 합니다.,[ ]에는 해당하는 곳에 √ 표시를 합니다.,27
note_a82527dfcfc3,74e9c59b6e6c8bd4fba1d485dacb96faa4f64f31,b6fa09bb4f2e711645b25f12207959d1ec27622c,83,sec_245aa28deba5,"※ 회사에 비치된 물질안전보건자료(MSDS)를 이용하여 자세히 적습니다.
━━━━━━━━━━━━━━━━━━━━━━━━━━━━━━━━━━━━━━━━━━━━━━━━━━━━━━━━━━━━",회사에 비치된 물질안전보건자료(MSDS)를 이용하여 자세히 적습니다.,101
note_22feb47dde53,74e9c59b6e6c8bd4fba1d485dacb96faa4f64f31,b6fa09bb4f2e711645b25f12207959d1ec27622c,83,sec_7d8b4405a96d,"작성방법
──────────────────────────────────────────────────────────",작성방법,63
note_0b00bdc4a210,74e9c59b6e6c8bd4fba1d485dacb96faa4f64f31,b6fa09bb4f2e711645b25f12207959d1ec27622c,83,sec_f15fa14ae4d6,"※ 측정농도의 평가 결과 노출기준을 초과한 유해인자를 중심으로 다음과 같이 작성합니다.
1) 측정 결과의 평가: 고용노동부장관이 정하는 측정농도의 평가방법으로 평가하여 노출기준 초과 여부를 상세히 적습니다.
2) 작업환경설비 실태 및 문제점
3) 대책: 공학적ㆍ관리적ㆍ개인위생적 측면으로 제시하되, 필요 시 별지에 작성합니다.","측정농도의 평가 결과 노출기준을 초과한 유해인자를 중심으로 다음과 같이 작성합니다.
1) 측정 결과의 평가: 고용노동부장관이 정하는 측정농도의 평가방법으로 평가하여 노출기준 초과 여부를 상세히 적습니다.
2) 작업환경설비 실태 및 문제점
3) 대책: 공학적ㆍ관리적ㆍ개인위생적 측면으로 제시하되, 필요 시 별지에 작성합니다.",182
note_501ad81b104c,0b3c38e25afef5e1cc270b08e9d04e30f1ff94f3,b6fa09bb4f2e711645b25f12207959d1ec27622c,84,,"작성방법
─────────────────────────────────────────
1) 이 법에 해당하는 건강진단 항목만 기재
2) 검진 소견, 사후관리 소견, 업무를 수행하는 데 적합 여부는 요관찰자, 유소견자 등 이상 소견이 있는 검진자의 경우만 기재
─────────────────────────────────────────","작성방법
 
1) 이 법에 해당하는 건강진단 항목만 기재
2) 검진 소견, 사후관리 소견, 업무를 수행하는 데 적합 여부는 요관찰자, 유소견자 등 이상 소견이 있는 검진자의 경우만 기재",185
note_d263d0a01846,3a3800e3b3b40461e50faae0adc8070fa0c4d338,b6fa09bb4f2e711645b25f12207959d1ec27622c,85,,"※ 사업주는 특수건강진단ㆍ수시건강진단ㆍ임시건강진단 결과, 근로금지 및 제한, 작업전환, 근로시간 단
축, 직업병 확진 의뢰 안내가 필요하다는 건강진단 의사의 소견이 있는 근로자에 대해서는 「산업안전보
건법」 제132조제5항에 따라 건강진단결과를 송부 받은 날로부터 30일 이내에 조치 결과 또는 조치
계획을 지방고용노동관서에 제출해야 하며, 제출하지 않은 경우에는 같은 법 제175조제6항제15호에 따
라 300만원 이하의 과태료를 부과하게 됩니다.
────────────────────────────────────────────────
사업장명:                                 실시기간:
───┬──┬──┬──┬──┬──┬─────┬──┬───┬────┬───────────
공정│성명│성별│나이│근속│유해│생물학적  │건강│검진  │사후관리│업무수행
│    │    │    │연수│인자│노출지표  │구분│소견3)│소견3)  │적합 여부3)
│    │    │    │    │    │(참고치)2)│    │      │        │
───┼──┼──┼──┼──┼──┼─────┼──┼───┼────┼───────────
│    │    │    │    │    │          │    │      │        │
───┴──┴──┴──┴──┴──┴─────┴──┴───┴────┴───────────
년          월          일","사업주는 특수건강진단ㆍ수시건강진단ㆍ임시건강진단 결과, 근로금지 및 제한, 작업전환, 근로시간 단
축, 직업병 확진 의뢰 안내가 필요하다는 건강진단 의사의 소견이 있는 근로자에 대해서는 「산업안전보
건법」 제132조제5항에 따라 건강진단결과를 송부 받은 날로부터 30일 이내에 조치 결과 또는 조치
계획을 지방고용노동관서에 제출해야 하며, 제출하지 않은 경우에는 같은 법 제175조제6항제15호에 따
라 300만원 이하의 과태료를 부과하게 됩니다.
 
사업장명: 실시기간:
 
공정 성명 성별 나이 근속 유해 생물학적 건강 검진 사후관리 업무수행
 연수 인자 노출지표 구분 소견3) 소견3) 적합 여부3)
 (참고치)2) 

년 월 일",725
note_f5b7bbeb71d9,3a3800e3b3b40461e50faae0adc8070fa0c4d338,b6fa09bb4f2e711645b25f12207959d1ec27622c,85,,"작성방법
────────────────────────────────────────────────
1) 이 법에 해당하는 건강진단 항목만 기재
2) 생물학적 노출지표(BEI) 검사 결과는 해당 근로자만 기재
3) 검진 소견, 사후관리 소견, 업무수행 적합 여부는 요관찰자, 유소견자 등 이상 소견이 있는 검진자의 경우만 적음
────────────────────────────────────────────────","작성방법
 
1) 이 법에 해당하는 건강진단 항목만 기재
2) 생물학적 노출지표(BEI) 검사 결과는 해당 근로자만 기재
3) 검진 소견, 사후관리 소견, 업무수행 적합 여부는 요관찰자, 유소견자 등 이상 소견이 있는 검진자의 경우만 적음",229
note_3440093ecfb3,3d0b972e80b1c1c7e2958d3022a3eb75cd33cfdd,b6fa09bb4f2e711645b25f12207959d1ec27622c,86,,"작성방법
────────────────────────────────────────────────────
1. 사후관리조치 소견 현황은 송부 받은 건강진단결과표와 동일하게 작성
2. 사후관리조치 결과 중 성명, 성별, 나이, 유해인자, 건강구분, 사후관리소견은 송부 받은 건강진단결과표와 동일하게 작성
3. 송부받은 날은 기관으로부터 건강진단결과를 송부 받은 일자 작성
────────────────────────────────────────────────────
210mm×297mm[백상지(80g/㎡) 또는 중질지(80g/㎡)]","작성방법
 
1. 사후관리조치 소견 현황은 송부 받은 건강진단결과표와 동일하게 작성
2. 사후관리조치 결과 중 성명, 성별, 나이, 유해인자, 건강구분, 사후관리소견은 송부 받은 건강진단결과표와 동일하게 작성
3. 송부받은 날은 기관으로부터 건강진단결과를 송부 받은 일자 작성
 
210mm×297mm[백상지(80g/㎡) 또는 중질지(80g/㎡)]",296
note_dada4af5e36f,eee4c57f2b1ac66116302bdf323b311a1fb379a2,b6fa09bb4f2e711645b25f12207959d1ec27622c,100,,"※ 색상이 어두운 칸은 신청인이 적지 않으며, [ ]에는 해당되는 곳에 √표를 합니다.
───────┬─────────────┬───────────────────────────
접수번호    │접수일시                  │처리기간
───────┴─────────────┴───────────────────────────","색상이 어두운 칸은 신청인이 적지 않으며, [ ]에는 해당되는 곳에 √표를 합니다.
 
접수번호 접수일시 처리기간",185
note_6e52e6114148,59f543c8d4f73e1311a7e2b3a236f6d8cc4f1c22,6829c042a13cbb8b01ddcbda35f6fd683c0f77c1,1,,"비고: 제1호부터 제6호까지의 규정에 따른 사업에 둘 이상 해당하는 사업의 경우
에는 각각의 호에 따라 적용이 제외되는 규정은 모두 적용하지 않는다.","비고: 제1호부터 제6호까지의 규정에 따른 사업에 둘 이상 해당하는 사업의 경우
에는 각각의 호에 따라 적용이 제외되는 규정은 모두 적용하지 않는다.",83
note_3b12cafe874f,c48d12e8b232d4fcff04c929f14fef54aecf2ac0,6829c042a13cbb8b01ddcbda35f6fd683c0f77c1,3,,"비고
1. 철거공사가 포함된 건설공사의 경우 철거공사만 이루어지는 기간은 전체
공사기간에는 산입되나 전체 공사기간 중 전ㆍ후 15에 해당하는 기간에는
산입되지 않는다. 이 경우 전체 공사기간 중 전ㆍ후 15에 해당하는 기간은
철거공사만 이루어지는 기간을 제외한 공사기간을 기준으로 산정한다.
2. 철거공사만 이루어지는 기간에는 공사금액별로 선임해야 하는 최소 안전관
리자 수 이상으로 안전관리자를 선임해야 한다.","비고
1. 철거공사가 포함된 건설공사의 경우 철거공사만 이루어지는 기간은 전체
공사기간에는 산입되나 전체 공사기간 중 전ㆍ후 15에 해당하는 기간에는
산입되지 않는다. 이 경우 전체 공사기간 중 전ㆍ후 15에 해당하는 기간은
철거공사만 이루어지는 기간을 제외한 공사기간을 기준으로 산정한다.
2. 철거공사만 이루어지는 기간에는 공사금액별로 선임해야 하는 최소 안전관
리자 수 이상으로 안전관리자를 선임해야 한다.",230
note_ff8fa5affcc1,4c86496e964522fe12b3b11450fc7a8313f469c4,6829c042a13cbb8b01ddcbda35f6fd683c0f77c1,7,sec_b73644d95597,"비고: 사업장 수 600개소를 초과하거나 근로자 수 4만명을 초과하는 경우
에는 사업장 수 30개소 또는 근로자 수 2천명을 초과할 때마다 자격
별 인력기준 가목1)부터 4)까지의 어느 하나에 해당하는 사람 중 1
명을 추가해야 한다. 이 경우 누적 사업장 수가 150개소 또는 누적
근로자 수가 1만명을 초과할 때마다 추가해야 하는 사람은 자격별
인력기준 가목1)부터 3)까지의 어느 하나에 해당하는 사람 중 1명으
로 한다.
2) 장비기준: 인력 3명을 기준으로 3명을 추가할 때마다 가목 표의 장비란
중 2)ㆍ5)ㆍ6) 및 13)(저압용 검전기만 해당한다)을 각각 추가로
갖추어야 한다.","비고: 사업장 수 600개소를 초과하거나 근로자 수 4만명을 초과하는 경우
에는 사업장 수 30개소 또는 근로자 수 2천명을 초과할 때마다 자격
별 인력기준 가목1)부터 4)까지의 어느 하나에 해당하는 사람 중 1
명을 추가해야 한다. 이 경우 누적 사업장 수가 150개소 또는 누적
근로자 수가 1만명을 초과할 때마다 추가해야 하는 사람은 자격별
인력기준 가목1)부터 3)까지의 어느 하나에 해당하는 사람 중 1명으
로 한다.
2) 장비기준: 인력 3명을 기준으로 3명을 추가할 때마다 가목 표의 장비란
중 2)ㆍ5)ㆍ6) 및 13)(저압용 검전기만 해당한다)을 각각 추가로
갖추어야 한다.",331
note_34c0e46f3018,c2db3d9db14f27661ab1e3a7c61af971d4f75d23,6829c042a13cbb8b01ddcbda35f6fd683c0f77c1,8,sec_2019c0cbc074,"비고
1. 사업장 수 451개소 이상 또는 근로자 수 45,001명 이상인 경우 사업장
150개소마다 또는 근로자 15,000명마다 가목1)가)에 해당하는 사람 1명
을 추가해야 하며, 사업장 25개소마다 또는 근로자 2,500명마다 가목1)
나)ㆍ다) 또는 라)에 해당하는 사람 중 1명을 추가해야 한다.
2. 사업장 수에 따른 인력기준과 근로자 수에 따른 인력기준이 서로 다
른 경우에는 그 중 더 중한 기준에 따라야 한다.
3. ??*??는 해당 기관이 특수건강진단기관으로 별도 지정ㆍ운영되고 있
는 경우 의사 1명은 업무 수행에 지장이 없는 범위에서 특수건강진단
기관 의사를 활용할 수 있음을 나타낸다.","비고
1. 사업장 수 451개소 이상 또는 근로자 수 45,001명 이상인 경우 사업장
150개소마다 또는 근로자 15,000명마다 가목1)가)에 해당하는 사람 1명
을 추가해야 하며, 사업장 25개소마다 또는 근로자 2,500명마다 가목1)
나)ㆍ다) 또는 라)에 해당하는 사람 중 1명을 추가해야 한다.
2. 사업장 수에 따른 인력기준과 근로자 수에 따른 인력기준이 서로 다
른 경우에는 그 중 더 중한 기준에 따라야 한다.
3. ??*??는 해당 기관이 특수건강진단기관으로 별도 지정ㆍ운영되고 있
는 경우 의사 1명은 업무 수행에 지장이 없는 범위에서 특수건강진단
기관 의사를 활용할 수 있음을 나타낸다.",341
note_92008279d354,5969cbb8d3c095e941a9de5d327617f5832b3208,6829c042a13cbb8b01ddcbda35f6fd683c0f77c1,13,,"비고
1. “인화성 가스”란 인화한계 농도의 최저한도가 13% 이하 또는 최고한도와 최저한도의 차
가 12% 이상인 것으로서 표준압력(101.3 ㎪)에서 20℃에서 가스 상태인 물질을 말한다.
2. 인화성 가스 중 사업장 외부로부터 배관을 통해 공급받아 최초 압력조정기 후단 이후
의 압력이 0.1 MPa(계기압력) 미만으로 취급되는 사업장의 연료용 도시가스(메탄 중량
성분 85% 이상으로 이 표에 따른 유해?위험물질이 없는 설비에 공급되는 경우에 한정
한다)는 취급 규정량을 50,000kg으로 한다.
3. 인화성 액체란 표준압력(101.3 ㎪)에서 인화점이 60℃ 이하이거나 고온ㆍ고압의 공정운
전조건으로 인하여 화재ㆍ폭발위험이 있는 상태에서 취급되는 가연성 물질을 말한다.
4. 인화점의 수치는 태그밀폐식 또는 펜스키마르테르식 등의 밀폐식 인화점 측정기로 표
준압력(101.3 ㎪)에서 측정한 수치 중 작은 수치를 말한다.
5. 유해ㆍ위험물질의 규정량이란 제조ㆍ취급ㆍ저장 설비에서 공정과정 중에 저장되는 양
을 포함하여 하루 동안 최대로 제조ㆍ취급 또는 저장할 수 있는 양을 말한다.
6. 규정량은 화학물질의 순도 100%를 기준으로 산출하되, 농도가 규정되어 있는 화학물
질은 그 규정된 농도를 기준으로 한다.
7. 사업장에서 다음 각 목의 구분에 따라 해당 유해ㆍ위험물질을 그 규정량 이상 제조ㆍ취급
ㆍ저장하는 경우에는 유해ㆍ위험설비로 본다.
가. 한 종류의 유해ㆍ위험물질을 제조ㆍ취급ㆍ저장하는 경우: 해당 유해ㆍ위험물질의 규정
량 대비 하루 동안 제조ㆍ취급 또는 저장할 수 있는 최대치 중 가장 큰 값()이 1 이상
인 경우
나. 두 종류 이상의 유해ㆍ위험물질을 제조ㆍ취급ㆍ저장하는 경우: 유해ㆍ위험물질별로 가
목에 따른 가장 큰 값()을 각각 구하여 합산한 값(R)이 1 이상인 경우, 그 계산식은 다
음과 같다.","비고
1. “인화성 가스”란 인화한계 농도의 최저한도가 13% 이하 또는 최고한도와 최저한도의 차
가 12% 이상인 것으로서 표준압력(101.3 ㎪)에서 20℃에서 가스 상태인 물질을 말한다.
2. 인화성 가스 중 사업장 외부로부터 배관을 통해 공급받아 최초 압력조정기 후단 이후
의 압력이 0.1 MPa(계기압력) 미만으로 취급되는 사업장의 연료용 도시가스(메탄 중량
성분 85% 이상으로 이 표에 따른 유해?위험물질이 없는 설비에 공급되는 경우에 한정
한다)는 취급 규정량을 50,000kg으로 한다.
3. 인화성 액체란 표준압력(101.3 ㎪)에서 인화점이 60℃ 이하이거나 고온ㆍ고압의 공정운
전조건으로 인하여 화재ㆍ폭발위험이 있는 상태에서 취급되는 가연성 물질을 말한다.
4. 인화점의 수치는 태그밀폐식 또는 펜스키마르테르식 등의 밀폐식 인화점 측정기로 표
준압력(101.3 ㎪)에서 측정한 수치 중 작은 수치를 말한다.
5. 유해ㆍ위험물질의 규정량이란 제조ㆍ취급ㆍ저장 설비에서 공정과정 중에 저장되는 양
을 포함하여 하루 동안 최대로 제조ㆍ취급 또는 저장할 수 있는 양을 말한다.
6. 규정량은 화학물질의 순도 100%를 기준으로 산출하되, 농도가 규정되어 있는 화학물
질은 그 규정된 농도를 기준으로 한다.
7. 사업장에서 다음 각 목의 구분에 따라 해당 유해ㆍ위험물질을 그 규정량 이상 제조ㆍ취급
ㆍ저장하는 경우에는 유해ㆍ위험설비로 본다.
가. 한 종류의 유해ㆍ위험물질을 제조ㆍ취급ㆍ저장하는 경우: 해당 유해ㆍ위험물질의 규정
량 대비 하루 동안 제조ㆍ취급 또는 저장할 수 있는 최대치 중 가장 큰 값()이 1 이상
인 경우
나. 두 종류 이상의 유해ㆍ위험물질을 제조ㆍ취급ㆍ저장하는 경우: 유해ㆍ위험물질별로 가
목에 따른 가장 큰 값()을 각각 구하여 합산한 값(R)이 1 이상인 경우, 그 계산식은 다
음과 같다.",911
note_14e2d651a46c,5969cbb8d3c095e941a9de5d327617f5832b3208,6829c042a13cbb8b01ddcbda35f6fd683c0f77c1,13,,"주) Cn: 유해ㆍ위험물질별(n) 규정량과 비교하여 하루 동안 제조ㆍ취급 또는 저장할 수 있는 최
대치 중 가장 큰 값
Tn: 유해ㆍ위험물질별(n) 규정량
8. 가스를 전문으로 저장ㆍ판매하는 시설 내의 가스는 이 표의 규정량 산정에서 제외한
다.","주) Cn: 유해ㆍ위험물질별(n) 규정량과 비교하여 하루 동안 제조ㆍ취급 또는 저장할 수 있는 최
대치 중 가장 큰 값
Tn: 유해ㆍ위험물질별(n) 규정량
8. 가스를 전문으로 저장ㆍ판매하는 시설 내의 가스는 이 표의 규정량 산정에서 제외한
다.",137
note_a17712a66c6d,298cbb4960bc08a0f6eb0ae1109cda30e7527a86,6829c042a13cbb8b01ddcbda35f6fd683c0f77c1,17,,"비고: 인원은 보건진단 대상 사업장 120개소를 기준으로 120개소를 초과할 때마
다 인력별로 1명씩 추가한다.","비고: 인원은 보건진단 대상 사업장 120개소를 기준으로 120개소를 초과할 때마
다 인력별로 1명씩 추가한다.",62
note_1ba00e023c0d,1f77fcb4a8fefeadca049599bbfd658dc9db8c5a,6829c042a13cbb8b01ddcbda35f6fd683c0f77c1,18,sec_4521d3f7232e,"※ 단, 소수점은 버린다.
기술지도 횟수(회) =   공사기간(일)
────────
15일","단, 소수점은 버린다.
기술지도 횟수(회) = 공사기간(일)
 
15일",50
note_43c9655852ed,7c0b2c756dfd9e9330703c3f6eed10f3402c8658,6829c042a13cbb8b01ddcbda35f6fd683c0f77c1,19,,"비고: 지도인력기준란 3)과 4)를 합한 인력 수는 1)과 2)를 합한 인력의 3배를
초과할 수 없다.","비고: 지도인력기준란 3)과 4)를 합한 인력 수는 1)과 2)를 합한 인력의 3배를
초과할 수 없다.",57
note_773668d32c8a,7c0b2c756dfd9e9330703c3f6eed10f3402c8658,6829c042a13cbb8b01ddcbda35f6fd683c0f77c1,19,,"비고: 지도인력기준란 3)과 4)를 합한 인력의 수는 1)과 2)를 합한 인력의 수의
3배를 초과할 수 없다.","비고: 지도인력기준란 3)과 4)를 합한 인력의 수는 1)과 2)를 합한 인력의 수의
3배를 초과할 수 없다.",61
note_9673a6187c2d,8e0f0cb611c414bff6b0e473a8c46e47379ef3bf,6829c042a13cbb8b01ddcbda35f6fd683c0f77c1,23,sec_01fecb25555c,"비고: 위 표에서 “실무경력”이란 유해하거나 위험한 기계ㆍ기구 및 설비의 연구
ㆍ제작, 안전인증 또는 안전검사 분야 실무에 종사한 경력을 말한다.","비고: 위 표에서 “실무경력”이란 유해하거나 위험한 기계ㆍ기구 및 설비의 연구
ㆍ제작, 안전인증 또는 안전검사 분야 실무에 종사한 경력을 말한다.",81
note_f12cb68598db,0f3d9b4b59a611f8b38d90876c988f39375c60a3,6829c042a13cbb8b01ddcbda35f6fd683c0f77c1,24,sec_3a43a6d74419,"비고: 위 표에서 “실무경력”이란 유해하거나 위험한 기계ㆍ기구 및 설비의 연
구ㆍ제작, 안전관리, 안전진단, 안전인증 또는 안전검사 분야 실무에 종사
한 경력을 말한다.","비고: 위 표에서 “실무경력”이란 유해하거나 위험한 기계ㆍ기구 및 설비의 연
구ㆍ제작, 안전관리, 안전진단, 안전인증 또는 안전검사 분야 실무에 종사
한 경력을 말한다.",94
note_0ebb0a97a838,2f6bd5f11b6e9176e3f3fd6402ec4e807c2f054e,6829c042a13cbb8b01ddcbda35f6fd683c0f77c1,27,sec_db3c48a272ab,"비고
1. 제1호가목에 해당하는 인력이 2명 이상인 경우에는 같은 호 나목에 해당하는
인력을 갖추지 않을 수 있다.
2. 제2호의 시설과 제3호가목 및 나목을 제외한 장비는 해당 기관이 법 제48조에
따른 안전보건진단기관, 법 제126조에 따른 작업환경측정기관, 법 제135조에 따
른 특수건강진단기관으로 지정을 받으려고 하거나 지정을 받아 그 장비를 보유
하고 있는 경우에는 분석능력 등을 고려하여 이를 공동으로 활용할 수 있다. 이
경우 공동으로 활용될 수 있는 시설 및 장비는 필요한 지정 기준에 포함되는 것
으로 인정한다.","비고
1. 제1호가목에 해당하는 인력이 2명 이상인 경우에는 같은 호 나목에 해당하는
인력을 갖추지 않을 수 있다.
2. 제2호의 시설과 제3호가목 및 나목을 제외한 장비는 해당 기관이 법 제48조에
따른 안전보건진단기관, 법 제126조에 따른 작업환경측정기관, 법 제135조에 따
른 특수건강진단기관으로 지정을 받으려고 하거나 지정을 받아 그 장비를 보유
하고 있는 경우에는 분석능력 등을 고려하여 이를 공동으로 활용할 수 있다. 이
경우 공동으로 활용될 수 있는 시설 및 장비는 필요한 지정 기준에 포함되는 것
으로 인정한다.",296
note_610e66bfcddc,57c732b8048414d4ce2f6516977c3b9297c312cc,6829c042a13cbb8b01ddcbda35f6fd683c0f77c1,28,sec_e2829bad7912,"비고: 제1호가목에 해당하는 인력이 2명 이상인 경우에는 같은 호 나목에 해당하는
인력을 갖추지 않을 수 있다.","비고: 제1호가목에 해당하는 인력이 2명 이상인 경우에는 같은 호 나목에 해당하는
인력을 갖추지 않을 수 있다.",62
note_2b7e04e8b5fc,d5a54ed4fa757d565bbc1445ea18f84009c27b36,6829c042a13cbb8b01ddcbda35f6fd683c0f77c1,29,sec_5ee9a1c4ec53,"비고
1. 제1호다목2)ㆍ4)ㆍ6)ㆍ7)ㆍ10)ㆍ11)ㆍ13) 및 14)의 장비는 해당 기관이 법
제48조에 따른 안전보건진단기관, 법 제135조에 따른 특수건강진단기관으로
지정을 받으려고 하거나 지정을 받아 그 장비를 보유하고 있는 경우에는 분
석능력 등을 고려하여 이를 공동활용할 수 있다.
2. 다음 각 목의 어느 하나에 해당하는 경우에는 작업환경측정 시 채취한 유해인
자 시료의 분석을 해당 시료를 분석할 수 있는 다른 위탁측정기관 또는 유해
인자별ㆍ업종별 작업환경전문연구기관에 의뢰할 수 있다.
가. 제1호다목10) 또는 11)의 장비에 별도의 부속장치를 장착해야 분석이 가
능한 유해인자의 시료를 채취하는 경우
나. 제1호다목14)의 장비를 보유하지 않은 기관이 해당 장비로 분석이 가능한
유해인자의 시료를 채취하는 경우
다. 그 밖에 고용노동부장관이 필요하다고 인정하여 고시하는 경우
3. 비고 제2호에 따라 분석을 의뢰할 수 있는 유해인자 시료의 종류, 분석의뢰
절차 및 그 밖에 필요한 사항은 고용노동부장관이 정하여 고시한다.","비고
1. 제1호다목2)ㆍ4)ㆍ6)ㆍ7)ㆍ10)ㆍ11)ㆍ13) 및 14)의 장비는 해당 기관이 법
제48조에 따른 안전보건진단기관, 법 제135조에 따른 특수건강진단기관으로
지정을 받으려고 하거나 지정을 받아 그 장비를 보유하고 있는 경우에는 분
석능력 등을 고려하여 이를 공동활용할 수 있다.
2. 다음 각 목의 어느 하나에 해당하는 경우에는 작업환경측정 시 채취한 유해인
자 시료의 분석을 해당 시료를 분석할 수 있는 다른 위탁측정기관 또는 유해
인자별ㆍ업종별 작업환경전문연구기관에 의뢰할 수 있다.
가. 제1호다목10) 또는 11)의 장비에 별도의 부속장치를 장착해야 분석이 가
능한 유해인자의 시료를 채취하는 경우
나. 제1호다목14)의 장비를 보유하지 않은 기관이 해당 장비로 분석이 가능한
유해인자의 시료를 채취하는 경우
다. 그 밖에 고용노동부장관이 필요하다고 인정하여 고시하는 경우
3. 비고 제2호에 따라 분석을 의뢰할 수 있는 유해인자 시료의 종류, 분석의뢰
절차 및 그 밖에 필요한 사항은 고용노동부장관이 정하여 고시한다.",527
note_fee1ff9d7eed,297f708588502d6a49431405c5b5ec8ec7152d33,6829c042a13cbb8b01ddcbda35f6fd683c0f77c1,30,sec_cb648fdf4779,"비고
1. 제3호아목ㆍ자목ㆍ거목 및 너목의 장비는 해당 기관이 법 제48조에 따른 안
전보건진단기관, 법 제126조에 따른 작업환경측정기관으로 지정을 받으려고
하거나 지정을 받아 같은 장비를 보유하고 있는 경우에는 분석 능력 등을
고려하여 이를 공동 활용할 수 있다.
2. 법 제135조제3항에 따라 고용노동부장관이 실시하는 특수건강진단기관의 진
단ㆍ분석 능력 확인 결과 적합 판정을 받은 기관과 생물학적 노출지표 분석
의뢰계약을 체결한 경우에는 제1호마목의 인력과 제3호마목ㆍ아목ㆍ자목ㆍ거
목 및 너목의 장비를 갖추지 않을 수 있다.","비고
1. 제3호아목ㆍ자목ㆍ거목 및 너목의 장비는 해당 기관이 법 제48조에 따른 안
전보건진단기관, 법 제126조에 따른 작업환경측정기관으로 지정을 받으려고
하거나 지정을 받아 같은 장비를 보유하고 있는 경우에는 분석 능력 등을
고려하여 이를 공동 활용할 수 있다.
2. 법 제135조제3항에 따라 고용노동부장관이 실시하는 특수건강진단기관의 진
단ㆍ분석 능력 확인 결과 적합 판정을 받은 기관과 생물학적 노출지표 분석
의뢰계약을 체결한 경우에는 제1호마목의 인력과 제3호마목ㆍ아목ㆍ자목ㆍ거
목 및 너목의 장비를 갖추지 않을 수 있다.",299
note_8576ab0043a3,e849c404ca9ff3e228281adfc1fdf4191324bb11,6829c042a13cbb8b01ddcbda35f6fd683c0f77c1,34,sec_5964b23f3a69,"비고: 도급금액은 다음 각 호에 따라 산출한다.
1. 도급금지 등 의무위반이 있는 작업과 의무위반이 없는 작업을 함께 도급한
경우 각 작업별로 도급금액을 산출할 수 있으면 의무위반이 있는 작업의 금
액만을 도급금액으로 하고, 각 작업을 분리할 수 없어 각 작업별로 도급금액
을 산출할 수 없으면 해당 작업의 상시근로자 수에 따른 비율로 도급금액을
추계한다.
2. 도급금지와 도급승인을 함께 위반한 경우 등 2가지 이상 위반행위가 중
복되는 경우에는 중대한 위반행위의 도급금액을 기준으로 한다.
나. 1차 조정 기준
1) 위반 기간에 따른 조정
┌─────────┬──────────────┐
│위반 기간         │가중치                      │
├─────────┼──────────────┤
│1년 이내          │-                           │
├─────────┼──────────────┤
│1년 초과 2년 이내 │기본 산정금액 × 100분의 20 │
├─────────┼──────────────┤
│2년 초과 3년 이내 │기본 산정금액 × 100분의 50 │
├─────────┼──────────────┤
│3년 이상          │기본 산정금액 × 100분의 80 │
└─────────┴──────────────┘","비고: 도급금액은 다음 각 호에 따라 산출한다.
1. 도급금지 등 의무위반이 있는 작업과 의무위반이 없는 작업을 함께 도급한
경우 각 작업별로 도급금액을 산출할 수 있으면 의무위반이 있는 작업의 금
액만을 도급금액으로 하고, 각 작업을 분리할 수 없어 각 작업별로 도급금액
을 산출할 수 없으면 해당 작업의 상시근로자 수에 따른 비율로 도급금액을
추계한다.
2. 도급금지와 도급승인을 함께 위반한 경우 등 2가지 이상 위반행위가 중
복되는 경우에는 중대한 위반행위의 도급금액을 기준으로 한다.
나. 1차 조정 기준
1) 위반 기간에 따른 조정
 
 위반 기간 가중치 
 
 1년 이내 - 
 
 1년 초과 2년 이내 기본 산정금액 × 100분의 20 
 
 2년 초과 3년 이내 기본 산정금액 × 100분의 50 
 
 3년 이상 기본 산정금액 × 100분의 80",663
note_cda01a353094,8f40deda7db47e309da1353d66e76bd9cc51fdd6,1ed21550b572094228bbf31cf5c26cc088464029,2,sec_cda01a353094,"비고
둘 이상의 건축물로 이루어진 시설의 연면적은 개별 건축물의 연면적을 모두
합산한 면적으로 한다.","비고
둘 이상의 건축물로 이루어진 시설의 연면적은 개별 건축물의 연면적을 모두
합산한 면적으로 한다.",56
note_bc1fa0212900,05f7a8f3ad0907f7fd1b548b1d01647f12128bc6,1ed21550b572094228bbf31cf5c26cc088464029,3,,"비고
1. “도로”란 「도로법」 제10조의 도로를 말한다.
2. 교량의 “최대 경간장”이란 한 경간(徑間)에서 상부구조의 교각과 교각의 중심선
간의 거리를 경간장으로 정의할 때, 교량의 경간장 중에서 최댓값을 말한다. 한 경
간 교량에 대해서는 교량 양측 교대의 흉벽 사이를 교량 중심선에 따라 측정한 거
리를 말한다.
3. 교량의 “연장”이란 교량 양측 교대의 흉벽 사이를 교량 중심선에 따라 측정한 거
리를 말한다.
4. 도로교량의 “복개구조물”이란 하천 등을 복개하여 도로의 용도로 사용하는 모든
구조물을 말한다.
5. 터널 및 지하차도의 “연장”이란 각 본체 구간과 하나의 구조로 연결된 구간을 포
함한 거리를 말한다.
6. “방파제, 파제제 및 호안”이란 「항만법」 제2조제5호가목2)의 외곽시설을 말한
다.
7. “계류시설”이란 「항만법」 제2조제5호가목4)의 계류시설을 말한다.
8. “댐”이란 「저수지ㆍ댐의 안전관리 및 재해예방에 관한 법률」 제2조제1호의 저
수지ㆍ댐을 말한다.
9. 위 표 제4호의 지방상수도전용댐과 용수전용댐이 위 표 제7호가목의 광역상수도
ㆍ공업용수도 또는 지방상수도의 수원지시설에 해당하는 경우에는 위 표 제7호의
상하수도시설로 본다.
10. 위 표의 건축물에는 그 부대시설인 옹벽과 절토사면을 포함하며, 건축설비, 소방
설비, 승강기설비 및 전기설비는 포함하지 않는다.
11. 건축물의 연면적은 지하층을 포함한 동별로 계산한다. 다만, 2동 이상의 건축물
이 하나의 구조로 연결된 경우와 둘 이상의 지하도상가가 연속되어 있는 경우에는
연면적의 합계로 한다.
12. 건축물의 층수에는 필로티나 그 밖에 이와 비슷한 구조로 된 층을 포함한다.
13. “건축물”은 「건축법 시행령」 별표 1에서 정한 용도별 분류를 따른다.
14. “운수시설 중 여객용 시설”이란 「건축법 시행령」 별표 1 제8호의 운수시설 중
여객자동차터미널, 일반철도역사, 공항청사, 항만여객터미널을 말한다.
15. “철도 역 시설”이란 「철도의 건설 및 철도시설 유지관리에 관한 법률」 제2조
제6호가목의 역 시설(물류시설은 제외한다)을 말한다. 다만, 선하역사(시설이 선로
아래 설치되는 역사를 말한다)의 선로구간은 연속되는 교량시설물에 포함하고, 지
하역사의 선로구간은 연속되는 터널시설물에 포함한다.
16. 하천시설물이 행정구역 경계에 있는 경우 상위 행정구역에 위치한 것으로 한다.
17. “포용조수량”이란 최고 만조(滿潮) 시 간척지에 유입될 조수(潮水)의 양을 말한
다.
18. “방조제”란 「공유수면 관리 및 매립에 관한 법률」 제37조, 「농어촌정비법」
제2조제6호, 「방조제 관리법」 제2조제1호 및 「산업입지 및 개발에 관한 법률」
제20조제1항에 따라 설치한 방조제를 말한다.
19. 하천의 “통관”이란 제방을 관통하여 설치한 원형 단면의 문짝을 가진 구조물을
말한다.
20. 하천의 “다기능 보”란 용수 확보, 소수력 발전이나 도로(하천을 횡단하는 것으로
한정한다) 등 두 가지 이상의 기능을 갖는 보를 말한다.
21. 위 표 제7호의 상하수도의 광역상수도, 공업용수도 및 지방상수도에는 수원지시
설, 도수관로ㆍ송수관로(터널을 포함한다) 및 취수시설을 포함하고, 정수장, 취수
ㆍ가압펌프장, 배수지, 배수관로 및 급수시설은 제외한다.","비고
1. “도로”란 「도로법」 제10조의 도로를 말한다.
2. 교량의 “최대 경간장”이란 한 경간(徑間)에서 상부구조의 교각과 교각의 중심선
간의 거리를 경간장으로 정의할 때, 교량의 경간장 중에서 최댓값을 말한다. 한 경
간 교량에 대해서는 교량 양측 교대의 흉벽 사이를 교량 중심선에 따라 측정한 거
리를 말한다.
3. 교량의 “연장”이란 교량 양측 교대의 흉벽 사이를 교량 중심선에 따라 측정한 거
리를 말한다.
4. 도로교량의 “복개구조물”이란 하천 등을 복개하여 도로의 용도로 사용하는 모든
구조물을 말한다.
5. 터널 및 지하차도의 “연장”이란 각 본체 구간과 하나의 구조로 연결된 구간을 포
함한 거리를 말한다.
6. “방파제, 파제제 및 호안”이란 「항만법」 제2조제5호가목2)의 외곽시설을 말한
다.
7. “계류시설”이란 「항만법」 제2조제5호가목4)의 계류시설을 말한다.
8. “댐”이란 「저수지ㆍ댐의 안전관리 및 재해예방에 관한 법률」 제2조제1호의 저
수지ㆍ댐을 말한다.
9. 위 표 제4호의 지방상수도전용댐과 용수전용댐이 위 표 제7호가목의 광역상수도
ㆍ공업용수도 또는 지방상수도의 수원지시설에 해당하는 경우에는 위 표 제7호의
상하수도시설로 본다.
10. 위 표의 건축물에는 그 부대시설인 옹벽과 절토사면을 포함하며, 건축설비, 소방
설비, 승강기설비 및 전기설비는 포함하지 않는다.
11. 건축물의 연면적은 지하층을 포함한 동별로 계산한다. 다만, 2동 이상의 건축물
이 하나의 구조로 연결된 경우와 둘 이상의 지하도상가가 연속되어 있는 경우에는
연면적의 합계로 한다.
12. 건축물의 층수에는 필로티나 그 밖에 이와 비슷한 구조로 된 층을 포함한다.
13. “건축물”은 「건축법 시행령」 별표 1에서 정한 용도별 분류를 따른다.
14. “운수시설 중 여객용 시설”이란 「건축법 시행령」 별표 1 제8호의 운수시설 중
여객자동차터미널, 일반철도역사, 공항청사, 항만여객터미널을 말한다.
15. “철도 역 시설”이란 「철도의 건설 및 철도시설 유지관리에 관한 법률」 제2조
제6호가목의 역 시설(물류시설은 제외한다)을 말한다. 다만, 선하역사(시설이 선로
아래 설치되는 역사를 말한다)의 선로구간은 연속되는 교량시설물에 포함하고, 지
하역사의 선로구간은 연속되는 터널시설물에 포함한다.
16. 하천시설물이 행정구역 경계에 있는 경우 상위 행정구역에 위치한 것으로 한다.
17. “포용조수량”이란 최고 만조(滿潮) 시 간척지에 유입될 조수(潮水)의 양을 말한
다.
18. “방조제”란 「공유수면 관리 및 매립에 관한 법률」 제37조, 「농어촌정비법」
제2조제6호, 「방조제 관리법」 제2조제1호 및 「산업입지 및 개발에 관한 법률」
제20조제1항에 따라 설치한 방조제를 말한다.
19. 하천의 “통관”이란 제방을 관통하여 설치한 원형 단면의 문짝을 가진 구조물을
말한다.
20. 하천의 “다기능 보”란 용수 확보, 소수력 발전이나 도로(하천을 횡단하는 것으로
한정한다) 등 두 가지 이상의 기능을 갖는 보를 말한다.
21. 위 표 제7호의 상하수도의 광역상수도, 공업용수도 및 지방상수도에는 수원지시
설, 도수관로ㆍ송수관로(터널을 포함한다) 및 취수시설을 포함하고, 정수장, 취수
ㆍ가압펌프장, 배수지, 배수관로 및 급수시설은 제외한다.",1602
note_1cc19b3e3bde,53c73fc6ea1f08daf9ea6c6a49375e66ab430539,f436fcd219320b9a2e2544d19baad382633bea80,9,,"비고
1. 기준량은 제조 또는 취급하는 설비에서 하루 동안 최대로 제조하거나 취급
할 수 있는 수량을 말한다.
2. 기준량 항목의 수치는 순도 100퍼센트를 기준으로 산출한다.
3. 2종 이상의 위험물질을 제조하거나 취급하는 경우에는 각 위험물질의 제조
또는 취급량을 구한 후 다음 공식에 따라 산출한 값 R이 1 이상인 경우 기준
량을 초과한 것으로 본다.","비고
1. 기준량은 제조 또는 취급하는 설비에서 하루 동안 최대로 제조하거나 취급
할 수 있는 수량을 말한다.
2. 기준량 항목의 수치는 순도 100퍼센트를 기준으로 산출한다.
3. 2종 이상의 위험물질을 제조하거나 취급하는 경우에는 각 위험물질의 제조
또는 취급량을 구한 후 다음 공식에 따라 산출한 값 R이 1 이상인 경우 기준
량을 초과한 것으로 본다.",200
note_00383e4227ac,425e99f8489bcc7cc048fe7378d2628026bd134a,f436fcd219320b9a2e2544d19baad382633bea80,11,,"비고
1. 굴착면의 기울기는 굴착면의 높이에 대한 수평거리의 비율을 말한다.
2. 굴착면의 경사가 달라서 기울기를 계산하기가 곤란한 경우에는 해당 굴착면
에 대하여 지반의 종류별 굴착면의 기울기에 따라 붕괴의 위험이 증가하지 않
도록 위 표의 지반의 종류별 굴착면의 기울기에 맞게 해당 각 부분의 경사를
유지해야 한다.","비고
1. 굴착면의 기울기는 굴착면의 높이에 대한 수평거리의 비율을 말한다.
2. 굴착면의 경사가 달라서 기울기를 계산하기가 곤란한 경우에는 해당 굴착면
에 대하여 지반의 종류별 굴착면의 기울기에 따라 붕괴의 위험이 증가하지 않
도록 위 표의 지반의 종류별 굴착면의 기울기에 맞게 해당 각 부분의 경사를
유지해야 한다.",178
note_28e9cf7e5e23,089593aacef57dee7a8e87d76cbefa85baee74d1,f436fcd219320b9a2e2544d19baad382633bea80,12,sec_959a80105941,"비고: ‘등’이란 해당 화학물질에 이성질체 등 동일 속성을 가지는 2개 이상의 화합물이 존재할
수 있는 경우를 말한다.","비고: ‘등’이란 해당 화학물질에 이성질체 등 동일 속성을 가지는 2개 이상의 화합물이 존재할
수 있는 경우를 말한다.",66
note_e9d1068aaee0,5c544badb86d561d498dc3534ac9697687457254,f436fcd219320b9a2e2544d19baad382633bea80,13,,"비고
1. ""가스 상태""란 관리대상 유해물질이 후드로 빨아들여질 때의 상태가 가스 또
는 증기인 경우를 말한다.
2. ""입자 상태""란 관리대상 유해물질이 후드로 빨아들여질 때의 상태가 흄, 분
진 또는 미스트인 경우를 말한다.
3. ""제어풍속""이란 국소배기장치의 모든 후드를 개방한 경우의 제어풍속으로서
다음 각 목에 따른 위치에서의 풍속을 말한다.
가. 포위식 후드에서는 후드 개구면에서의 풍속
나. 외부식 후드에서는 해당 후드에 의하여 관리대상 유해물질을 빨아들이려
는 범위 내에서 해당 후드 개구면으로부터 가장 먼 거리의 작업위치에서
의 풍속","비고
1. ""가스 상태""란 관리대상 유해물질이 후드로 빨아들여질 때의 상태가 가스 또
는 증기인 경우를 말한다.
2. ""입자 상태""란 관리대상 유해물질이 후드로 빨아들여질 때의 상태가 흄, 분
진 또는 미스트인 경우를 말한다.
3. ""제어풍속""이란 국소배기장치의 모든 후드를 개방한 경우의 제어풍속으로서
다음 각 목에 따른 위치에서의 풍속을 말한다.
가. 포위식 후드에서는 후드 개구면에서의 풍속
나. 외부식 후드에서는 해당 후드에 의하여 관리대상 유해물질을 빨아들이려
는 범위 내에서 해당 후드 개구면으로부터 가장 먼 거리의 작업위치에서
의 풍속",306
note_fe06fe6f64f1,1f1cd560020ed540c6933adb79a08b9baf9ee3dc,f436fcd219320b9a2e2544d19baad382633bea80,14,,"비고
1. 과거 B형간염을 앓았던 사람은 면역이 되므로 예방접종이 필요하지 않다.
2. 예방접종은 B형간염 백신을 3회 접종완료한 것을 의미한다.
3. HBIG(B형간염 면역글로불린)는 가능한 한 24시간 이내에 0.06 ml/kg을 근육주
사한다.
4. HBIG 2회 투여는 예방접종을 2회 하였지만 항체가 형성되지 않은 사람 또는
예방접종을 2회 하지 않았거나 2회차 접종이 완료되지 않은 사람에게 투여하는
것을 의미한다.
5. 항체가 적절하다는 것은 혈청내 항체(anti HBs)가 10mIU/ml 이상임을 말한다.
6. HBsAg(Hepatitis B Antigen): B형간염 항원","비고
1. 과거 B형간염을 앓았던 사람은 면역이 되므로 예방접종이 필요하지 않다.
2. 예방접종은 B형간염 백신을 3회 접종완료한 것을 의미한다.
3. HBIG(B형간염 면역글로불린)는 가능한 한 24시간 이내에 0.06 ml/kg을 근육주
사한다.
4. HBIG 2회 투여는 예방접종을 2회 하였지만 항체가 형성되지 않은 사람 또는
예방접종을 2회 하지 않았거나 2회차 접종이 완료되지 않은 사람에게 투여하는
것을 의미한다.
5. 항체가 적절하다는 것은 혈청내 항체(anti HBs)가 10mIU/ml 이상임을 말한다.
6. HBsAg(Hepatitis B Antigen): B형간염 항원",330
note_4169cb89f36e,1f1cd560020ed540c6933adb79a08b9baf9ee3dc,f436fcd219320b9a2e2544d19baad382633bea80,14,sec_fe06fe6f64f1,"비고
1. 다량의 바이러스(1,500 RNA copies/ml 이상), 감염의 증상, 후천성면역결핍
증 등이 있는 경우이다.
2. 무증상 또는 소량의 바이러스이다.
3. 노출된 혈액이 사망한 사람의 혈액이거나 추적이 불가능한 경우 등 검사할
수 없는 경우이다.
4. 폐기한 혈액 또는 주사침 등에 의한 노출로 혈액원(血液源)을 파악할 수 없
는 경우 등이다.
5. 환자의 근육 또는 혈관에 사용한 주사침이나 도구에 혈액이 묻어 있는 것이
맨눈으로 확인되는 경우 등이다.
6. 피상적 손상이거나 주사침에 혈액이 보이지 않는 경우 등이다.
7. 혈액이 뿌려지거나 흘려진 경우 등이다.
8. 혈액이 몇 방울 정도 묻은 경우 등이다.
9. 해당 전문가의 견해에 따라 결정한다.
10. 해당 전문가의 견해에 따라 결정한다.","비고
1. 다량의 바이러스(1,500 RNA copies/ml 이상), 감염의 증상, 후천성면역결핍
증 등이 있는 경우이다.
2. 무증상 또는 소량의 바이러스이다.
3. 노출된 혈액이 사망한 사람의 혈액이거나 추적이 불가능한 경우 등 검사할
수 없는 경우이다.
4. 폐기한 혈액 또는 주사침 등에 의한 노출로 혈액원(血液源)을 파악할 수 없
는 경우 등이다.
5. 환자의 근육 또는 혈관에 사용한 주사침이나 도구에 혈액이 묻어 있는 것이
맨눈으로 확인되는 경우 등이다.
6. 피상적 손상이거나 주사침에 혈액이 보이지 않는 경우 등이다.
7. 혈액이 뿌려지거나 흘려진 경우 등이다.
8. 혈액이 몇 방울 정도 묻은 경우 등이다.
9. 해당 전문가의 견해에 따라 결정한다.
10. 해당 전문가의 견해에 따라 결정한다.",399
note_7dffe82918dd,d977ca01411d148b4cdd09b5e97c9fc7f88cc9b5,f436fcd219320b9a2e2544d19baad382633bea80,15,,"비고
1. anti HCV RNA:  C형간염바이러스 RNA 검사
2. anti HCV: C형간염항체 검사
3. anti HIV: 인체면역결핍항체 검사","비고
1. anti HCV RNA: C형간염바이러스 RNA 검사
2. anti HCV: C형간염항체 검사
3. anti HIV: 인체면역결핍항체 검사",84
note_88d4b8452689,ann_f2d4f2e88ced,f436fcd219320b9a2e2544d19baad382633bea80,3,,"※ ""공급자 정보""에는 석면해체ㆍ제거 사업주의 성명, 주소, 전화번호를 적습니
다.","""공급자 정보""에는 석면해체ㆍ제거 사업주의 성명, 주소, 전화번호를 적습니
다.",46
