section_id,annex_id,law_version_id,annex_no,section_order,section_title
sec_0d288a23e2ae,2882895ecf2cce09e35e4b027da81c8c647e4400,b6fa09bb4f2e711645b25f12207959d1ec27622c,3,0,1. 총칙
sec_7bba2970d56e,2882895ecf2cce09e35e4b027da81c8c647e4400,b6fa09bb4f2e711645b25f12207959d1ec27622c,3,1,2. 안전ㆍ보건 관리조직과 그 직무
sec_7b7fee07e2c8,2882895ecf2cce09e35e4b027da81c8c647e4400,b6fa09bb4f2e711645b25f12207959d1ec27622c,3,2,3. 안전ㆍ보건교육
sec_d9b6b2e40d8e,2882895ecf2cce09e35e4b027da81c8c647e4400,b6fa09bb4f2e711645b25f12207959d1ec27622c,3,3,4. 작업장 안전관리
sec_7b319f8989b7,2882895ecf2cce09e35e4b027da81c8c647e4400,b6fa09bb4f2e711645b25f12207959d1ec27622c,3,4,5. 작업장 보건관리
sec_efc13ed2b3a2,2882895ecf2cce09e35e4b027da81c8c647e4400,b6fa09bb4f2e711645b25f12207959d1ec27622c,3,5,6. 사고 조사 및 대책 수립
sec_438581d46b75,2882895ecf2cce09e35e4b027da81c8c647e4400,b6fa09bb4f2e711645b25f12207959d1ec27622c,3,6,7. 위험성평가에 관한 사항
sec_bd6b633a51d1,2882895ecf2cce09e35e4b027da81c8c647e4400,b6fa09bb4f2e711645b25f12207959d1ec27622c,3,7,8. 보칙
sec_7d345789c5f7,5f199362d71a4d999a3dcc83de7bb220bd6d1d13,b6fa09bb4f2e711645b25f12207959d1ec27622c,5,0,1. 근로자 안전보건교육(제26조제1항 관련)
sec_5fcf52a82d46,a88e352b9611c01b84ee67d43698eb257dcafc98,b6fa09bb4f2e711645b25f12207959d1ec27622c,10,0,1. 공사 개요 및 안전보건관리계획
sec_17a8c2b45214,268c19bc8b438add351a6e86f5dea2fb1ee6967a,b6fa09bb4f2e711645b25f12207959d1ec27622c,11,0,2. 자체심사 및 확인방법
sec_0480c80929ad,86eb1b59da77353db099c26feb7b9bd353edbec9,b6fa09bb4f2e711645b25f12207959d1ec27622c,14,0,1. 표시
sec_eceae7d1d8ba,86eb1b59da77353db099c26feb7b9bd353edbec9,b6fa09bb4f2e711645b25f12207959d1ec27622c,14,1,2. 표시방법
sec_27115aaf40b0,11c3a56c8d534ee8f2f0d0cd50cbf8df8c37ed81,b6fa09bb4f2e711645b25f12207959d1ec27622c,15,0,1. 표시
sec_42d273c01f2b,11c3a56c8d534ee8f2f0d0cd50cbf8df8c37ed81,b6fa09bb4f2e711645b25f12207959d1ec27622c,15,1,2. 표시방법
sec_2ba7608ab69e,e75686d3ca9cea7362c3d667d01d37c92dcd749b,b6fa09bb4f2e711645b25f12207959d1ec27622c,16,0,1. 합격표시
sec_caad5cc83dc8,e75686d3ca9cea7362c3d667d01d37c92dcd749b,b6fa09bb4f2e711645b25f12207959d1ec27622c,16,1,2. 표시방법
sec_3ede30247337,de06aaf81906329bc56c6e0a21aa88dff921e603,b6fa09bb4f2e711645b25f12207959d1ec27622c,18,0,1. 화학물질의 분류기준
sec_b510c9bb3584,de06aaf81906329bc56c6e0a21aa88dff921e603,b6fa09bb4f2e711645b25f12207959d1ec27622c,18,1,2. 물리적 인자의 분류기준
sec_94910d95b3dd,de06aaf81906329bc56c6e0a21aa88dff921e603,b6fa09bb4f2e711645b25f12207959d1ec27622c,18,2,3. 생물학적 인자의 분류기준
sec_ccdeacd6103f,6d088963dcf436633e5011a813d387de565951f8,b6fa09bb4f2e711645b25f12207959d1ec27622c,20,0,2. 다음 각 목 모두의 서류
sec_c57b91bf953e,6d088963dcf436633e5011a813d387de565951f8,b6fa09bb4f2e711645b25f12207959d1ec27622c,20,1,3. 제조 또는 사용ㆍ취급방법을 기록한 서류
sec_f280118754db,6d088963dcf436633e5011a813d387de565951f8,b6fa09bb4f2e711645b25f12207959d1ec27622c,20,2,4. 제조 또는 사용 공정도
sec_ebaf297df022,78297686456622ab814deeddf79b177e93ae72a4,b6fa09bb4f2e711645b25f12207959d1ec27622c,21,0,1. 화학적 인자
sec_9824bf5152b1,78297686456622ab814deeddf79b177e93ae72a4,b6fa09bb4f2e711645b25f12207959d1ec27622c,21,1,2. 물리적 인자(2종)
sec_aa810891b820,78297686456622ab814deeddf79b177e93ae72a4,b6fa09bb4f2e711645b25f12207959d1ec27622c,21,2,3. 분진(7종)
sec_8e8706147494,ann_79bb28bb288b,b6fa09bb4f2e711645b25f12207959d1ec27622c,21,0,1. 크기
sec_0755adb22008,ann_79bb28bb288b,b6fa09bb4f2e711645b25f12207959d1ec27622c,21,1,2. 위치: 다음 각 목의 요건을 모두 갖춰야 한다.
sec_f5221d7d8adf,ann_79bb28bb288b,b6fa09bb4f2e711645b25f12207959d1ec27622c,21,2,3. 온도
sec_f0492d007632,ann_79bb28bb288b,b6fa09bb4f2e711645b25f12207959d1ec27622c,21,3,4. 습도
sec_f9bb37c6cf43,ann_79bb28bb288b,b6fa09bb4f2e711645b25f12207959d1ec27622c,21,4,5. 조명
sec_a3beb0d89204,ann_79bb28bb288b,b6fa09bb4f2e711645b25f12207959d1ec27622c,21,5,6. 창문 등을 통하여 환기가 가능해야 한다.
sec_02bc1a8b7909,ann_79bb28bb288b,b6fa09bb4f2e711645b25f12207959d1ec27622c,21,6,7. 의자 등 휴식에 필요한 비품이 갖춰져 있어야 한다.
sec_d5274ff8621d,ann_79bb28bb288b,b6fa09bb4f2e711645b25f12207959d1ec27622c,21,7,8. 마실 수 있는 물이나 식수 설비가 갖춰져 있어야 한다.
sec_cc8ad876eb26,cb995cdb497c0a5f83eaaa935a0eecab7acf2382,b6fa09bb4f2e711645b25f12207959d1ec27622c,22,0,1. 화학적 인자
sec_9d99e6668143,cb995cdb497c0a5f83eaaa935a0eecab7acf2382,b6fa09bb4f2e711645b25f12207959d1ec27622c,22,1,2. 분진(7종)
sec_c9a769f7d05c,cb995cdb497c0a5f83eaaa935a0eecab7acf2382,b6fa09bb4f2e711645b25f12207959d1ec27622c,22,2,3. 물리적 인자(8종)
sec_843fa8912f3c,cb995cdb497c0a5f83eaaa935a0eecab7acf2382,b6fa09bb4f2e711645b25f12207959d1ec27622c,22,3,4. 야간작업(2종)
sec_727b37ec7648,f348725beaeee025a67cca8a0c67c934a48e914b,b6fa09bb4f2e711645b25f12207959d1ec27622c,26,0,1. 일반기준
sec_4674c6909850,baa55ac3a4f128c2a84bd38c82f9390b81e89586,b6fa09bb4f2e711645b25f12207959d1ec27622c,46,0,1. 제조공장:
sec_ea507b57c52c,baa55ac3a4f128c2a84bd38c82f9390b81e89586,b6fa09bb4f2e711645b25f12207959d1ec27622c,46,1,2. 제품개요
sec_d8f41c7e27b2,baa55ac3a4f128c2a84bd38c82f9390b81e89586,b6fa09bb4f2e711645b25f12207959d1ec27622c,46,2,3. 인증범위:　본 인증서는 아래의 형식번호에 한하여 유효함
sec_820b75ec9bb4,baa55ac3a4f128c2a84bd38c82f9390b81e89586,b6fa09bb4f2e711645b25f12207959d1ec27622c,46,3,4. 안전한 사용을 위한 조건
sec_76964c03c5a8,baa55ac3a4f128c2a84bd38c82f9390b81e89586,b6fa09bb4f2e711645b25f12207959d1ec27622c,46,4,5. 인증(변경)사항
sec_de657fc83c9d,baa55ac3a4f128c2a84bd38c82f9390b81e89586,b6fa09bb4f2e711645b25f12207959d1ec27622c,46,5,6. 그 밖의 사항
sec_ab8586c19eda,c0baadb0e2febaee03758cbb54e5ecac0b3169db,b6fa09bb4f2e711645b25f12207959d1ec27622c,57,0,1. 「산업안전보건법」 제110조에 따른 물질안전보건자료
sec_8185ccbe8e38,c0baadb0e2febaee03758cbb54e5ecac0b3169db,b6fa09bb4f2e711645b25f12207959d1ec27622c,57,1,2. 신규화학물질의 시험성적서
sec_126a80f377a3,c0baadb0e2febaee03758cbb54e5ecac0b3169db,b6fa09bb4f2e711645b25f12207959d1ec27622c,57,2,3. 신규화학물질의 제조 또는 사용ㆍ취급방법을 기록한 서류
sec_169ce57afdb3,c0baadb0e2febaee03758cbb54e5ecac0b3169db,b6fa09bb4f2e711645b25f12207959d1ec27622c,57,3,4. 신규화학물질의 제조 또는 사용 공정도
sec_f8c45e75f00c,e7cb78a5744e731bf0628c3d304e2d7f2847ce25,b6fa09bb4f2e711645b25f12207959d1ec27622c,61,0,1. 화학물질의 안전ㆍ보건에 관한 자료
sec_4ccbf40830b2,e7cb78a5744e731bf0628c3d304e2d7f2847ce25,b6fa09bb4f2e711645b25f12207959d1ec27622c,61,1,3. 화학물질의 제조 또는 사용ㆍ취급 방법을 기록한 서류
sec_7f66090227b6,e7cb78a5744e731bf0628c3d304e2d7f2847ce25,b6fa09bb4f2e711645b25f12207959d1ec27622c,61,2,4. 제조 또는 사용(취급) 공정도
sec_92469668a659,bd0ba399cdbd23c4dbd049cc6b2b34ce1fe3edd3,b6fa09bb4f2e711645b25f12207959d1ec27622c,81,0,1. 작업장 개요
sec_0fd7828fcb8f,bd0ba399cdbd23c4dbd049cc6b2b34ce1fe3edd3,b6fa09bb4f2e711645b25f12207959d1ec27622c,81,1,3. 측정자(분석자 포함)
sec_97344293a9ad,bd0ba399cdbd23c4dbd049cc6b2b34ce1fe3edd3,b6fa09bb4f2e711645b25f12207959d1ec27622c,81,2,4. 측정결과
sec_d07bd814f06f,bd0ba399cdbd23c4dbd049cc6b2b34ce1fe3edd3,b6fa09bb4f2e711645b25f12207959d1ec27622c,81,3,5. 측정 위치도(측정 장소)
sec_95b10fb38fa9,e99df9af541a0f3f43d3956ee6233326879b8b0e,b6fa09bb4f2e711645b25f12207959d1ec27622c,82,0,1. 사업장 개요
sec_f627d5285492,e99df9af541a0f3f43d3956ee6233326879b8b0e,b6fa09bb4f2e711645b25f12207959d1ec27622c,82,1,2. 측정기관명:
sec_935f487eea39,e99df9af541a0f3f43d3956ee6233326879b8b0e,b6fa09bb4f2e711645b25f12207959d1ec27622c,82,2,4. 측정 결과
sec_f30b5f809d79,e99df9af541a0f3f43d3956ee6233326879b8b0e,b6fa09bb4f2e711645b25f12207959d1ec27622c,82,3,5. 측정주기(해당 항목 √ 표 및 관련 항목 기재)
sec_a82527dfcfc3,74e9c59b6e6c8bd4fba1d485dacb96faa4f64f31,b6fa09bb4f2e711645b25f12207959d1ec27622c,83,0,1. 사업장 개요
sec_22feb47dde53,74e9c59b6e6c8bd4fba1d485dacb96faa4f64f31,b6fa09bb4f2e711645b25f12207959d1ec27622c,83,1,2. 작업환경측정 일시
sec_0b00bdc4a210,74e9c59b6e6c8bd4fba1d485dacb96faa4f64f31,b6fa09bb4f2e711645b25f12207959d1ec27622c,83,2,5. 작업환경측정 결과 및 종합의견: 붙임
sec_245aa28deba5,74e9c59b6e6c8bd4fba1d485dacb96faa4f64f31,b6fa09bb4f2e711645b25f12207959d1ec27622c,83,3,1. 예비조사 결과
sec_7d8b4405a96d,74e9c59b6e6c8bd4fba1d485dacb96faa4f64f31,b6fa09bb4f2e711645b25f12207959d1ec27622c,83,4,2. 작업환경측정 개요
sec_3d4df6676b24,74e9c59b6e6c8bd4fba1d485dacb96faa4f64f31,b6fa09bb4f2e711645b25f12207959d1ec27622c,83,5,7. 측정치란에는 각 측정 횟수별 측정치를 적습니다.
sec_3b938af86486,74e9c59b6e6c8bd4fba1d485dacb96faa4f64f31,b6fa09bb4f2e711645b25f12207959d1ec27622c,83,6,10. 측정방법란에는 측정기기 및 분석기기를 적습니다.
sec_84146dc9eaa6,74e9c59b6e6c8bd4fba1d485dacb96faa4f64f31,b6fa09bb4f2e711645b25f12207959d1ec27622c,83,7,3. 측정치란에는 실제 측정시간 동안의 측정치를 적습니다.
sec_f15fa14ae4d6,74e9c59b6e6c8bd4fba1d485dacb96faa4f64f31,b6fa09bb4f2e711645b25f12207959d1ec27622c,83,8,3. 측정 결과에 따른 종합의견
sec_9ff5b50c39ee,d4865caa5dcc767af1b796c32ac00dc4077186a6,b6fa09bb4f2e711645b25f12207959d1ec27622c,89,0,1. ※표란은 응시자가 적지 않습니다.
sec_0ed641088ce5,fd969d92c7b171d9c28ba2eda6e1e5d271427d77,6829c042a13cbb8b01ddcbda35f6fd683c0f77c1,6,0,2. 「의료법」에 따른 의사
sec_35dedb17e1de,fd969d92c7b171d9c28ba2eda6e1e5d271427d77,6829c042a13cbb8b01ddcbda35f6fd683c0f77c1,6,1,3. 「간호법」에 따른 간호사
sec_ff8fa5affcc1,4c86496e964522fe12b3b11450fc7a8313f469c4,6829c042a13cbb8b01ddcbda35f6fd683c0f77c1,7,0,1. 법 제145조제1항에 따라 등록한 산업안전지도사의 경우
sec_b73644d95597,4c86496e964522fe12b3b11450fc7a8313f469c4,6829c042a13cbb8b01ddcbda35f6fd683c0f77c1,7,1,2. 안전관리 업무를 하려는 법인의 경우
sec_34c0e46f3018,c2db3d9db14f27661ab1e3a7c61af971d4f75d23,6829c042a13cbb8b01ddcbda35f6fd683c0f77c1,8,0,1. 제27조제2항제1호에 해당하는 자의 경우
sec_2019c0cbc074,c2db3d9db14f27661ab1e3a7c61af971d4f75d23,6829c042a13cbb8b01ddcbda35f6fd683c0f77c1,8,1,2. 제27조제2항제2호부터 제5호까지의 규정에 해당하는 자
sec_ef46669cc67e,cf84695fd3cab34e5bfe3b520c6d70bf68a71889,6829c042a13cbb8b01ddcbda35f6fd683c0f77c1,10,0,1. 기본사항
sec_55d1b84d88b0,cf84695fd3cab34e5bfe3b520c6d70bf68a71889,6829c042a13cbb8b01ddcbda35f6fd683c0f77c1,10,1,2. 인력기준
sec_4293627cb907,cf84695fd3cab34e5bfe3b520c6d70bf68a71889,6829c042a13cbb8b01ddcbda35f6fd683c0f77c1,10,2,3. 시설 및 장비 기준
sec_a847e118f450,cb577d44ddc89b973473a07e72e7f5eeb75a0e8f,6829c042a13cbb8b01ddcbda35f6fd683c0f77c1,11,0,1. 기본사항
sec_a599b6997a9b,cb577d44ddc89b973473a07e72e7f5eeb75a0e8f,6829c042a13cbb8b01ddcbda35f6fd683c0f77c1,11,1,2. 인력기준
sec_9a502dff0afe,cb577d44ddc89b973473a07e72e7f5eeb75a0e8f,6829c042a13cbb8b01ddcbda35f6fd683c0f77c1,11,2,3. 시설 및 장비 기준
sec_55d9b56abc7f,2485b62415077f3e17811cb5d1c05707d10b72dc,6829c042a13cbb8b01ddcbda35f6fd683c0f77c1,12,0,1. 기본사항
sec_efa69f00ee30,2485b62415077f3e17811cb5d1c05707d10b72dc,6829c042a13cbb8b01ddcbda35f6fd683c0f77c1,12,1,2. 인력기준
sec_51a3367367c0,2485b62415077f3e17811cb5d1c05707d10b72dc,6829c042a13cbb8b01ddcbda35f6fd683c0f77c1,12,2,3. 시설기준
sec_07de653981e9,2485b62415077f3e17811cb5d1c05707d10b72dc,6829c042a13cbb8b01ddcbda35f6fd683c0f77c1,12,3,4. 교육대상별 장비 기준
sec_e9469667c4f7,0ffc1948d298ed371a416012018aeffed3a64054,6829c042a13cbb8b01ddcbda35f6fd683c0f77c1,15,0,2. 시설기준
sec_c49f5ee3aed5,0ffc1948d298ed371a416012018aeffed3a64054,6829c042a13cbb8b01ddcbda35f6fd683c0f77c1,15,1,3. 장비기준
sec_947e272f5850,0ffc1948d298ed371a416012018aeffed3a64054,6829c042a13cbb8b01ddcbda35f6fd683c0f77c1,15,2,4. 장비의 공동활용
sec_a17712a66c6d,298cbb4960bc08a0f6eb0ae1109cda30e7527a86,6829c042a13cbb8b01ddcbda35f6fd683c0f77c1,17,0,2. 시설기준
sec_37944eb02aa8,298cbb4960bc08a0f6eb0ae1109cda30e7527a86,6829c042a13cbb8b01ddcbda35f6fd683c0f77c1,17,1,3. 장비기준
sec_a34fe9e5f7ab,298cbb4960bc08a0f6eb0ae1109cda30e7527a86,6829c042a13cbb8b01ddcbda35f6fd683c0f77c1,17,2,4. 시설 및 장비의 공동활용
sec_1ba00e023c0d,1f77fcb4a8fefeadca049599bbfd658dc9db8c5a,6829c042a13cbb8b01ddcbda35f6fd683c0f77c1,18,0,1. 건설재해예방전문지도기관의 지도대상 분야
sec_c2f3bc97125a,1f77fcb4a8fefeadca049599bbfd658dc9db8c5a,6829c042a13cbb8b01ddcbda35f6fd683c0f77c1,18,1,2. 기술지도계약
sec_4521d3f7232e,1f77fcb4a8fefeadca049599bbfd658dc9db8c5a,6829c042a13cbb8b01ddcbda35f6fd683c0f77c1,18,2,3. 기술지도의 수행방법
sec_830a58a6ec00,1f77fcb4a8fefeadca049599bbfd658dc9db8c5a,6829c042a13cbb8b01ddcbda35f6fd683c0f77c1,18,3,4. 기술지도 업무의 내용
sec_49d4c050426c,1f77fcb4a8fefeadca049599bbfd658dc9db8c5a,6829c042a13cbb8b01ddcbda35f6fd683c0f77c1,18,4,5. 기술지도 관련 서류의 보존
sec_27aa7ce2b094,77fe4781de605eb85ef87a89304a067ae8f2e442,6829c042a13cbb8b01ddcbda35f6fd683c0f77c1,20,0,1. 예초기
sec_4f165a160422,77fe4781de605eb85ef87a89304a067ae8f2e442,6829c042a13cbb8b01ddcbda35f6fd683c0f77c1,20,1,2. 원심기
sec_201b561102ab,77fe4781de605eb85ef87a89304a067ae8f2e442,6829c042a13cbb8b01ddcbda35f6fd683c0f77c1,20,2,3. 공기압축기
sec_f48ad04af282,77fe4781de605eb85ef87a89304a067ae8f2e442,6829c042a13cbb8b01ddcbda35f6fd683c0f77c1,20,3,4. 금속절단기
sec_9417488cb347,77fe4781de605eb85ef87a89304a067ae8f2e442,6829c042a13cbb8b01ddcbda35f6fd683c0f77c1,20,4,5. 지게차
sec_8e1af5986e30,07327851dc814dfdaaf74f4addac050d3b179689,6829c042a13cbb8b01ddcbda35f6fd683c0f77c1,21,0,1. 사무실 및 공장용 건축물
sec_160a21d2bdc0,07327851dc814dfdaaf74f4addac050d3b179689,6829c042a13cbb8b01ddcbda35f6fd683c0f77c1,21,1,2. 이동식 크레인
sec_1cec3aab505f,07327851dc814dfdaaf74f4addac050d3b179689,6829c042a13cbb8b01ddcbda35f6fd683c0f77c1,21,2,3. 타워크레인
sec_1680bc01a89a,07327851dc814dfdaaf74f4addac050d3b179689,6829c042a13cbb8b01ddcbda35f6fd683c0f77c1,21,3,4. 불도저
sec_5f956edfc71b,07327851dc814dfdaaf74f4addac050d3b179689,6829c042a13cbb8b01ddcbda35f6fd683c0f77c1,21,4,5. 모터 그레이더
sec_3090cde76441,07327851dc814dfdaaf74f4addac050d3b179689,6829c042a13cbb8b01ddcbda35f6fd683c0f77c1,21,5,6. 로더
sec_87f8713f20ac,07327851dc814dfdaaf74f4addac050d3b179689,6829c042a13cbb8b01ddcbda35f6fd683c0f77c1,21,6,7. 스크레이퍼
sec_664b49121f91,07327851dc814dfdaaf74f4addac050d3b179689,6829c042a13cbb8b01ddcbda35f6fd683c0f77c1,21,7,8. 스크레이퍼 도저
sec_b737aaeceb32,07327851dc814dfdaaf74f4addac050d3b179689,6829c042a13cbb8b01ddcbda35f6fd683c0f77c1,21,8,9. 파워 셔블
sec_0934e332f5ea,07327851dc814dfdaaf74f4addac050d3b179689,6829c042a13cbb8b01ddcbda35f6fd683c0f77c1,21,9,10. 드래그라인
sec_b13abdf7e7c1,07327851dc814dfdaaf74f4addac050d3b179689,6829c042a13cbb8b01ddcbda35f6fd683c0f77c1,21,10,11. 클램셸
sec_a40e02229786,07327851dc814dfdaaf74f4addac050d3b179689,6829c042a13cbb8b01ddcbda35f6fd683c0f77c1,21,11,12. 버킷굴착기
sec_4735affec001,07327851dc814dfdaaf74f4addac050d3b179689,6829c042a13cbb8b01ddcbda35f6fd683c0f77c1,21,12,13. 트렌치
sec_adc841de452d,07327851dc814dfdaaf74f4addac050d3b179689,6829c042a13cbb8b01ddcbda35f6fd683c0f77c1,21,13,14. 항타기
sec_9e63e7522207,07327851dc814dfdaaf74f4addac050d3b179689,6829c042a13cbb8b01ddcbda35f6fd683c0f77c1,21,14,15. 항발기
sec_6e00519de933,07327851dc814dfdaaf74f4addac050d3b179689,6829c042a13cbb8b01ddcbda35f6fd683c0f77c1,21,15,16. 어스드릴
sec_8d8348446ded,07327851dc814dfdaaf74f4addac050d3b179689,6829c042a13cbb8b01ddcbda35f6fd683c0f77c1,21,16,17. 천공기
sec_75384b53cb8a,07327851dc814dfdaaf74f4addac050d3b179689,6829c042a13cbb8b01ddcbda35f6fd683c0f77c1,21,17,18. 어스오거
sec_76a6eee7032d,07327851dc814dfdaaf74f4addac050d3b179689,6829c042a13cbb8b01ddcbda35f6fd683c0f77c1,21,18,19. 페이퍼드레인머신
sec_ad92c248c4dc,07327851dc814dfdaaf74f4addac050d3b179689,6829c042a13cbb8b01ddcbda35f6fd683c0f77c1,21,19,20. 리프트
sec_4c02b72ef390,07327851dc814dfdaaf74f4addac050d3b179689,6829c042a13cbb8b01ddcbda35f6fd683c0f77c1,21,20,21. 지게차
sec_8a7feb9fa88b,07327851dc814dfdaaf74f4addac050d3b179689,6829c042a13cbb8b01ddcbda35f6fd683c0f77c1,21,21,22. 롤러기
sec_92336f6f372d,07327851dc814dfdaaf74f4addac050d3b179689,6829c042a13cbb8b01ddcbda35f6fd683c0f77c1,21,22,23. 콘크리트 펌프
sec_de07ccd55382,07327851dc814dfdaaf74f4addac050d3b179689,6829c042a13cbb8b01ddcbda35f6fd683c0f77c1,21,23,24. 고소작업대
sec_29849b2a080c,068101a56547580eb408a8947985475d47e0ee2f,6829c042a13cbb8b01ddcbda35f6fd683c0f77c1,22,0,2. 시설기준: 사무실
sec_acae7e0d4114,068101a56547580eb408a8947985475d47e0ee2f,6829c042a13cbb8b01ddcbda35f6fd683c0f77c1,22,1,3. 장비기준
sec_9673a6187c2d,8e0f0cb611c414bff6b0e473a8c46e47379ef3bf,6829c042a13cbb8b01ddcbda35f6fd683c0f77c1,23,0,1. 공통사항
sec_01fecb25555c,8e0f0cb611c414bff6b0e473a8c46e47379ef3bf,6829c042a13cbb8b01ddcbda35f6fd683c0f77c1,23,1,2. 개별사항
sec_f12cb68598db,0f3d9b4b59a611f8b38d90876c988f39375c60a3,6829c042a13cbb8b01ddcbda35f6fd683c0f77c1,24,0,1. 공통사항
sec_3a43a6d74419,0f3d9b4b59a611f8b38d90876c988f39375c60a3,6829c042a13cbb8b01ddcbda35f6fd683c0f77c1,24,1,2. 개별사항
sec_f2408d0ec59d,0b3251988d9fbe7bc1740a0ce4213f97d7135331,6829c042a13cbb8b01ddcbda35f6fd683c0f77c1,26,0,9. 메탄올(Methanol; 67-56-1)
sec_4fae05bf7244,0b3251988d9fbe7bc1740a0ce4213f97d7135331,6829c042a13cbb8b01ddcbda35f6fd683c0f77c1,26,1,12. 벤젠(Benzene; 71-43-2)
sec_6d02a2662b71,0b3251988d9fbe7bc1740a0ce4213f97d7135331,6829c042a13cbb8b01ddcbda35f6fd683c0f77c1,26,2,16. 산화에틸렌(Ethylene oxide; 75-21-8)
sec_036068a21b0f,0b3251988d9fbe7bc1740a0ce4213f97d7135331,6829c042a13cbb8b01ddcbda35f6fd683c0f77c1,26,3,19. 스티렌(Styrene; 100-42-5)
sec_ea2d005e3926,0b3251988d9fbe7bc1740a0ce4213f97d7135331,6829c042a13cbb8b01ddcbda35f6fd683c0f77c1,26,4,21. 아닐린(Aniline; 62-53-3)
sec_4a6cf30b1c45,0b3251988d9fbe7bc1740a0ce4213f97d7135331,6829c042a13cbb8b01ddcbda35f6fd683c0f77c1,26,5,23. 암모니아(Ammonia; 7664-41-7 등)
sec_f1d0c1531406,0b3251988d9fbe7bc1740a0ce4213f97d7135331,6829c042a13cbb8b01ddcbda35f6fd683c0f77c1,26,6,24. 염소(Chlorine; 7782-50-5)
sec_7fafeea882b0,0b3251988d9fbe7bc1740a0ce4213f97d7135331,6829c042a13cbb8b01ddcbda35f6fd683c0f77c1,26,7,25. 염화비닐(Vinyl chloride; 75-01-4)
sec_6af22880b6cc,0b3251988d9fbe7bc1740a0ce4213f97d7135331,6829c042a13cbb8b01ddcbda35f6fd683c0f77c1,26,8,31. 톨루엔(Toluene; 108-88-3)
sec_8f8d119c2982,0b3251988d9fbe7bc1740a0ce4213f97d7135331,6829c042a13cbb8b01ddcbda35f6fd683c0f77c1,26,9,36. 포름알데히드(Formaldehyde; 50-00-0)
sec_b79233789a6d,0b3251988d9fbe7bc1740a0ce4213f97d7135331,6829c042a13cbb8b01ddcbda35f6fd683c0f77c1,26,10,37. n-헥산(n-Hexane; 110-54-3)
sec_0ebb0a97a838,2f6bd5f11b6e9176e3f3fd6402ec4e807c2f054e,6829c042a13cbb8b01ddcbda35f6fd683c0f77c1,27,0,1. 인력기준
sec_454cc2801b7a,2f6bd5f11b6e9176e3f3fd6402ec4e807c2f054e,6829c042a13cbb8b01ddcbda35f6fd683c0f77c1,27,1,2. 시설기준: 분석실 및 조사준비실
sec_db3c48a272ab,2f6bd5f11b6e9176e3f3fd6402ec4e807c2f054e,6829c042a13cbb8b01ddcbda35f6fd683c0f77c1,27,2,3. 장비기준
sec_610e66bfcddc,57c732b8048414d4ce2f6516977c3b9297c312cc,6829c042a13cbb8b01ddcbda35f6fd683c0f77c1,28,0,1. 인력기준
sec_e1566d7b8b3e,57c732b8048414d4ce2f6516977c3b9297c312cc,6829c042a13cbb8b01ddcbda35f6fd683c0f77c1,28,1,2. 시설기준: 사무실
sec_e2829bad7912,57c732b8048414d4ce2f6516977c3b9297c312cc,6829c042a13cbb8b01ddcbda35f6fd683c0f77c1,28,2,3. 장비기준
sec_2b7e04e8b5fc,d5a54ed4fa757d565bbc1445ea18f84009c27b36,6829c042a13cbb8b01ddcbda35f6fd683c0f77c1,29,0,1. 사업장 위탁측정기관의 경우
sec_5ee9a1c4ec53,d5a54ed4fa757d565bbc1445ea18f84009c27b36,6829c042a13cbb8b01ddcbda35f6fd683c0f77c1,29,1,2. 사업장 자체측정기관의 경우
sec_fee1ff9d7eed,297f708588502d6a49431405c5b5ec8ec7152d33,6829c042a13cbb8b01ddcbda35f6fd683c0f77c1,30,0,1. 인력기준
sec_ebc94ff6f5d3,297f708588502d6a49431405c5b5ec8ec7152d33,6829c042a13cbb8b01ddcbda35f6fd683c0f77c1,30,1,2. 시설기준
sec_cb648fdf4779,297f708588502d6a49431405c5b5ec8ec7152d33,6829c042a13cbb8b01ddcbda35f6fd683c0f77c1,30,2,3. 장비기준
sec_0913441dfed2,d00e6dd049b6453035b675203143e93c0bae62a8,6829c042a13cbb8b01ddcbda35f6fd683c0f77c1,33,0,1. 일반기준
sec_266d17c3d4f3,d00e6dd049b6453035b675203143e93c0bae62a8,6829c042a13cbb8b01ddcbda35f6fd683c0f77c1,33,1,2. 과징금의 산정방법
sec_8576ab0043a3,e849c404ca9ff3e228281adfc1fdf4191324bb11,6829c042a13cbb8b01ddcbda35f6fd683c0f77c1,34,0,1. 일반기준
sec_5964b23f3a69,e849c404ca9ff3e228281adfc1fdf4191324bb11,6829c042a13cbb8b01ddcbda35f6fd683c0f77c1,34,1,2. 과징금의 구체적 산정기준
sec_f495d2e9c3b1,e849c404ca9ff3e228281adfc1fdf4191324bb11,6829c042a13cbb8b01ddcbda35f6fd683c0f77c1,34,2,3. 비고
sec_6f8fec4b73b6,e8445b182b60ae5dbbbbc68b55bd8553768c1cf3,6829c042a13cbb8b01ddcbda35f6fd683c0f77c1,35,0,1. 일반기준
sec_cd01a3cae5e3,e8445b182b60ae5dbbbbc68b55bd8553768c1cf3,6829c042a13cbb8b01ddcbda35f6fd683c0f77c1,35,1,2. 특정 사업장에 대한 과태료 부과기준
sec_3af18432e680,e8445b182b60ae5dbbbbc68b55bd8553768c1cf3,6829c042a13cbb8b01ddcbda35f6fd683c0f77c1,35,2,3. 사업장 규모 또는 공사 규모에 따른 과태료 감경기준
sec_4afccb6992f5,e8445b182b60ae5dbbbbc68b55bd8553768c1cf3,6829c042a13cbb8b01ddcbda35f6fd683c0f77c1,35,3,4. 개별기준
sec_07534bf18743,78cb52b0e1f2c9565f59d02f8dcfa0af34858796,1ed21550b572094228bbf31cf5c26cc088464029,1,0,3. 수은이나 그 화합물에 노출되어 발생한 급성중독
sec_4a8a1c75e26f,78cb52b0e1f2c9565f59d02f8dcfa0af34858796,1ed21550b572094228bbf31cf5c26cc088464029,1,1,9. 시안화수소나 그 화합물에 노출되어 발생한 급성중독
sec_24139bfbe031,78cb52b0e1f2c9565f59d02f8dcfa0af34858796,1ed21550b572094228bbf31cf5c26cc088464029,1,2,12. 카드뮴이나 그 화합물에 노출되어 발생한 급성중독
sec_09e82f1e458e,78cb52b0e1f2c9565f59d02f8dcfa0af34858796,1ed21550b572094228bbf31cf5c26cc088464029,1,3,13. 다음 각 목의 화학적 인자에 노출되어 발생한 급성중독
sec_22debfd40b7a,78cb52b0e1f2c9565f59d02f8dcfa0af34858796,1ed21550b572094228bbf31cf5c26cc088464029,1,4,22. 공기 중 산소농도가 부족한 장소에서 발생한 산소결핍증
sec_cda01a353094,8f40deda7db47e309da1353d66e76bd9cc51fdd6,1ed21550b572094228bbf31cf5c26cc088464029,2,0,3. 철도역사의 시설 중 연면적 2천제곱미터 이상인 대합실
sec_538bb1a9ab7b,6d352921200a6cc305e6251f6f9d6ca8ea8905ca,1ed21550b572094228bbf31cf5c26cc088464029,4,0,1. 일반기준
sec_b3da5e339b7c,6d352921200a6cc305e6251f6f9d6ca8ea8905ca,1ed21550b572094228bbf31cf5c26cc088464029,4,1,2. 사업ㆍ사업장의 규모나 공사 규모에 따른 과태료 감경기준
sec_2757183023b2,165f49ab046bfec7c699f4b97e9cc624a345f68d,1ed21550b572094228bbf31cf5c26cc088464029,5,0,1. 「고압가스 안전관리법」 제28조제2항제13호의 독성가스
sec_8cfa9906fea5,165f49ab046bfec7c699f4b97e9cc624a345f68d,1ed21550b572094228bbf31cf5c26cc088464029,5,1,3. 「마약류 관리에 관한 법률」 제2조제1호의 마약류
sec_728f3ebceab4,165f49ab046bfec7c699f4b97e9cc624a345f68d,1ed21550b572094228bbf31cf5c26cc088464029,5,2,8. 「원자력안전법」 제2조제5호의 방사성물질
sec_7769beb21fb5,165f49ab046bfec7c699f4b97e9cc624a345f68d,1ed21550b572094228bbf31cf5c26cc088464029,5,3,9. 「의료기기법」 제2조제1항의 의료기기
sec_f740f8993d6e,9285bb357b94696834aef6dc7e2eec3e3168f805,f436fcd219320b9a2e2544d19baad382633bea80,1,0,1. 폭발성 물질 및 유기과산화물
sec_b22e171382a5,9285bb357b94696834aef6dc7e2eec3e3168f805,f436fcd219320b9a2e2544d19baad382633bea80,1,1,2. 물반응성 물질 및 인화성 고체
sec_20b7f760d3d3,9285bb357b94696834aef6dc7e2eec3e3168f805,f436fcd219320b9a2e2544d19baad382633bea80,1,2,3. 산화성 액체 및 산화성 고체
sec_ed2622c0d4e4,9285bb357b94696834aef6dc7e2eec3e3168f805,f436fcd219320b9a2e2544d19baad382633bea80,1,3,4. 인화성 액체
sec_30999e78c9a6,9285bb357b94696834aef6dc7e2eec3e3168f805,f436fcd219320b9a2e2544d19baad382633bea80,1,4,5. 인화성 가스
sec_ba2c825e09d9,9285bb357b94696834aef6dc7e2eec3e3168f805,f436fcd219320b9a2e2544d19baad382633bea80,1,5,6. 부식성 물질
sec_93bdb5fcb99b,9285bb357b94696834aef6dc7e2eec3e3168f805,f436fcd219320b9a2e2544d19baad382633bea80,1,6,7. 급성 독성 물질
sec_e5eaf6adabae,9bd90dac9ab5a40bd6b458c5b4c590379e9c6591,f436fcd219320b9a2e2544d19baad382633bea80,6,0,"2. 모터그레이더(motor grader, 땅 고르는 기계)"
sec_78b6fbdcbd50,9bd90dac9ab5a40bd6b458c5b4c590379e9c6591,f436fcd219320b9a2e2544d19baad382633bea80,6,1,"5. 크레인형 굴착기계(크램쉘, 드래그라인 등)"
sec_53c7ce6dc6bf,9bd90dac9ab5a40bd6b458c5b4c590379e9c6591,f436fcd219320b9a2e2544d19baad382633bea80,6,2,7. 항타기 및 항발기
sec_2cca5dc083c5,9bd90dac9ab5a40bd6b458c5b4c590379e9c6591,f436fcd219320b9a2e2544d19baad382633bea80,6,3,12. 콘크리트 펌프카
sec_b61383a37c0a,9bd90dac9ab5a40bd6b458c5b4c590379e9c6591,f436fcd219320b9a2e2544d19baad382633bea80,6,4,13. 덤프트럭
sec_a6d27a5abcfa,9bd90dac9ab5a40bd6b458c5b4c590379e9c6591,f436fcd219320b9a2e2544d19baad382633bea80,6,5,14. 콘크리트 믹서 트럭
sec_c69129b57472,7eeebe33b001eea55e2efadcd09c1480212237e4,f436fcd219320b9a2e2544d19baad382633bea80,7,0,1. 화학설비
sec_edc5e3056967,7eeebe33b001eea55e2efadcd09c1480212237e4,f436fcd219320b9a2e2544d19baad382633bea80,7,1,2. 화학설비의 부속설비
sec_28e9cf7e5e23,089593aacef57dee7a8e87d76cbefa85baee74d1,f436fcd219320b9a2e2544d19baad382633bea80,12,0,1. 유기화합물(123종)
sec_67c152430ae7,089593aacef57dee7a8e87d76cbefa85baee74d1,f436fcd219320b9a2e2544d19baad382633bea80,12,1,2. 금속류(25종)
sec_8d9443a4a028,089593aacef57dee7a8e87d76cbefa85baee74d1,f436fcd219320b9a2e2544d19baad382633bea80,12,2,3. 산ㆍ알칼리류(18종)
sec_959a80105941,089593aacef57dee7a8e87d76cbefa85baee74d1,f436fcd219320b9a2e2544d19baad382633bea80,12,3,4. 가스 상태 물질류(15종)
sec_fe06fe6f64f1,1f1cd560020ed540c6933adb79a08b9baf9ee3dc,f436fcd219320b9a2e2544d19baad382633bea80,14,0,2. 인체면역결핍 바이러스에 대한 조치사항
sec_290eb50a12f8,61537c7497e98e3da59accfb338b28205c039582,f436fcd219320b9a2e2544d19baad382633bea80,16,0,2. 암석등을 싣거나 내리는 장소에서의 작업
sec_6e6b3558a297,61537c7497e98e3da59accfb338b28205c039582,f436fcd219320b9a2e2544d19baad382633bea80,16,1,20. 금속을 녹여 뿌리는 장소에서의 작업
sec_cc68cd65451e,61537c7497e98e3da59accfb338b28205c039582,f436fcd219320b9a2e2544d19baad382633bea80,16,2,22. 면(綿)을 섞거나 두드리는 장소에서의 작업
sec_03ce60968a84,387c27bb507eff229c99102eaf00647dec48d42d,f436fcd219320b9a2e2544d19baad382633bea80,18,0,2. 장기간 사용하지 않은 우물 등의 내부
sec_285a386e0137,387c27bb507eff229c99102eaf00647dec48d42d,f436fcd219320b9a2e2544d19baad382633bea80,18,1,16. 화학물질이 들어있던 반응기 및 탱크의 내부
sec_77a6b717bed6,387c27bb507eff229c99102eaf00647dec48d42d,f436fcd219320b9a2e2544d19baad382633bea80,18,2,17. 유해가스가 들어있던 배관이나 집진기의 내부
sec_817af6430a45,ann_d81bcb93d76c,f436fcd219320b9a2e2544d19baad382633bea80,4,0,1. 양식
sec_a65235349189,ann_d81bcb93d76c,f436fcd219320b9a2e2544d19baad382633bea80,4,1,2. 규격 및 색상
