from,to,edge_type
c3fd87057fe55b63cb9cf7213370650abf0e63ee,tbl_b4206e4166b9,CONTAINS_TABLE
c85a0d5518f55dd216f73174191369de6d1b47de,tbl_1ab6ab743bf6,CONTAINS_TABLE
c85a0d5518f55dd216f73174191369de6d1b47de,tbl_df1fa48116bc,CONTAINS_TABLE
c85a0d5518f55dd216f73174191369de6d1b47de,tbl_e40b650a22d7,CONTAINS_TABLE
c85a0d5518f55dd216f73174191369de6d1b47de,tbl_3f6aab665c6d,CONTAINS_TABLE
c85a0d5518f55dd216f73174191369de6d1b47de,tbl_6f15171ddf69,CONTAINS_TABLE
5f199362d71a4d999a3dcc83de7bb220bd6d1d13,tbl_7d345789c5f7,CONTAINS_TABLE
5f199362d71a4d999a3dcc83de7bb220bd6d1d13,tbl_c470c5ebee6a,CONTAINS_TABLE
5f199362d71a4d999a3dcc83de7bb220bd6d1d13,tbl_066786103d5f,CONTAINS_TABLE
5f199362d71a4d999a3dcc83de7bb220bd6d1d13,tbl_671a7ad9472f,CONTAINS_TABLE
5f199362d71a4d999a3dcc83de7bb220bd6d1d13,tbl_88f493447973,CONTAINS_TABLE
5f199362d71a4d999a3dcc83de7bb220bd6d1d13,tbl_822c1ff7d86e,CONTAINS_TABLE
5f199362d71a4d999a3dcc83de7bb220bd6d1d13,tbl_2996b3eb8d24,CONTAINS_TABLE
5f199362d71a4d999a3dcc83de7bb220bd6d1d13,tbl_09a1a50db28c,CONTAINS_TABLE
5f199362d71a4d999a3dcc83de7bb220bd6d1d13,tbl_fb82920abe61,CONTAINS_TABLE
5f199362d71a4d999a3dcc83de7bb220bd6d1d13,tbl_78e29dc0f1f6,CONTAINS_TABLE
5f199362d71a4d999a3dcc83de7bb220bd6d1d13,tbl_1f2b75a38688,CONTAINS_TABLE
741b4ba93ac2ab9149cbb7308da3b2b9a20d700b,tbl_8d858144e455,CONTAINS_TABLE
741b4ba93ac2ab9149cbb7308da3b2b9a20d700b,tbl_36846bd06ccc,CONTAINS_TABLE
c4e61dfbf07affeeb73bb49bd38ac328f48c277c,tbl_8938a044f557,CONTAINS_TABLE
0c5db9444758e7e8b30c914db8a0243eea12c09e,tbl_fbe88e5df390,CONTAINS_TABLE
7be5f319d0c0fb906eaf6704f34a176c253df8ae,tbl_96dae67a53c5,CONTAINS_TABLE
a88e352b9611c01b84ee67d43698eb257dcafc98,tbl_5fcf52a82d46,CONTAINS_TABLE
0e48b19641001a288db5493bb511af2ba4dee5e2,tbl_e9f2f3ad292e,CONTAINS_TABLE
607a1e3cc31842cdf84bca51a66487d30b7dab77,tbl_1f965b5296a1,CONTAINS_TABLE
e75686d3ca9cea7362c3d667d01d37c92dcd749b,tbl_2ba7608ab69e,CONTAINS_TABLE
e75686d3ca9cea7362c3d667d01d37c92dcd749b,tbl_caad5cc83dc8,CONTAINS_TABLE
e75686d3ca9cea7362c3d667d01d37c92dcd749b,tbl_fc68bf27f73f,CONTAINS_TABLE
e75686d3ca9cea7362c3d667d01d37c92dcd749b,tbl_779c8d2e10af,CONTAINS_TABLE
ed9179023c722a9199a3e44f8958eac311ac13a8,tbl_b192c8ee6d70,CONTAINS_TABLE
ed9179023c722a9199a3e44f8958eac311ac13a8,tbl_3e6b03e5bd7d,CONTAINS_TABLE
684559ad16d657805b381d18b1131f3ab86ba1d6,tbl_ea6f37aca88c,CONTAINS_TABLE
ad5bce4981af3c50a62a9d84963f472a97a3a02b,tbl_a1ee7bfaa330,CONTAINS_TABLE
aa4045f94745828fcf1ed26bb91779e9e00e7439,tbl_83c33db30c51,CONTAINS_TABLE
aa4045f94745828fcf1ed26bb91779e9e00e7439,tbl_26530f3e2013,CONTAINS_TABLE
aa4045f94745828fcf1ed26bb91779e9e00e7439,tbl_40a2ba2f5991,CONTAINS_TABLE
aa4045f94745828fcf1ed26bb91779e9e00e7439,tbl_2631b4eeb3f6,CONTAINS_TABLE
aa4045f94745828fcf1ed26bb91779e9e00e7439,tbl_c02a806a8769,CONTAINS_TABLE
aa4045f94745828fcf1ed26bb91779e9e00e7439,tbl_0c1ddeab4f23,CONTAINS_TABLE
aa4045f94745828fcf1ed26bb91779e9e00e7439,tbl_caade87eb1ed,CONTAINS_TABLE
aa4045f94745828fcf1ed26bb91779e9e00e7439,tbl_b24f59904a2d,CONTAINS_TABLE
aa4045f94745828fcf1ed26bb91779e9e00e7439,tbl_9aac9f1074e1,CONTAINS_TABLE
aa4045f94745828fcf1ed26bb91779e9e00e7439,tbl_f4d3b2423e15,CONTAINS_TABLE
2370e87a4f0311f49e09bf2c5eff765fe42ba3b2,tbl_17a2f79406ec,CONTAINS_TABLE
f348725beaeee025a67cca8a0c67c934a48e914b,tbl_727b37ec7648,CONTAINS_TABLE
ann_1e244bb40df0,tbl_3566f1745da6,CONTAINS_TABLE
ann_1e244bb40df0,tbl_cae2fc11d8ed,CONTAINS_TABLE
ann_1732d9fde3c0,tbl_3b881c10dbe8,CONTAINS_TABLE
ann_1732d9fde3c0,tbl_8a07cfd79534,CONTAINS_TABLE
ann_1732d9fde3c0,tbl_9d4a6c110d37,CONTAINS_TABLE
ann_1732d9fde3c0,tbl_ff65f4b97267,CONTAINS_TABLE
ann_e9b8891196e3,tbl_b1219031fee9,CONTAINS_TABLE
ann_e9b8891196e3,tbl_693da2d12c65,CONTAINS_TABLE
ann_e9b8891196e3,tbl_e1ef5fe6a6a9,CONTAINS_TABLE
ann_e9b8891196e3,tbl_d93d55c5613a,CONTAINS_TABLE
ann_e9b8891196e3,tbl_51909a97ad85,CONTAINS_TABLE
ann_3bf56f69b00a,tbl_7a5fa57bada0,CONTAINS_TABLE
ann_3bf56f69b00a,tbl_d58d47af47d2,CONTAINS_TABLE
ann_3bf56f69b00a,tbl_51001113a2ce,CONTAINS_TABLE
ann_3bf56f69b00a,tbl_f3b39ca7f369,CONTAINS_TABLE
ann_f342b2ffddda,tbl_ee2071cf647a,CONTAINS_TABLE
ann_807eecc1fb61,tbl_84c9995553c0,CONTAINS_TABLE
ann_807eecc1fb61,tbl_99f410e62711,CONTAINS_TABLE
ann_48ee72cbfa46,tbl_310157c0c044,CONTAINS_TABLE
ann_48ee72cbfa46,tbl_a6b2e70fc617,CONTAINS_TABLE
ann_48ee72cbfa46,tbl_40c6887f6a4f,CONTAINS_TABLE
ann_1dc54346af41,tbl_2450efbcfa4d,CONTAINS_TABLE
ann_1dc54346af41,tbl_5aaca6c8fb62,CONTAINS_TABLE
ann_1dc54346af41,tbl_6191c541a001,CONTAINS_TABLE
ann_3ae0db471b0d,tbl_85a236844425,CONTAINS_TABLE
ann_3ae0db471b0d,tbl_e7be620bfc4e,CONTAINS_TABLE
ann_4d4fca839194,tbl_b8ef1155a801,CONTAINS_TABLE
ann_4d4fca839194,tbl_c38d09e7ebe8,CONTAINS_TABLE
ann_728480c8c5dd,tbl_df9742b890e2,CONTAINS_TABLE
ann_728480c8c5dd,tbl_0f1cce15d479,CONTAINS_TABLE
ann_728480c8c5dd,tbl_bea5b940bc19,CONTAINS_TABLE
ann_728480c8c5dd,tbl_e2b55edf762b,CONTAINS_TABLE
ann_a27e93d28b0e,tbl_5f669e6d853b,CONTAINS_TABLE
ann_a27e93d28b0e,tbl_d6e095e688db,CONTAINS_TABLE
ann_a27e93d28b0e,tbl_eab295a2c625,CONTAINS_TABLE
ann_a27e93d28b0e,tbl_5e05c56ef767,CONTAINS_TABLE
ann_49e352b9b6e3,tbl_ded80751c3cf,CONTAINS_TABLE
ann_49e352b9b6e3,tbl_79b6dd8c6603,CONTAINS_TABLE
ann_49e352b9b6e3,tbl_cb3662018a12,CONTAINS_TABLE
ann_49e352b9b6e3,tbl_ef040583dd8e,CONTAINS_TABLE
ann_7008117ed090,tbl_f3893eadf971,CONTAINS_TABLE
ann_7008117ed090,tbl_59580c2455a3,CONTAINS_TABLE
ann_7008117ed090,tbl_b00ac7e766cb,CONTAINS_TABLE
ann_7008117ed090,tbl_2877d4313a52,CONTAINS_TABLE
ann_ea049e760286,tbl_e229b18a9671,CONTAINS_TABLE
ann_47e7ef11ae71,tbl_7c2a5eaa6a95,CONTAINS_TABLE
ann_47e7ef11ae71,tbl_4d038c9d1dcb,CONTAINS_TABLE
ann_47e7ef11ae71,tbl_7290d29bf1cb,CONTAINS_TABLE
ann_47e7ef11ae71,tbl_b2369d1e5372,CONTAINS_TABLE
ann_47e7ef11ae71,tbl_62741a090197,CONTAINS_TABLE
ann_f342b41055a5,tbl_b1b6258df0ce,CONTAINS_TABLE
ann_53deec4e7550,tbl_b3357d03c74b,CONTAINS_TABLE
ann_53deec4e7550,tbl_f59f53d732b1,CONTAINS_TABLE
ann_53deec4e7550,tbl_bbe90a813499,CONTAINS_TABLE
ann_8f5b39944af4,tbl_c707bba60cef,CONTAINS_TABLE
ann_8f5b39944af4,tbl_a03fe17208ff,CONTAINS_TABLE
ann_8f5b39944af4,tbl_cf8271a00550,CONTAINS_TABLE
ann_8f5b39944af4,tbl_51448565b0b2,CONTAINS_TABLE
ann_8f5b39944af4,tbl_0c8c32891a41,CONTAINS_TABLE
ann_8f5b39944af4,tbl_f5112dcdcf9b,CONTAINS_TABLE
ann_8f5b39944af4,tbl_2164c8aebf13,CONTAINS_TABLE
ann_47e15f8fe3e1,tbl_ef4d0fb4d0c7,CONTAINS_TABLE
ann_47e15f8fe3e1,tbl_d2949ad528be,CONTAINS_TABLE
ann_47e15f8fe3e1,tbl_0ec4b707f9d5,CONTAINS_TABLE
ann_47e15f8fe3e1,tbl_173e5c436357,CONTAINS_TABLE
ann_47e15f8fe3e1,tbl_b039f3f6d22d,CONTAINS_TABLE
ann_47e15f8fe3e1,tbl_300dc1faf053,CONTAINS_TABLE
ann_bd91ba1e0c37,tbl_920d87053096,CONTAINS_TABLE
ann_53c7baecdb80,tbl_0049ba4552bc,CONTAINS_TABLE
ann_53c7baecdb80,tbl_1672717dde3b,CONTAINS_TABLE
ann_cf74a9218997,tbl_6ec9fd4b8858,CONTAINS_TABLE
ann_cf74a9218997,tbl_5a3317fba6e7,CONTAINS_TABLE
ann_e547a1f144e4,tbl_b53a3b9eec63,CONTAINS_TABLE
ann_9db8e94de1e4,tbl_7cc3b712408e,CONTAINS_TABLE
ann_9db8e94de1e4,tbl_c0216a8e4e03,CONTAINS_TABLE
ann_9db8e94de1e4,tbl_c4f1cdee0af7,CONTAINS_TABLE
ann_9db8e94de1e4,tbl_a182837d9c34,CONTAINS_TABLE
ann_c677f74b2579,tbl_3798abea97d2,CONTAINS_TABLE
ann_c677f74b2579,tbl_39e0fb32ba9c,CONTAINS_TABLE
ann_c677f74b2579,tbl_ca4c093c0af1,CONTAINS_TABLE
ann_aa0c25ec609b,tbl_69884492dbb5,CONTAINS_TABLE
ann_aa0c25ec609b,tbl_34e559141c6d,CONTAINS_TABLE
ann_aa0c25ec609b,tbl_ee90bde0e0ee,CONTAINS_TABLE
ann_59b274d6afdf,tbl_a185920e96c7,CONTAINS_TABLE
ann_c763f1890804,tbl_3797beca8cf7,CONTAINS_TABLE
b7aafcf03f84927c7ae234cb0b263ad58e2cf45c,tbl_5017a9c8ae6e,CONTAINS_TABLE
750fbfa800ef61fd7da177a214b63e5b88e8e457,tbl_6bc65d09e3db,CONTAINS_TABLE
12a056ca2a0dc04ddddae98872d76adf540bf3aa,tbl_ed0b0e2653fb,CONTAINS_TABLE
12a056ca2a0dc04ddddae98872d76adf540bf3aa,tbl_f954d5f08d72,CONTAINS_TABLE
12a056ca2a0dc04ddddae98872d76adf540bf3aa,tbl_83dd856c2889,CONTAINS_TABLE
12a056ca2a0dc04ddddae98872d76adf540bf3aa,tbl_f5c9afedc551,CONTAINS_TABLE
12a056ca2a0dc04ddddae98872d76adf540bf3aa,tbl_757785d27286,CONTAINS_TABLE
ffd7977c5cf58fcf1113c942de3f15aecb43cf7d,tbl_67bf5cc358b8,CONTAINS_TABLE
ffd7977c5cf58fcf1113c942de3f15aecb43cf7d,tbl_06f397006296,CONTAINS_TABLE
ffd7977c5cf58fcf1113c942de3f15aecb43cf7d,tbl_04f9fd9a2b7f,CONTAINS_TABLE
f2d641b31b237ef7bba75c4a9c55374d456e7d14,tbl_adff20c9d42c,CONTAINS_TABLE
f2d641b31b237ef7bba75c4a9c55374d456e7d14,tbl_d7b905e5058e,CONTAINS_TABLE
f2d641b31b237ef7bba75c4a9c55374d456e7d14,tbl_2127a3d5fead,CONTAINS_TABLE
f2d641b31b237ef7bba75c4a9c55374d456e7d14,tbl_c72c1e4c4ddc,CONTAINS_TABLE
f2d641b31b237ef7bba75c4a9c55374d456e7d14,tbl_07ba9c7736f0,CONTAINS_TABLE
f2d641b31b237ef7bba75c4a9c55374d456e7d14,tbl_c7a026cccc47,CONTAINS_TABLE
f2d641b31b237ef7bba75c4a9c55374d456e7d14,tbl_cf53b487ad29,CONTAINS_TABLE
f2d641b31b237ef7bba75c4a9c55374d456e7d14,tbl_d2c813687a45,CONTAINS_TABLE
46fe06e4c995a7c1228f188994da6f494d90f037,tbl_a08c9fbad9c9,CONTAINS_TABLE
46fe06e4c995a7c1228f188994da6f494d90f037,tbl_f3e6bb89a878,CONTAINS_TABLE
46fe06e4c995a7c1228f188994da6f494d90f037,tbl_f565e2696ce7,CONTAINS_TABLE
46fe06e4c995a7c1228f188994da6f494d90f037,tbl_30f18900a68c,CONTAINS_TABLE
46fe06e4c995a7c1228f188994da6f494d90f037,tbl_5a77711a8d38,CONTAINS_TABLE
46fe06e4c995a7c1228f188994da6f494d90f037,tbl_912b9090ed74,CONTAINS_TABLE
46fe06e4c995a7c1228f188994da6f494d90f037,tbl_42df5db5ca9b,CONTAINS_TABLE
46fe06e4c995a7c1228f188994da6f494d90f037,tbl_c12520e8d532,CONTAINS_TABLE
73ec716aa92b5130582e6e3203d72b3112e2c4b9,tbl_a832a88f346a,CONTAINS_TABLE
73ec716aa92b5130582e6e3203d72b3112e2c4b9,tbl_a7a1c04d75ee,CONTAINS_TABLE
73ec716aa92b5130582e6e3203d72b3112e2c4b9,tbl_bae31e6b3eae,CONTAINS_TABLE
73ec716aa92b5130582e6e3203d72b3112e2c4b9,tbl_65981a71d321,CONTAINS_TABLE
73ec716aa92b5130582e6e3203d72b3112e2c4b9,tbl_15142046cef4,CONTAINS_TABLE
73ec716aa92b5130582e6e3203d72b3112e2c4b9,tbl_4cae838ca4d3,CONTAINS_TABLE
73ec716aa92b5130582e6e3203d72b3112e2c4b9,tbl_4ee98bf49c24,CONTAINS_TABLE
73ec716aa92b5130582e6e3203d72b3112e2c4b9,tbl_e882b0178a7e,CONTAINS_TABLE
6450bd88739b8aefd71864b3854838ad95bf8bbb,tbl_cdffe05b8a97,CONTAINS_TABLE
6450bd88739b8aefd71864b3854838ad95bf8bbb,tbl_48ae8e47fcf9,CONTAINS_TABLE
6450bd88739b8aefd71864b3854838ad95bf8bbb,tbl_1d6b26c65ea6,CONTAINS_TABLE
699749d2f8c28190e8c6aaefb505462ef5cdd9a1,tbl_8cde276b1eae,CONTAINS_TABLE
699749d2f8c28190e8c6aaefb505462ef5cdd9a1,tbl_34ecdd984b46,CONTAINS_TABLE
699749d2f8c28190e8c6aaefb505462ef5cdd9a1,tbl_3915deab84c2,CONTAINS_TABLE
699749d2f8c28190e8c6aaefb505462ef5cdd9a1,tbl_3bd5b029a243,CONTAINS_TABLE
6b63384d93e908102ccaa81bfe11e88aeffb9f53,tbl_927b82205c19,CONTAINS_TABLE
6b63384d93e908102ccaa81bfe11e88aeffb9f53,tbl_99535eb93732,CONTAINS_TABLE
6b63384d93e908102ccaa81bfe11e88aeffb9f53,tbl_11f9a687d9fd,CONTAINS_TABLE
6b63384d93e908102ccaa81bfe11e88aeffb9f53,tbl_2c96750959a8,CONTAINS_TABLE
29536b800abec479c0f744a81e0ca0fe002a4718,tbl_1ba12ae185ad,CONTAINS_TABLE
29536b800abec479c0f744a81e0ca0fe002a4718,tbl_198c99eba786,CONTAINS_TABLE
f65ce9c46a1c82b1ae140c9ec47270fb8832c75e,tbl_2c0dd0b24550,CONTAINS_TABLE
f65ce9c46a1c82b1ae140c9ec47270fb8832c75e,tbl_0a6ecb8423f3,CONTAINS_TABLE
f65ce9c46a1c82b1ae140c9ec47270fb8832c75e,tbl_999f819a08e3,CONTAINS_TABLE
f65ce9c46a1c82b1ae140c9ec47270fb8832c75e,tbl_5359279b4ade,CONTAINS_TABLE
e8ac9214cec3874b09f5ba909b5b0c76a58e375e,tbl_ed4d9b798968,CONTAINS_TABLE
e8ac9214cec3874b09f5ba909b5b0c76a58e375e,tbl_059dfcbae9a8,CONTAINS_TABLE
d7fe45b1ba8e523bd6ee7b813c3cf8a4e12bbca8,tbl_d6a44ace00d1,CONTAINS_TABLE
d7fe45b1ba8e523bd6ee7b813c3cf8a4e12bbca8,tbl_225c06803d64,CONTAINS_TABLE
d7fe45b1ba8e523bd6ee7b813c3cf8a4e12bbca8,tbl_0b80235d1a5a,CONTAINS_TABLE
15dfba90d0c9e5374c8ea5a2d080fb7082d51f22,tbl_a8440c2698c7,CONTAINS_TABLE
15dfba90d0c9e5374c8ea5a2d080fb7082d51f22,tbl_07566947958f,CONTAINS_TABLE
15dfba90d0c9e5374c8ea5a2d080fb7082d51f22,tbl_fe88d7d2f8fe,CONTAINS_TABLE
15dfba90d0c9e5374c8ea5a2d080fb7082d51f22,tbl_93638b1b8b33,CONTAINS_TABLE
15dfba90d0c9e5374c8ea5a2d080fb7082d51f22,tbl_981a8b08817b,CONTAINS_TABLE
faa60f7f5cf7df7b8ed468cbaceca79df1f97121,tbl_a36d6b2751d2,CONTAINS_TABLE
faa60f7f5cf7df7b8ed468cbaceca79df1f97121,tbl_0f8f18686388,CONTAINS_TABLE
faa60f7f5cf7df7b8ed468cbaceca79df1f97121,tbl_f5f7a75a2283,CONTAINS_TABLE
faa60f7f5cf7df7b8ed468cbaceca79df1f97121,tbl_322ead80aa08,CONTAINS_TABLE
faa60f7f5cf7df7b8ed468cbaceca79df1f97121,tbl_817966449bff,CONTAINS_TABLE
faa60f7f5cf7df7b8ed468cbaceca79df1f97121,tbl_63d2ca59f585,CONTAINS_TABLE
e372884ab2e6937e398265b535a42cc46d7dee13,tbl_3762b95e877b,CONTAINS_TABLE
e372884ab2e6937e398265b535a42cc46d7dee13,tbl_586b4d3ce0ab,CONTAINS_TABLE
e372884ab2e6937e398265b535a42cc46d7dee13,tbl_bb65771e06a1,CONTAINS_TABLE
267a2b2abb35221d5713b5199a871fab8f771241,tbl_a815ffb8410d,CONTAINS_TABLE
267a2b2abb35221d5713b5199a871fab8f771241,tbl_d1461859084a,CONTAINS_TABLE
a9fcb9d93e712099172c45117111617eaae8c650,tbl_819654db40ed,CONTAINS_TABLE
21f0a7cfb99509959de1665ca64e329f596b304f,tbl_fff91cfda83b,CONTAINS_TABLE
21f0a7cfb99509959de1665ca64e329f596b304f,tbl_bdb2587833b6,CONTAINS_TABLE
21f0a7cfb99509959de1665ca64e329f596b304f,tbl_dc26c9389a84,CONTAINS_TABLE
c1258f5a32891f3268f0d49314978d3eda3e6029,tbl_1cb5735dc8b3,CONTAINS_TABLE
c1258f5a32891f3268f0d49314978d3eda3e6029,tbl_60a18fcc3f8e,CONTAINS_TABLE
7102a8cd0fdcb69926da5cc68f2be6328b1c7859,tbl_79f75125bcc5,CONTAINS_TABLE
7102a8cd0fdcb69926da5cc68f2be6328b1c7859,tbl_8ff15bcdbe46,CONTAINS_TABLE
7102a8cd0fdcb69926da5cc68f2be6328b1c7859,tbl_304457e610e5,CONTAINS_TABLE
7102a8cd0fdcb69926da5cc68f2be6328b1c7859,tbl_eecb17e7904b,CONTAINS_TABLE
7102a8cd0fdcb69926da5cc68f2be6328b1c7859,tbl_e2937f190006,CONTAINS_TABLE
7102a8cd0fdcb69926da5cc68f2be6328b1c7859,tbl_2c31fb2c8ee4,CONTAINS_TABLE
04613aa001ca5bfa55af48cdec91648073c9f9c1,tbl_58a1e2a01e3e,CONTAINS_TABLE
04613aa001ca5bfa55af48cdec91648073c9f9c1,tbl_455d6535ff48,CONTAINS_TABLE
0c058cd956eec2527a68c9d8045530166c92d3d2,tbl_ad2e5b92c5ec,CONTAINS_TABLE
0c058cd956eec2527a68c9d8045530166c92d3d2,tbl_a1cf5e522571,CONTAINS_TABLE
0c058cd956eec2527a68c9d8045530166c92d3d2,tbl_9b65bbe46d15,CONTAINS_TABLE
0c058cd956eec2527a68c9d8045530166c92d3d2,tbl_fb7080e32775,CONTAINS_TABLE
7c830e13cd4c2fafde63a663bd51f90e90bcd81e,tbl_08731abc4bba,CONTAINS_TABLE
32aa4e909f9dece2b550e8f8817a357ff7f42626,tbl_149abfa00ed8,CONTAINS_TABLE
32aa4e909f9dece2b550e8f8817a357ff7f42626,tbl_a70a1d811983,CONTAINS_TABLE
274be2ac6756f942248f864a20e57e6644b48ce6,tbl_44b0eff90ecf,CONTAINS_TABLE
274be2ac6756f942248f864a20e57e6644b48ce6,tbl_231c93f03f5b,CONTAINS_TABLE
b1a0512e3acfcb7c924fe5d8eaa0a574d17cadaa,tbl_76b8ec3aff3f,CONTAINS_TABLE
c0baadb0e2febaee03758cbb54e5ecac0b3169db,tbl_ab8586c19eda,CONTAINS_TABLE
c0baadb0e2febaee03758cbb54e5ecac0b3169db,tbl_8185ccbe8e38,CONTAINS_TABLE
64a02da0f318d607248b3dcd4f615dd7c0f86ae5,tbl_0e0c89e85913,CONTAINS_TABLE
64a02da0f318d607248b3dcd4f615dd7c0f86ae5,tbl_346a28150707,CONTAINS_TABLE
64a02da0f318d607248b3dcd4f615dd7c0f86ae5,tbl_282383033236,CONTAINS_TABLE
74d98f6510619a5603707c594c23da072cff236f,tbl_fe679ae16bd6,CONTAINS_TABLE
74d98f6510619a5603707c594c23da072cff236f,tbl_c1a8f9cbd4e4,CONTAINS_TABLE
e9d85e615c700fd46684974e8f98a519675162a6,tbl_9b2fe9375673,CONTAINS_TABLE
e9d85e615c700fd46684974e8f98a519675162a6,tbl_39671e48f9f8,CONTAINS_TABLE
e9d85e615c700fd46684974e8f98a519675162a6,tbl_1596825acb4e,CONTAINS_TABLE
e7cb78a5744e731bf0628c3d304e2d7f2847ce25,tbl_f8c45e75f00c,CONTAINS_TABLE
e7cb78a5744e731bf0628c3d304e2d7f2847ce25,tbl_4ccbf40830b2,CONTAINS_TABLE
d013bed050cfb7e6668f35f276dfcbe104499a4d,tbl_39cb0563b736,CONTAINS_TABLE
d013bed050cfb7e6668f35f276dfcbe104499a4d,tbl_e68891082625,CONTAINS_TABLE
a2ef592b4d8f07452c4b02601df76bbd4ce0c176,tbl_706f731e0701,CONTAINS_TABLE
a2ef592b4d8f07452c4b02601df76bbd4ce0c176,tbl_ebbd6405f15a,CONTAINS_TABLE
a2ef592b4d8f07452c4b02601df76bbd4ce0c176,tbl_1587d849a6fb,CONTAINS_TABLE
a2ef592b4d8f07452c4b02601df76bbd4ce0c176,tbl_29d87cccbd8b,CONTAINS_TABLE
68a28c874eea09e30cc935c0bf90ec3904a330e3,tbl_fd968fea9088,CONTAINS_TABLE
68a28c874eea09e30cc935c0bf90ec3904a330e3,tbl_7816a21f3316,CONTAINS_TABLE
e2e06c7095a9b5238bd4fd291a981c704618ec07,tbl_9b2fa7bc2ac8,CONTAINS_TABLE
e2e06c7095a9b5238bd4fd291a981c704618ec07,tbl_300d8830bca8,CONTAINS_TABLE
e2e06c7095a9b5238bd4fd291a981c704618ec07,tbl_c3b75a1ce8a5,CONTAINS_TABLE
4b199093f1c85815d458ed98008f8ed5c5015edb,tbl_fef594f32de2,CONTAINS_TABLE
4b199093f1c85815d458ed98008f8ed5c5015edb,tbl_77a5e74a3c72,CONTAINS_TABLE
fd760dcb602dc09bf3c423eebf7eba893ed8d716,tbl_0fbfd54f2a69,CONTAINS_TABLE
fd760dcb602dc09bf3c423eebf7eba893ed8d716,tbl_62046c589782,CONTAINS_TABLE
70e76364be9902e40bafcf4ca4f6a43f1f8497ac,tbl_5dda594b6273,CONTAINS_TABLE
70e76364be9902e40bafcf4ca4f6a43f1f8497ac,tbl_9d629e1da3a7,CONTAINS_TABLE
70e76364be9902e40bafcf4ca4f6a43f1f8497ac,tbl_05dbe70fcf71,CONTAINS_TABLE
2af5c14b3926a5bbc3b3c34d0ae9ba64a9d92914,tbl_fe1044561d16,CONTAINS_TABLE
2af5c14b3926a5bbc3b3c34d0ae9ba64a9d92914,tbl_80296f11c6f5,CONTAINS_TABLE
2af5c14b3926a5bbc3b3c34d0ae9ba64a9d92914,tbl_b5751e2859f9,CONTAINS_TABLE
2af5c14b3926a5bbc3b3c34d0ae9ba64a9d92914,tbl_2435f2c4b967,CONTAINS_TABLE
2af5c14b3926a5bbc3b3c34d0ae9ba64a9d92914,tbl_7da13ed89014,CONTAINS_TABLE
2af5c14b3926a5bbc3b3c34d0ae9ba64a9d92914,tbl_c5cc6eff59a0,CONTAINS_TABLE
2af5c14b3926a5bbc3b3c34d0ae9ba64a9d92914,tbl_2cbbb04febaa,CONTAINS_TABLE
2af5c14b3926a5bbc3b3c34d0ae9ba64a9d92914,tbl_877eede765b8,CONTAINS_TABLE
2af5c14b3926a5bbc3b3c34d0ae9ba64a9d92914,tbl_97bbd9e1f908,CONTAINS_TABLE
49d82fa3c894bed6e5a51fc1b410f1b1c533e182,tbl_e1184e2df6b1,CONTAINS_TABLE
49d82fa3c894bed6e5a51fc1b410f1b1c533e182,tbl_a4367bd76e83,CONTAINS_TABLE
49d82fa3c894bed6e5a51fc1b410f1b1c533e182,tbl_c07bc916f8df,CONTAINS_TABLE
49d82fa3c894bed6e5a51fc1b410f1b1c533e182,tbl_ab2b4c98fbf8,CONTAINS_TABLE
29f7c5f33795eb59bb03ad2c8b9b0e7259879dff,tbl_521d7f58b5ad,CONTAINS_TABLE
29f7c5f33795eb59bb03ad2c8b9b0e7259879dff,tbl_abb35f3e76d9,CONTAINS_TABLE
29f7c5f33795eb59bb03ad2c8b9b0e7259879dff,tbl_ee6a449dc356,CONTAINS_TABLE
29f7c5f33795eb59bb03ad2c8b9b0e7259879dff,tbl_a2c338b82134,CONTAINS_TABLE
29f7c5f33795eb59bb03ad2c8b9b0e7259879dff,tbl_f950f687f443,CONTAINS_TABLE
29f7c5f33795eb59bb03ad2c8b9b0e7259879dff,tbl_6dd74714f5d9,CONTAINS_TABLE
95a8c20ce6b922657b6ed6abe777a60b720141f7,tbl_e5bae0fc0298,CONTAINS_TABLE
95a8c20ce6b922657b6ed6abe777a60b720141f7,tbl_c24b2077a82f,CONTAINS_TABLE
fbfc1ca4b21a295337d24da00fb0f519bfb8f3e1,tbl_b76fd6a88a95,CONTAINS_TABLE
fbfc1ca4b21a295337d24da00fb0f519bfb8f3e1,tbl_3e21f3b698c5,CONTAINS_TABLE
fbfc1ca4b21a295337d24da00fb0f519bfb8f3e1,tbl_c78c1c1c4367,CONTAINS_TABLE
fbfc1ca4b21a295337d24da00fb0f519bfb8f3e1,tbl_68ef1da7de87,CONTAINS_TABLE
fbfc1ca4b21a295337d24da00fb0f519bfb8f3e1,tbl_7ae2aabeecac,CONTAINS_TABLE
dce8152252ce5583bde2b84ca1e31ddffbd0c126,tbl_22756eb6b509,CONTAINS_TABLE
dce8152252ce5583bde2b84ca1e31ddffbd0c126,tbl_4e7e75fede91,CONTAINS_TABLE
dce8152252ce5583bde2b84ca1e31ddffbd0c126,tbl_69d6605a2556,CONTAINS_TABLE
a8210ca671fc68b1465754671b5373e663f2cf4d,tbl_9c5a7d0b0f28,CONTAINS_TABLE
f8927a8ad144de8fd70dc4619a59015090235a30,tbl_5b964a927f38,CONTAINS_TABLE
f8927a8ad144de8fd70dc4619a59015090235a30,tbl_6ac467e8625a,CONTAINS_TABLE
f8927a8ad144de8fd70dc4619a59015090235a30,tbl_caa7f4e96560,CONTAINS_TABLE
f8927a8ad144de8fd70dc4619a59015090235a30,tbl_6044bf0c960c,CONTAINS_TABLE
f8927a8ad144de8fd70dc4619a59015090235a30,tbl_adcdd2632237,CONTAINS_TABLE
f8927a8ad144de8fd70dc4619a59015090235a30,tbl_0469f7fae96c,CONTAINS_TABLE
f8927a8ad144de8fd70dc4619a59015090235a30,tbl_c1187347521e,CONTAINS_TABLE
f8927a8ad144de8fd70dc4619a59015090235a30,tbl_ed3ed6510f65,CONTAINS_TABLE
f8927a8ad144de8fd70dc4619a59015090235a30,tbl_6f6f3b71d497,CONTAINS_TABLE
866a51440c948291689503fd4846b45edaec7b82,tbl_80034b21fb9a,CONTAINS_TABLE
866a51440c948291689503fd4846b45edaec7b82,tbl_537648922b31,CONTAINS_TABLE
866a51440c948291689503fd4846b45edaec7b82,tbl_bab76d357b83,CONTAINS_TABLE
866a51440c948291689503fd4846b45edaec7b82,tbl_ab8dfb2ed65a,CONTAINS_TABLE
271cbec3a3034c1aad7f8bf4420ce364e5456fbb,tbl_2508ee81f6ef,CONTAINS_TABLE
271cbec3a3034c1aad7f8bf4420ce364e5456fbb,tbl_e67f22d66748,CONTAINS_TABLE
fcb11246b0b6e59b70fc55f89e441858a105f79a,tbl_91ce430fbb82,CONTAINS_TABLE
fcb11246b0b6e59b70fc55f89e441858a105f79a,tbl_5b8baa50c772,CONTAINS_TABLE
fcb11246b0b6e59b70fc55f89e441858a105f79a,tbl_a87233a7d54b,CONTAINS_TABLE
fcb11246b0b6e59b70fc55f89e441858a105f79a,tbl_da0bf9fda0ae,CONTAINS_TABLE
bd0ba399cdbd23c4dbd049cc6b2b34ce1fe3edd3,tbl_92469668a659,CONTAINS_TABLE
bd0ba399cdbd23c4dbd049cc6b2b34ce1fe3edd3,tbl_0fd7828fcb8f,CONTAINS_TABLE
bd0ba399cdbd23c4dbd049cc6b2b34ce1fe3edd3,tbl_97344293a9ad,CONTAINS_TABLE
bd0ba399cdbd23c4dbd049cc6b2b34ce1fe3edd3,tbl_d07bd814f06f,CONTAINS_TABLE
e99df9af541a0f3f43d3956ee6233326879b8b0e,tbl_95b10fb38fa9,CONTAINS_TABLE
e99df9af541a0f3f43d3956ee6233326879b8b0e,tbl_f627d5285492,CONTAINS_TABLE
e99df9af541a0f3f43d3956ee6233326879b8b0e,tbl_935f487eea39,CONTAINS_TABLE
e99df9af541a0f3f43d3956ee6233326879b8b0e,tbl_f30b5f809d79,CONTAINS_TABLE
e99df9af541a0f3f43d3956ee6233326879b8b0e,tbl_e00bd6bd2763,CONTAINS_TABLE
74e9c59b6e6c8bd4fba1d485dacb96faa4f64f31,tbl_a82527dfcfc3,CONTAINS_TABLE
74e9c59b6e6c8bd4fba1d485dacb96faa4f64f31,tbl_22feb47dde53,CONTAINS_TABLE
74e9c59b6e6c8bd4fba1d485dacb96faa4f64f31,tbl_0b00bdc4a210,CONTAINS_TABLE
74e9c59b6e6c8bd4fba1d485dacb96faa4f64f31,tbl_245aa28deba5,CONTAINS_TABLE
74e9c59b6e6c8bd4fba1d485dacb96faa4f64f31,tbl_7d8b4405a96d,CONTAINS_TABLE
74e9c59b6e6c8bd4fba1d485dacb96faa4f64f31,tbl_3d4df6676b24,CONTAINS_TABLE
74e9c59b6e6c8bd4fba1d485dacb96faa4f64f31,tbl_3b938af86486,CONTAINS_TABLE
74e9c59b6e6c8bd4fba1d485dacb96faa4f64f31,tbl_84146dc9eaa6,CONTAINS_TABLE
74e9c59b6e6c8bd4fba1d485dacb96faa4f64f31,tbl_f15fa14ae4d6,CONTAINS_TABLE
74e9c59b6e6c8bd4fba1d485dacb96faa4f64f31,tbl_f42a323de5c6,CONTAINS_TABLE
74e9c59b6e6c8bd4fba1d485dacb96faa4f64f31,tbl_8597137cc659,CONTAINS_TABLE
74e9c59b6e6c8bd4fba1d485dacb96faa4f64f31,tbl_d1fa6549748b,CONTAINS_TABLE
0b3c38e25afef5e1cc270b08e9d04e30f1ff94f3,tbl_501ad81b104c,CONTAINS_TABLE
0b3c38e25afef5e1cc270b08e9d04e30f1ff94f3,tbl_74e93bffc2b7,CONTAINS_TABLE
0b3c38e25afef5e1cc270b08e9d04e30f1ff94f3,tbl_6a3e1b0c578c,CONTAINS_TABLE
0b3c38e25afef5e1cc270b08e9d04e30f1ff94f3,tbl_ab6114e2b40a,CONTAINS_TABLE
0b3c38e25afef5e1cc270b08e9d04e30f1ff94f3,tbl_42d5d0dc6626,CONTAINS_TABLE
3a3800e3b3b40461e50faae0adc8070fa0c4d338,tbl_d263d0a01846,CONTAINS_TABLE
3a3800e3b3b40461e50faae0adc8070fa0c4d338,tbl_f5b7bbeb71d9,CONTAINS_TABLE
3a3800e3b3b40461e50faae0adc8070fa0c4d338,tbl_e3fe136f1b5c,CONTAINS_TABLE
3a3800e3b3b40461e50faae0adc8070fa0c4d338,tbl_07de677d9e8b,CONTAINS_TABLE
3d0b972e80b1c1c7e2958d3022a3eb75cd33cfdd,tbl_3440093ecfb3,CONTAINS_TABLE
3d0b972e80b1c1c7e2958d3022a3eb75cd33cfdd,tbl_8b830c26929e,CONTAINS_TABLE
3d0b972e80b1c1c7e2958d3022a3eb75cd33cfdd,tbl_c1a74fa1a5e9,CONTAINS_TABLE
3d0b972e80b1c1c7e2958d3022a3eb75cd33cfdd,tbl_bdd1626282dd,CONTAINS_TABLE
569f63cc22755d0a650cb10d7eaa2bfee389ca4a,tbl_f2b3d4bc8d89,CONTAINS_TABLE
6a1003d70460df6225d413d79fccde30a0a1bcd0,tbl_76e2487fa18c,CONTAINS_TABLE
6a1003d70460df6225d413d79fccde30a0a1bcd0,tbl_07b421ab09e0,CONTAINS_TABLE
6a1003d70460df6225d413d79fccde30a0a1bcd0,tbl_7ec051170d57,CONTAINS_TABLE
6a1003d70460df6225d413d79fccde30a0a1bcd0,tbl_ae378036ae0d,CONTAINS_TABLE
6a1003d70460df6225d413d79fccde30a0a1bcd0,tbl_75bf5aba1dd2,CONTAINS_TABLE
6a1003d70460df6225d413d79fccde30a0a1bcd0,tbl_9fca1c69e50c,CONTAINS_TABLE
d4865caa5dcc767af1b796c32ac00dc4077186a6,tbl_9ff5b50c39ee,CONTAINS_TABLE
d4865caa5dcc767af1b796c32ac00dc4077186a6,tbl_7e9412bc55c4,CONTAINS_TABLE
d4865caa5dcc767af1b796c32ac00dc4077186a6,tbl_188ea6ba760b,CONTAINS_TABLE
d4865caa5dcc767af1b796c32ac00dc4077186a6,tbl_3f8d9362f698,CONTAINS_TABLE
4a1f7f0f8e749dd1bfbe283e8efb3dadd2822d99,tbl_34dd561b28f8,CONTAINS_TABLE
ann_4101534d529e,tbl_c1ff0132ea72,CONTAINS_TABLE
ann_4101534d529e,tbl_e94c77065a33,CONTAINS_TABLE
ann_4101534d529e,tbl_31c756567a8a,CONTAINS_TABLE
ann_4101534d529e,tbl_8eba401cd748,CONTAINS_TABLE
ann_e6827e02ddf0,tbl_fa51fe565b10,CONTAINS_TABLE
64dad0663f94d8388fbbcd733f802e583592be1b,tbl_267aef89cf35,CONTAINS_TABLE
64dad0663f94d8388fbbcd733f802e583592be1b,tbl_5489d85088da,CONTAINS_TABLE
64dad0663f94d8388fbbcd733f802e583592be1b,tbl_3d912720f044,CONTAINS_TABLE
64dad0663f94d8388fbbcd733f802e583592be1b,tbl_30c3be060e08,CONTAINS_TABLE
64dad0663f94d8388fbbcd733f802e583592be1b,tbl_0c37ae5048cc,CONTAINS_TABLE
64dad0663f94d8388fbbcd733f802e583592be1b,tbl_9080725145fc,CONTAINS_TABLE
712aaf75468949a8a0d749f58f68608a8bfaad88,tbl_350f810ca232,CONTAINS_TABLE
34d5dd51043d769b2f476f2e459c2c7e20ad9b8f,tbl_d9adaf862d9e,CONTAINS_TABLE
34d5dd51043d769b2f476f2e459c2c7e20ad9b8f,tbl_b80a382105b6,CONTAINS_TABLE
34d5dd51043d769b2f476f2e459c2c7e20ad9b8f,tbl_cfa5add36352,CONTAINS_TABLE
34d5dd51043d769b2f476f2e459c2c7e20ad9b8f,tbl_9c71d59a204e,CONTAINS_TABLE
624f006363a2f236c0d3def5d32555e40de327a7,tbl_ba389c70e672,CONTAINS_TABLE
624f006363a2f236c0d3def5d32555e40de327a7,tbl_5afff257efe1,CONTAINS_TABLE
624f006363a2f236c0d3def5d32555e40de327a7,tbl_70fd5701dd2e,CONTAINS_TABLE
624f006363a2f236c0d3def5d32555e40de327a7,tbl_5cf6b16abcf3,CONTAINS_TABLE
624f006363a2f236c0d3def5d32555e40de327a7,tbl_ad715f4b0ee3,CONTAINS_TABLE
624f006363a2f236c0d3def5d32555e40de327a7,tbl_258d24916870,CONTAINS_TABLE
624f006363a2f236c0d3def5d32555e40de327a7,tbl_d753c947f8b7,CONTAINS_TABLE
624f006363a2f236c0d3def5d32555e40de327a7,tbl_4ade2aeed079,CONTAINS_TABLE
c5ea841500123189fc05e465e4427797f8abf0ac,tbl_27b26bc4b8c2,CONTAINS_TABLE
5216146fbd88938d1bd4a5de12a55e1f07511691,tbl_88dd5902f034,CONTAINS_TABLE
5216146fbd88938d1bd4a5de12a55e1f07511691,tbl_0900bc05438f,CONTAINS_TABLE
5216146fbd88938d1bd4a5de12a55e1f07511691,tbl_14f663ba5ef5,CONTAINS_TABLE
5216146fbd88938d1bd4a5de12a55e1f07511691,tbl_4c322b4e82c7,CONTAINS_TABLE
11d965bd21a06cff89bf6c3350b25d2c541e184c,tbl_55de5161f67f,CONTAINS_TABLE
11d965bd21a06cff89bf6c3350b25d2c541e184c,tbl_11894b3bdba5,CONTAINS_TABLE
11d965bd21a06cff89bf6c3350b25d2c541e184c,tbl_3b99287d5df6,CONTAINS_TABLE
11d965bd21a06cff89bf6c3350b25d2c541e184c,tbl_66e230de65f8,CONTAINS_TABLE
11d965bd21a06cff89bf6c3350b25d2c541e184c,tbl_9d79572b1e72,CONTAINS_TABLE
11d965bd21a06cff89bf6c3350b25d2c541e184c,tbl_4c185c5a1922,CONTAINS_TABLE
bdef22a0e821ebb64c940aaef175382302ff6e80,tbl_f1b475868fae,CONTAINS_TABLE
bdef22a0e821ebb64c940aaef175382302ff6e80,tbl_9d7fe7c9ac60,CONTAINS_TABLE
bdef22a0e821ebb64c940aaef175382302ff6e80,tbl_07c6ce186679,CONTAINS_TABLE
bdef22a0e821ebb64c940aaef175382302ff6e80,tbl_644408bbcd92,CONTAINS_TABLE
eee4c57f2b1ac66116302bdf323b311a1fb379a2,tbl_dada4af5e36f,CONTAINS_TABLE
eee4c57f2b1ac66116302bdf323b311a1fb379a2,tbl_f612b302735a,CONTAINS_TABLE
eee4c57f2b1ac66116302bdf323b311a1fb379a2,tbl_3afa49147334,CONTAINS_TABLE
eee4c57f2b1ac66116302bdf323b311a1fb379a2,tbl_0f85425cd043,CONTAINS_TABLE
eee4c57f2b1ac66116302bdf323b311a1fb379a2,tbl_f690ac7554ef,CONTAINS_TABLE
12b3294f0e2a709500ed63dbcec79e93f5fa0204,tbl_cea04bc9189c,CONTAINS_TABLE
12b3294f0e2a709500ed63dbcec79e93f5fa0204,tbl_bba7ad790682,CONTAINS_TABLE
12b3294f0e2a709500ed63dbcec79e93f5fa0204,tbl_ba80330f12ce,CONTAINS_TABLE
12b3294f0e2a709500ed63dbcec79e93f5fa0204,tbl_db47926d8071,CONTAINS_TABLE
c47ea0c35e1742987cd833491b6fc7647aa3ec46,tbl_1e1eccae875f,CONTAINS_TABLE
c47ea0c35e1742987cd833491b6fc7647aa3ec46,tbl_4f2392e40b74,CONTAINS_TABLE
c47ea0c35e1742987cd833491b6fc7647aa3ec46,tbl_910eb65b7b5d,CONTAINS_TABLE
010c1b8ba63db22c7bfd3075c5177b637462da3e,tbl_d8ad5c0676b6,CONTAINS_TABLE
010c1b8ba63db22c7bfd3075c5177b637462da3e,tbl_6088e9728c8a,CONTAINS_TABLE
010c1b8ba63db22c7bfd3075c5177b637462da3e,tbl_e062ff7a305d,CONTAINS_TABLE
f9dac8b0b08f6b4ce2254eb924f5b7a15843ba45,tbl_613a972160e8,CONTAINS_TABLE
f9dac8b0b08f6b4ce2254eb924f5b7a15843ba45,tbl_fe241cbdea07,CONTAINS_TABLE
f9dac8b0b08f6b4ce2254eb924f5b7a15843ba45,tbl_0a5ef5d2eaed,CONTAINS_TABLE
f9dac8b0b08f6b4ce2254eb924f5b7a15843ba45,tbl_a55d985a21e5,CONTAINS_TABLE
d32ecf2e31b3360ef907be3426b87c4621fc1f97,tbl_3e0d000cd665,CONTAINS_TABLE
d32ecf2e31b3360ef907be3426b87c4621fc1f97,tbl_603041fac78f,CONTAINS_TABLE
d32ecf2e31b3360ef907be3426b87c4621fc1f97,tbl_6abbf436a70c,CONTAINS_TABLE
d32ecf2e31b3360ef907be3426b87c4621fc1f97,tbl_5c4541e74aef,CONTAINS_TABLE
59f543c8d4f73e1311a7e2b3a236f6d8cc4f1c22,tbl_6e52e6114148,CONTAINS_TABLE
30eba947359b6b029cd6fc34ebd5bb0d9f208e30,tbl_39563cba95c1,CONTAINS_TABLE
c48d12e8b232d4fcff04c929f14fef54aecf2ac0,tbl_3b12cafe874f,CONTAINS_TABLE
d4c4017a30c74e41cd9c0cd0d061f14e8485dd0f,tbl_a437b2349eb3,CONTAINS_TABLE
4c86496e964522fe12b3b11450fc7a8313f469c4,tbl_ff8fa5affcc1,CONTAINS_TABLE
4c86496e964522fe12b3b11450fc7a8313f469c4,tbl_b73644d95597,CONTAINS_TABLE
c2db3d9db14f27661ab1e3a7c61af971d4f75d23,tbl_34c0e46f3018,CONTAINS_TABLE
38f2ae75e4074b293a5f9eee51a27b1d7e255d58,tbl_9493fff5949a,CONTAINS_TABLE
2485b62415077f3e17811cb5d1c05707d10b72dc,tbl_55d9b56abc7f,CONTAINS_TABLE
2485b62415077f3e17811cb5d1c05707d10b72dc,tbl_efa69f00ee30,CONTAINS_TABLE
2485b62415077f3e17811cb5d1c05707d10b72dc,tbl_51a3367367c0,CONTAINS_TABLE
2485b62415077f3e17811cb5d1c05707d10b72dc,tbl_07de653981e9,CONTAINS_TABLE
2485b62415077f3e17811cb5d1c05707d10b72dc,tbl_3f0c2ba2c7e5,CONTAINS_TABLE
2485b62415077f3e17811cb5d1c05707d10b72dc,tbl_b114ea8ee263,CONTAINS_TABLE
2485b62415077f3e17811cb5d1c05707d10b72dc,tbl_ddf73e26aa23,CONTAINS_TABLE
5969cbb8d3c095e941a9de5d327617f5832b3208,tbl_92008279d354,CONTAINS_TABLE
5031ece2b15949d54a676bdb0a23817e8ff0201f,tbl_1f0412a42eb9,CONTAINS_TABLE
0ffc1948d298ed371a416012018aeffed3a64054,tbl_e9469667c4f7,CONTAINS_TABLE
2e64a6bdf6f35c74d07a4c9dbaf7ec601c6456b6,tbl_e52cda39aeb5,CONTAINS_TABLE
298cbb4960bc08a0f6eb0ae1109cda30e7527a86,tbl_a17712a66c6d,CONTAINS_TABLE
7c0b2c756dfd9e9330703c3f6eed10f3402c8658,tbl_43c9655852ed,CONTAINS_TABLE
7c0b2c756dfd9e9330703c3f6eed10f3402c8658,tbl_773668d32c8a,CONTAINS_TABLE
8e0f0cb611c414bff6b0e473a8c46e47379ef3bf,tbl_9673a6187c2d,CONTAINS_TABLE
8e0f0cb611c414bff6b0e473a8c46e47379ef3bf,tbl_01fecb25555c,CONTAINS_TABLE
0f3d9b4b59a611f8b38d90876c988f39375c60a3,tbl_f12cb68598db,CONTAINS_TABLE
0f3d9b4b59a611f8b38d90876c988f39375c60a3,tbl_3a43a6d74419,CONTAINS_TABLE
6aff8df2cd15966d83002849f32280bacb3db97b,tbl_970ed4b39514,CONTAINS_TABLE
c8b1e2fc18d4dd52668d08c802a8816125a4bdeb,tbl_b80a126d8aca,CONTAINS_TABLE
c8b1e2fc18d4dd52668d08c802a8816125a4bdeb,tbl_ca26c87d2dd4,CONTAINS_TABLE
d00e6dd049b6453035b675203143e93c0bae62a8,tbl_0913441dfed2,CONTAINS_TABLE
e849c404ca9ff3e228281adfc1fdf4191324bb11,tbl_8576ab0043a3,CONTAINS_TABLE
e849c404ca9ff3e228281adfc1fdf4191324bb11,tbl_5964b23f3a69,CONTAINS_TABLE
e849c404ca9ff3e228281adfc1fdf4191324bb11,tbl_f495d2e9c3b1,CONTAINS_TABLE
e849c404ca9ff3e228281adfc1fdf4191324bb11,tbl_c339adc4e9f0,CONTAINS_TABLE
e8445b182b60ae5dbbbbc68b55bd8553768c1cf3,tbl_6f8fec4b73b6,CONTAINS_TABLE
05f7a8f3ad0907f7fd1b548b1d01647f12128bc6,tbl_bc1fa0212900,CONTAINS_TABLE
6d352921200a6cc305e6251f6f9d6ca8ea8905ca,tbl_538bb1a9ab7b,CONTAINS_TABLE
d8e7c21a20201b5b566f3b6ea95ac5e5d9ffbc9c,tbl_c44e32068e30,CONTAINS_TABLE
0edc63703f65cbff4f0f7313d9475481be5613ac,tbl_5e9b21575af2,CONTAINS_TABLE
cfb7ca6f55c8521ba452883adde7d7f615275b78,tbl_0f66713e5ef6,CONTAINS_TABLE
b56a9d9d616f02b406be24bbfee8c18bd9757a8e,tbl_103664c64bb1,CONTAINS_TABLE
f25516bc4e2ccbf709e046ef12d0335a2f367e35,tbl_cd27c36ed7a8,CONTAINS_TABLE
53c73fc6ea1f08daf9ea6c6a49375e66ab430539,tbl_1cc19b3e3bde,CONTAINS_TABLE
425e99f8489bcc7cc048fe7378d2628026bd134a,tbl_00383e4227ac,CONTAINS_TABLE
5c544badb86d561d498dc3534ac9697687457254,tbl_e9d1068aaee0,CONTAINS_TABLE
1f1cd560020ed540c6933adb79a08b9baf9ee3dc,tbl_fe06fe6f64f1,CONTAINS_TABLE
1f1cd560020ed540c6933adb79a08b9baf9ee3dc,tbl_4169cb89f36e,CONTAINS_TABLE
d977ca01411d148b4cdd09b5e97c9fc7f88cc9b5,tbl_7dffe82918dd,CONTAINS_TABLE
25aa2afd5ace372d415b860fd30704fe3fe94777,tbl_9abf79c41e72,CONTAINS_TABLE
25aa2afd5ace372d415b860fd30704fe3fe94777,tbl_d4b1fa5f91b0,CONTAINS_TABLE
