from,to,edge_type,article_no,article_hang,resolved
7c83e2726fc9dc5c389de181e312a7dfe5b44cb4,be7579a9e1bd6b4ce9cf84c4d215129b930eb0d7,REFERS_ARTICLE,4,,True
c3fd87057fe55b63cb9cf7213370650abf0e63ee,5ed8ed3d0ded3a4c05057875fd27ec41b360f941,REFERS_ARTICLE,25,1,True
2882895ecf2cce09e35e4b027da81c8c647e4400,5ed8ed3d0ded3a4c05057875fd27ec41b360f941,REFERS_ARTICLE,25,2,True
c85a0d5518f55dd216f73174191369de6d1b47de,1911c8e5de17c506d90a34b569c0543feaa899dd,REFERS_ARTICLE,26,1,True
5f199362d71a4d999a3dcc83de7bb220bd6d1d13,1911c8e5de17c506d90a34b569c0543feaa899dd,REFERS_ARTICLE,26,1,True
741b4ba93ac2ab9149cbb7308da3b2b9a20d700b,b0fab54d8829f7b9e2189711907910d1a5598c49,REFERS_ARTICLE,38,1,True
c4e61dfbf07affeeb73bb49bd38ac328f48c277c,b0fab54d8829f7b9e2189711907910d1a5598c49,REFERS_ARTICLE,38,1,True
c4e61dfbf07affeeb73bb49bd38ac328f48c277c,230dd83ce3adb21fcc8a9117555cc655a52382be,REFERS_ARTICLE,39,1,True
c4e61dfbf07affeeb73bb49bd38ac328f48c277c,654f7659850485a21b6f728c70fa04509d29713c,REFERS_ARTICLE,40,1,True
0c5db9444758e7e8b30c914db8a0243eea12c09e,b0fab54d8829f7b9e2189711907910d1a5598c49,REFERS_ARTICLE,38,3,True
7be5f319d0c0fb906eaf6704f34a176c253df8ae,654f7659850485a21b6f728c70fa04509d29713c,REFERS_ARTICLE,40,1,True
a88e352b9611c01b84ee67d43698eb257dcafc98,5df5622d321b967da50a30f17d17d32c5dda5437,REFERS_ARTICLE,42,3,True
268c19bc8b438add351a6e86f5dea2fb1ee6967a,5df5622d321b967da50a30f17d17d32c5dda5437,REFERS_ARTICLE,42,5,True
268c19bc8b438add351a6e86f5dea2fb1ee6967a,348e7a6153a43ded45ad86e7cfd831496b96541c,REFERS_ARTICLE,47,1,True
0e48b19641001a288db5493bb511af2ba4dee5e2,c16f78ece7f86026e53da85a741d6b7b06cbadda,REFERS_ARTICLE,74,2,True
0e48b19641001a288db5493bb511af2ba4dee5e2,82007024ebe0cc3f6ac97d7551fee306d7b02593,REFERS_ARTICLE,78,4,True
607a1e3cc31842cdf84bca51a66487d30b7dab77,e10de61357f30d80f6e32f4a5a682b972ed11086,REFERS_ARTICLE,108,1,True
86eb1b59da77353db099c26feb7b9bd353edbec9,5623fb83e3b4f8e159b5f53f920384e46eefe943,REFERS_ARTICLE,114,1,True
86eb1b59da77353db099c26feb7b9bd353edbec9,90216506b38b4eb64e68c0dcc1a165ec54a05fe0,REFERS_ARTICLE,121,,True
11c3a56c8d534ee8f2f0d0cd50cbf8df8c37ed81,5623fb83e3b4f8e159b5f53f920384e46eefe943,REFERS_ARTICLE,114,2,True
e75686d3ca9cea7362c3d667d01d37c92dcd749b,00c1943f6248e066ff18ec14a8165835694b3d91,REFERS_ARTICLE,126,2,True
e75686d3ca9cea7362c3d667d01d37c92dcd749b,744d9f0469e60a44ad61de35025eec20adfcf166,REFERS_ARTICLE,127,,True
ed9179023c722a9199a3e44f8958eac311ac13a8,fe486a5d7ca450776ff4a1009481213d78f8d16a,REFERS_ARTICLE,137,,True
de06aaf81906329bc56c6e0a21aa88dff921e603,d252c8f9b2921039eb602bc8e04877f990467e0a,REFERS_ARTICLE,141,,True
684559ad16d657805b381d18b1131f3ab86ba1d6,26eef9d26ee99fb6745facdd9b0c5186752d2b6b,REFERS_ARTICLE,145,1,True
6d088963dcf436633e5011a813d387de565951f8,a9ddb86eacd8ea7490864b300725604e662598d4,REFERS_ARTICLE,147,1,True
78297686456622ab814deeddf79b177e93ae72a4,42fc53a32dad3ffd325c7e9bfc2fdd71b13beb50,REFERS_ARTICLE,186,1,True
ann_79bb28bb288b,08dc39dcbdc26796567b71d3964e54a769089f30,REFERS_ARTICLE,194,,True
cb995cdb497c0a5f83eaaa935a0eecab7acf2382,6002280c0a78fb979ad64546d03a8927ef6b0e85,REFERS_ARTICLE,201,,True
ad5bce4981af3c50a62a9d84963f472a97a3a02b,1be0e274daea301a3578d3dc790b61b7d8ff4ccd,REFERS_ARTICLE,202,1,True
aa4045f94745828fcf1ed26bb91779e9e00e7439,e3bd386e1e564f842b206078dddbf85d64a3f220,REFERS_ARTICLE,206,,True
2370e87a4f0311f49e09bf2c5eff765fe42ba3b2,438d26dd95f41e833095c0546c9bea825f5d714e,REFERS_ARTICLE,214,,True
f348725beaeee025a67cca8a0c67c934a48e914b,8d36e2b3acc088314ee4c941f2185cee03e033ac,REFERS_ARTICLE,240,,True
59f543c8d4f73e1311a7e2b3a236f6d8cc4f1c22,94d2197b8888f14e5d7a38b9aee0a005aeb5486e,REFERS_ARTICLE,2,1,True
30eba947359b6b029cd6fc34ebd5bb0d9f208e30,0e034fd2819df4fa05402a484d3fea7c3561b464,REFERS_ARTICLE,14,1,True
c48d12e8b232d4fcff04c929f14fef54aecf2ac0,48454e4ef5f8303f5878642508ecc52de7e9b226,REFERS_ARTICLE,16,1,True
3e51c2f95158f36a47194a0284858743a0e6fc88,b5b096fa6cea213fba9b9ddbd099ca84463ccb65,REFERS_ARTICLE,17,,True
d4c4017a30c74e41cd9c0cd0d061f14e8485dd0f,f27f08ee550a0ca7fd645544ab580d78f5f26a10,REFERS_ARTICLE,20,1,True
fd969d92c7b171d9c28ba2eda6e1e5d271427d77,54bfa46029b5a2feb10896e01ad306ec9fd4abbd,REFERS_ARTICLE,21,,True
4c86496e964522fe12b3b11450fc7a8313f469c4,596e779f89ad46df4cf416057fc5a518790a94e0,REFERS_ARTICLE,27,1,True
c2db3d9db14f27661ab1e3a7c61af971d4f75d23,596e779f89ad46df4cf416057fc5a518790a94e0,REFERS_ARTICLE,27,2,True
38f2ae75e4074b293a5f9eee51a27b1d7e255d58,7c5d32204cb9467545e893fb25bb56e0b3a38f8f,REFERS_ARTICLE,34,,True
cf84695fd3cab34e5bfe3b520c6d70bf68a71889,63bf555344ff4119ed3ae63bf3381f74072fef7b,REFERS_ARTICLE,40,1,True
cb577d44ddc89b973473a07e72e7f5eeb75a0e8f,63bf555344ff4119ed3ae63bf3381f74072fef7b,REFERS_ARTICLE,40,2,True
2485b62415077f3e17811cb5d1c05707d10b72dc,63bf555344ff4119ed3ae63bf3381f74072fef7b,REFERS_ARTICLE,40,3,True
5969cbb8d3c095e941a9de5d327617f5832b3208,c65a2467f322e81e38796b8dd6086fc139d38c41,REFERS_ARTICLE,43,1,True
5031ece2b15949d54a676bdb0a23817e8ff0201f,e413d2dbf34fa15378f70665ca521023290ff405,REFERS_ARTICLE,46,1,True
0ffc1948d298ed371a416012018aeffed3a64054,fc165640a874b46b49b6f603e6be8a13e24522c7,REFERS_ARTICLE,47,,True
2e64a6bdf6f35c74d07a4c9dbaf7ec601c6456b6,fc165640a874b46b49b6f603e6be8a13e24522c7,REFERS_ARTICLE,47,,True
298cbb4960bc08a0f6eb0ae1109cda30e7527a86,fc165640a874b46b49b6f603e6be8a13e24522c7,REFERS_ARTICLE,47,,True
1f77fcb4a8fefeadca049599bbfd658dc9db8c5a,47f070c58922795d2b453cecef6f31543107c65e,REFERS_ARTICLE,60,,True
7c0b2c756dfd9e9330703c3f6eed10f3402c8658,8c600673846a2f26adc32911dd6f97246353bef5,REFERS_ARTICLE,61,,True
77fe4781de605eb85ef87a89304a067ae8f2e442,ea99981b81ceaa70059edd1247edd553f5a4f9b3,REFERS_ARTICLE,70,,True
07327851dc814dfdaaf74f4addac050d3b179689,ff4cac86992fed7c1af8cde713a98970b5541e24,REFERS_ARTICLE,71,,True
068101a56547580eb408a8947985475d47e0ee2f,6c4eaaf20998ea04df01f29b76fbc55e2fe4e15a,REFERS_ARTICLE,72,1,True
8e0f0cb611c414bff6b0e473a8c46e47379ef3bf,44febbb24aabb6ffa683a5289cc3c5514b6bd66a,REFERS_ARTICLE,75,,True
0f3d9b4b59a611f8b38d90876c988f39375c60a3,195db4b9a5810684bf4c055b73f5e65aa27ba48f,REFERS_ARTICLE,79,,True
6aff8df2cd15966d83002849f32280bacb3db97b,a164da80a9b0d3bb26964a996b166183b15f136a,REFERS_ARTICLE,81,,True
0b3251988d9fbe7bc1740a0ce4213f97d7135331,56ba8f15a3381ea72960936c99861a6bdbcec9b5,REFERS_ARTICLE,84,,True
2f6bd5f11b6e9176e3f3fd6402ec4e807c2f054e,809a6c2dc3d535e6face9509d0a84032eccc2ce8,REFERS_ARTICLE,90,,True
57c732b8048414d4ce2f6516977c3b9297c312cc,ddddc5cbfd7e2c837095f0986e50585d6c4f3648,REFERS_ARTICLE,92,,True
d5a54ed4fa757d565bbc1445ea18f84009c27b36,d6a71feac111f1bd5c98ee5d42271e593a4ef38c,REFERS_ARTICLE,95,,True
297f708588502d6a49431405c5b5ec8ec7152d33,ec4864c8e8ac7164b71fb87aea7047c0fc3efa79,REFERS_ARTICLE,97,1,True
7a1d27984e665471e67ec494ce179cdd03c428cc,dbb96d44299b23cfa30418a886089cfbfda8e5e3,REFERS_ARTICLE,102,2,True
c8b1e2fc18d4dd52668d08c802a8816125a4bdeb,9da92bd53742210e93cb7b9fb8aaeab0c8a8f6a4,REFERS_ARTICLE,103,2,True
d00e6dd049b6453035b675203143e93c0bae62a8,489abf2ff01ca5f70e64e827372ca42d381c5053,REFERS_ARTICLE,111,,True
e849c404ca9ff3e228281adfc1fdf4191324bb11,1021cfa370a1f3c283804ad1dc4c126a8209b55a,REFERS_ARTICLE,113,1,True
e8445b182b60ae5dbbbbc68b55bd8553768c1cf3,7ec4893dad29d13e889f9b4333eebb4219927b2f,REFERS_ARTICLE,119,,True
78cb52b0e1f2c9565f59d02f8dcfa0af34858796,690a0f5742a16e70db95006133ac2f1b7d1d1536,REFERS_ARTICLE,2,,True
8f40deda7db47e309da1353d66e76bd9cc51fdd6,690a0f5742a16e70db95006133ac2f1b7d1d1536,REFERS_ARTICLE,2,,True
8f40deda7db47e309da1353d66e76bd9cc51fdd6,9cb4b3d58374911f896c6140bf3625595caf845e,REFERS_ARTICLE,3,,True
05f7a8f3ad0907f7fd1b548b1d01647f12128bc6,690a0f5742a16e70db95006133ac2f1b7d1d1536,REFERS_ARTICLE,2,,True
05f7a8f3ad0907f7fd1b548b1d01647f12128bc6,9cb4b3d58374911f896c6140bf3625595caf845e,REFERS_ARTICLE,3,,True
6d352921200a6cc305e6251f6f9d6ca8ea8905ca,6bbaee5ac7c5349496ad23d89f347951862b749f,REFERS_ARTICLE,7,,True
165f49ab046bfec7c699f4b97e9cc624a345f68d,c8b52e0711b525c1a64698c074a5276f8b22aa24,REFERS_ARTICLE,8,,True
165f49ab046bfec7c699f4b97e9cc624a345f68d,c8b52e0711b525c1a64698c074a5276f8b22aa24,REFERS_ARTICLE,8,,True
9285bb357b94696834aef6dc7e2eec3e3168f805,e077bf05b2461b0ce803a71c4517604ef7c21d9e,REFERS_ARTICLE,16,,True
9285bb357b94696834aef6dc7e2eec3e3168f805,ff6180c6e47c7f4874ba21b083f79862805ea0d6,REFERS_ARTICLE,17,,True
9285bb357b94696834aef6dc7e2eec3e3168f805,ebceba5e3d55e464efc73683550c93001966354d,REFERS_ARTICLE,225,,True
d8e7c21a20201b5b566f3b6ea95ac5e5d9ffbc9c,aa9cbcd643910e1c3519bf443764dfe510b7de88,REFERS_ARTICLE,35,1,True
0edc63703f65cbff4f0f7313d9475481be5613ac,aa9cbcd643910e1c3519bf443764dfe510b7de88,REFERS_ARTICLE,35,2,True
cfb7ca6f55c8521ba452883adde7d7f615275b78,075dd21be6067b32a1ada58da9c95d56013ade2c,REFERS_ARTICLE,38,1,True
b56a9d9d616f02b406be24bbfee8c18bd9757a8e,d35e098a063103f6bc93b73c9efed30a6cf45cf3,REFERS_ARTICLE,59,,True
9bd90dac9ab5a40bd6b458c5b4c590379e9c6591,6d9c490d011df6e0ce9a76f9deead2859286813b,REFERS_ARTICLE,196,,True
7eeebe33b001eea55e2efadcd09c1480212237e4,5aa72ec7ffa71fc4d2b809a232383dc7200f0168,REFERS_ARTICLE,227,,True
7eeebe33b001eea55e2efadcd09c1480212237e4,d68faad725eae0fa99802845825a6c1762fed458,REFERS_ARTICLE,229,,True
7eeebe33b001eea55e2efadcd09c1480212237e4,2edeadce0fd8411bda71182ce7f751daf676ae80,REFERS_ARTICLE,243,,True
f25516bc4e2ccbf709e046ef12d0335a2f367e35,7c17ea68f1dd3a9a6ec3a6aa131b97f18e8e30bf,REFERS_ARTICLE,271,,True
53c73fc6ea1f08daf9ea6c6a49375e66ab430539,ff5659c962c43b6c879769d9bd2b08f165bb7424,REFERS_ARTICLE,273,,True
425e99f8489bcc7cc048fe7378d2628026bd134a,22836eb98baac690e1d86380b20c0fb325f53ff2,REFERS_ARTICLE,339,1,True
089593aacef57dee7a8e87d76cbefa85baee74d1,3e3edaf0a8a15b8c7fbf6fbedea70b2cc02b6597,REFERS_ARTICLE,420,,True
089593aacef57dee7a8e87d76cbefa85baee74d1,881072209c5c56540c39e5762ad36f9302f42ec3,REFERS_ARTICLE,439,,True
089593aacef57dee7a8e87d76cbefa85baee74d1,fdfe8de37dbd5d3f9cd2206e01ba4a93124cc370,REFERS_ARTICLE,440,,True
5c544badb86d561d498dc3534ac9697687457254,1100471f239f69eb136adf2e9cd05b8b6b077b7b,REFERS_ARTICLE,429,,True
ann_43861f145ecc,97ada9f378d677eff7f0feca869021365270cc58,REFERS_ARTICLE,559,4,True
1f1cd560020ed540c6933adb79a08b9baf9ee3dc,97c95b7d82be3de53951e06d09b1869d64fb81a7,REFERS_ARTICLE,598,2,True
d977ca01411d148b4cdd09b5e97c9fc7f88cc9b5,97c95b7d82be3de53951e06d09b1869d64fb81a7,REFERS_ARTICLE,598,2,True
61537c7497e98e3da59accfb338b28205c039582,e842efdc948bb70daf7136dbbbc7224dff13e4da,REFERS_ARTICLE,605,,True
25aa2afd5ace372d415b860fd30704fe3fe94777,656936c71619c3eccba5765525fca49703fc92db,REFERS_ARTICLE,609,,True
387c27bb507eff229c99102eaf00647dec48d42d,61180b44c7a5b53b737a0f8c83ddf9c229f4da33,REFERS_ARTICLE,618,,True
ann_f2d4f2e88ced,64993fcfb937ef03effabb1acfdb5aa2b14dcb54,REFERS_ARTICLE,496,,True
ann_d81bcb93d76c,d741efb35e81f8ee16dd292af390012983247cca,REFERS_ARTICLE,622,,True
