law_key,law_name,law_version_id,별표구분,별표번호,별표가지번호,별표제목,annex_id,id_source
0073642025053000443,산업안전보건법 시행규칙,b6fa09bb4f2e711645b25f12207959d1ec27622c,별표,0001,00,건설업체 산업재해발생률 및 산업재해 발생 보고의무 위반건수의 산정 기준과 방법(제4조 관련),7c83e2726fc9dc5c389de181e312a7dfe5b44cb4,reused:별표PDF
0073642025053000443,산업안전보건법 시행규칙,b6fa09bb4f2e711645b25f12207959d1ec27622c,별표,0002,00,안전보건관리규정을 작성해야 할 사업의 종류 및 상시근로자 수(제25조제1항 관련),c3fd87057fe55b63cb9cf7213370650abf0e63ee,reused:별표PDF
0073642025053000443,산업안전보건법 시행규칙,b6fa09bb4f2e711645b25f12207959d1ec27622c,별표,0003,00,안전보건관리규정의 세부 내용(제25조제2항 관련),2882895ecf2cce09e35e4b027da81c8c647e4400,reused:별표PDF
0073642025053000443,산업안전보건법 시행규칙,b6fa09bb4f2e711645b25f12207959d1ec27622c,별표,0004,00,안전보건교육 교육과정별 교육시간(제26조제1항 등 관련),c85a0d5518f55dd216f73174191369de6d1b47de,reused:별표PDF
0073642025053000443,산업안전보건법 시행규칙,b6fa09bb4f2e711645b25f12207959d1ec27622c,별표,0005,00,안전보건교육 교육대상별 교육내용(제26조제1항 등 관련),5f199362d71a4d999a3dcc83de7bb220bd6d1d13,reused:별표PDF
0073642025053000443,산업안전보건법 시행규칙,b6fa09bb4f2e711645b25f12207959d1ec27622c,별표,0006,00,안전보건표지의 종류와 형태(제38조제1항 관련),741b4ba93ac2ab9149cbb7308da3b2b9a20d700b,reused:별표PDF
0073642025053000443,산업안전보건법 시행규칙,b6fa09bb4f2e711645b25f12207959d1ec27622c,별표,0007,00,"안전보건표지의 종류별 용도, 설치ㆍ부착 장소, 형태 및 색채(제38조제1항, 제39조제1항 및 제40조제1항 관련)",c4e61dfbf07affeeb73bb49bd38ac328f48c277c,reused:별표PDF
0073642025053000443,산업안전보건법 시행규칙,b6fa09bb4f2e711645b25f12207959d1ec27622c,별표,0008,00,안전보건표지의 색도기준 및 용도(제38조제3항 관련),0c5db9444758e7e8b30c914db8a0243eea12c09e,reused:별표PDF
0073642025053000443,산업안전보건법 시행규칙,b6fa09bb4f2e711645b25f12207959d1ec27622c,별표,0009,00,안전보건표지의 기본모형(제40조제1항 관련),7be5f319d0c0fb906eaf6704f34a176c253df8ae,reused:별표PDF
0073642025053000443,산업안전보건법 시행규칙,b6fa09bb4f2e711645b25f12207959d1ec27622c,별표,0010,00,유해위험방지계획서 첨부서류(제42조제3항 관련),a88e352b9611c01b84ee67d43698eb257dcafc98,reused:별표PDF
0073642025053000443,산업안전보건법 시행규칙,b6fa09bb4f2e711645b25f12207959d1ec27622c,별표,0011,00,"자체심사 및 확인업체의 기준, 자체심사 및 확인방법(제42조제5항ㆍ제6항 및 제47조제1항 관련)",268c19bc8b438add351a6e86f5dea2fb1ee6967a,reused:별표PDF
0073642025053000443,산업안전보건법 시행규칙,b6fa09bb4f2e711645b25f12207959d1ec27622c,별표,0012,00,안전 및 보건에 관한 평가의 내용(제74조제2항 및 제78조제4항 관련),0e48b19641001a288db5493bb511af2ba4dee5e2,reused:별표PDF
0073642025053000443,산업안전보건법 시행규칙,b6fa09bb4f2e711645b25f12207959d1ec27622c,별표,0013,00,안전인증을 위한 심사종류별 제출서류(제108조제1항 관련),607a1e3cc31842cdf84bca51a66487d30b7dab77,reused:별표PDF
0073642025053000443,산업안전보건법 시행규칙,b6fa09bb4f2e711645b25f12207959d1ec27622c,별표,0014,00,안전인증 및 자율안전확인의 표시 및 표시방법(제114조제1항 및 제121조 관련),86eb1b59da77353db099c26feb7b9bd353edbec9,reused:별표PDF
0073642025053000443,산업안전보건법 시행규칙,b6fa09bb4f2e711645b25f12207959d1ec27622c,별표,0015,00,안전인증대상기계등이 아닌 유해ㆍ위험기계등의 안전인증의 표시 및 표시방법(제114조제2항 관련),11c3a56c8d534ee8f2f0d0cd50cbf8df8c37ed81,reused:별표PDF
0073642025053000443,산업안전보건법 시행규칙,b6fa09bb4f2e711645b25f12207959d1ec27622c,별표,0016,00,안전검사 합격표시 및 표시방법(제126조제2항 및 제127조 관련),e75686d3ca9cea7362c3d667d01d37c92dcd749b,reused:별표PDF
0073642025053000443,산업안전보건법 시행규칙,b6fa09bb4f2e711645b25f12207959d1ec27622c,별표,0017,00,유해ㆍ위험기계등 제조사업 등의 지원 및 등록 요건(제137조 관련),ed9179023c722a9199a3e44f8958eac311ac13a8,reused:별표PDF
0073642025053000443,산업안전보건법 시행규칙,b6fa09bb4f2e711645b25f12207959d1ec27622c,별표,0018,00,유해인자의 유해성ㆍ위험성 분류기준(제141조 관련),de06aaf81906329bc56c6e0a21aa88dff921e603,reused:별표PDF
0073642025053000443,산업안전보건법 시행규칙,b6fa09bb4f2e711645b25f12207959d1ec27622c,별표,0019,00,유해인자별 노출 농도의 허용기준(제145조제1항 관련),684559ad16d657805b381d18b1131f3ab86ba1d6,reused:별표PDF
0073642025053000443,산업안전보건법 시행규칙,b6fa09bb4f2e711645b25f12207959d1ec27622c,별표,0020,00,신규화학물질의 유해성ㆍ위험성 조사보고서 첨부서류(제147조제1항 관련),6d088963dcf436633e5011a813d387de565951f8,reused:별표PDF
0073642025053000443,산업안전보건법 시행규칙,b6fa09bb4f2e711645b25f12207959d1ec27622c,별표,0021,00,작업환경측정 대상 유해인자(제186조제1항 관련),78297686456622ab814deeddf79b177e93ae72a4,reused:별표PDF
0073642025053000443,산업안전보건법 시행규칙,b6fa09bb4f2e711645b25f12207959d1ec27622c,별표,0021,02,휴게시설 설치ㆍ관리기준(제194조의2 관련),ann_79bb28bb288b,new
0073642025053000443,산업안전보건법 시행규칙,b6fa09bb4f2e711645b25f12207959d1ec27622c,별표,0022,00,특수건강진단 대상 유해인자(제201조 관련),cb995cdb497c0a5f83eaaa935a0eecab7acf2382,reused:별표PDF
0073642025053000443,산업안전보건법 시행규칙,b6fa09bb4f2e711645b25f12207959d1ec27622c,별표,0023,00,특수건강진단의 시기 및 주기(제202조제1항 관련),ad5bce4981af3c50a62a9d84963f472a97a3a02b,reused:별표PDF
0073642025053000443,산업안전보건법 시행규칙,b6fa09bb4f2e711645b25f12207959d1ec27622c,별표,0024,00,특수건강진단ㆍ배치전건강진단ㆍ수시건강진단의 검사항목(제206조 관련),aa4045f94745828fcf1ed26bb91779e9e00e7439,reused:별표PDF
0073642025053000443,산업안전보건법 시행규칙,b6fa09bb4f2e711645b25f12207959d1ec27622c,별표,0025,00,건강관리카드의 발급 대상(제214조 관련),2370e87a4f0311f49e09bf2c5eff765fe42ba3b2,reused:별표PDF
0073642025053000443,산업안전보건법 시행규칙,b6fa09bb4f2e711645b25f12207959d1ec27622c,별표,0026,00,행정처분기준(제240조 관련),f348725beaeee025a67cca8a0c67c934a48e914b,reused:별표PDF
0073642025053000443,산업안전보건법 시행규칙,b6fa09bb4f2e711645b25f12207959d1ec27622c,서식,0001,00,통합 산업재해 현황 조사표,ann_1e244bb40df0,new
0073642025053000443,산업안전보건법 시행규칙,b6fa09bb4f2e711645b25f12207959d1ec27622c,서식,0002,00,안전관리자ㆍ보건관리자ㆍ산업보건의 선임 등 보고서,ann_1732d9fde3c0,new
0073642025053000443,산업안전보건법 시행규칙,b6fa09bb4f2e711645b25f12207959d1ec27622c,서식,0003,00,안전관리자ㆍ보건관리자ㆍ산업보건의 선임 등 보고서(건설업),ann_e9b8891196e3,new
0073642025053000443,산업안전보건법 시행규칙,b6fa09bb4f2e711645b25f12207959d1ec27622c,서식,0003,02,안전관리자ㆍ보건관리자ㆍ산업보건의 해임 등 보고서,ann_3bf56f69b00a,new
0073642025053000443,산업안전보건법 시행규칙,b6fa09bb4f2e711645b25f12207959d1ec27622c,서식,0004,00,"관리자(증원, 교체)명령서",ann_f342b2ffddda,new
0073642025053000443,산업안전보건법 시행규칙,b6fa09bb4f2e711645b25f12207959d1ec27622c,서식,0005,00,안전ㆍ보건관리 업무계약서,ann_807eecc1fb61,new
0073642025053000443,산업안전보건법 시행규칙,b6fa09bb4f2e711645b25f12207959d1ec27622c,서식,0006,00,"지정신청서(법인 등 신청용)(안전관리전문기관, 보건관리전문기관, 건설재해예방전문지도기관, 자율안전검사기관, 안전인증기관, 안전검사기관, 특수건강진단기관, 작업환경측정기관(위탁/자체), 종합진단기관, 안전진단기관, 안전보건진단기관, 석면조사기관)",ann_48ee72cbfa46,new
0073642025053000443,산업안전보건법 시행규칙,b6fa09bb4f2e711645b25f12207959d1ec27622c,서식,0006,02,"(안전관리전문기관, 보건관리전문기관, 건설재해예방전문지도기관)지정신청서(산업안전ㆍ보건지도사 신청용)",ann_1dc54346af41,new
0073642025053000443,산업안전보건법 시행규칙,b6fa09bb4f2e711645b25f12207959d1ec27622c,서식,0007,00,지정서(법인 등),ann_3ae0db471b0d,new
0073642025053000443,산업안전보건법 시행규칙,b6fa09bb4f2e711645b25f12207959d1ec27622c,서식,0007,02,지정서(산업안전ㆍ보건지도사),ann_4d4fca839194,new
0073642025053000443,산업안전보건법 시행규칙,b6fa09bb4f2e711645b25f12207959d1ec27622c,서식,0008,00,"변경신청서(법인 등 신청용)(안전관리전문기관, 보건관리전문기관, 건설재해예방전문지도기관, 자율안전검사기관, 안전인증기관, 안전검사기관, 특수건강진단기관, 작업환경측정기관(위탁/자체), 종합진단기관, 안전진단기관(일반안전ㆍ건설안전진단기관), 안전보건진단기관, 석면조사기관)",ann_728480c8c5dd,new
0073642025053000443,산업안전보건법 시행규칙,b6fa09bb4f2e711645b25f12207959d1ec27622c,서식,0008,02,"(안전관리전문기관, 보건관리전문기관, 건설재해예방전문지도기관)변경신청서(산업안전ㆍ보건지도사 신청용)",ann_a27e93d28b0e,new
0073642025053000443,산업안전보건법 시행규칙,b6fa09bb4f2e711645b25f12207959d1ec27622c,서식,0009,00,"근로자안전보건교육기관(등록, 변경등록)신청서",ann_49e352b9b6e3,new
0073642025053000443,산업안전보건법 시행규칙,b6fa09bb4f2e711645b25f12207959d1ec27622c,서식,0010,00,"직무교육기관(등록, 변경등록)신청서",ann_7008117ed090,new
0073642025053000443,산업안전보건법 시행규칙,b6fa09bb4f2e711645b25f12207959d1ec27622c,서식,0011,00,근로자안전보건교육기관 등록증,ann_3943eee61b70,new
0073642025053000443,산업안전보건법 시행규칙,b6fa09bb4f2e711645b25f12207959d1ec27622c,서식,0012,00,직무교육기관 등록증,ann_ea049e760286,new
0073642025053000443,산업안전보건법 시행규칙,b6fa09bb4f2e711645b25f12207959d1ec27622c,서식,0013,00,"건설업 기초안전ㆍ보건교육기관(등록, 변경)신청서",ann_47e7ef11ae71,new
0073642025053000443,산업안전보건법 시행규칙,b6fa09bb4f2e711645b25f12207959d1ec27622c,서식,0014,00,건설업 기초안전ㆍ보건교육기관 등록증,ann_f342b41055a5,new
0073642025053000443,산업안전보건법 시행규칙,b6fa09bb4f2e711645b25f12207959d1ec27622c,서식,0015,00,직무교육 수강신청서,ann_53deec4e7550,new
0073642025053000443,산업안전보건법 시행규칙,b6fa09bb4f2e711645b25f12207959d1ec27622c,서식,0016,00,제조업 등 유해위험방지계획서,ann_8f5b39944af4,new
0073642025053000443,산업안전보건법 시행규칙,b6fa09bb4f2e711645b25f12207959d1ec27622c,서식,0017,00,건설공사 유해위험방지계획서,ann_47e15f8fe3e1,new
0073642025053000443,산업안전보건법 시행규칙,b6fa09bb4f2e711645b25f12207959d1ec27622c,서식,0018,00,유해위험방지계획서 자체심사서,ann_bd91ba1e0c37,new
0073642025053000443,산업안전보건법 시행규칙,b6fa09bb4f2e711645b25f12207959d1ec27622c,서식,0019,00,유해위험방지계획서 산업안전지도사ㆍ산업보건지도사 평가결과서,ann_53c7baecdb80,new
0073642025053000443,산업안전보건법 시행규칙,b6fa09bb4f2e711645b25f12207959d1ec27622c,서식,0020,00,유해위험방지계획서 심사 결과 통지서,ann_cf74a9218997,new
0073642025053000443,산업안전보건법 시행규칙,b6fa09bb4f2e711645b25f12207959d1ec27622c,서식,0021,00,유해위험방지계획서 심사 결과(부적정) 통지서,ann_e547a1f144e4,new
0073642025053000443,산업안전보건법 시행규칙,b6fa09bb4f2e711645b25f12207959d1ec27622c,서식,0022,00,유해위험방지계획서 산업안전지도사ㆍ산업보건지도사 확인 결과서,ann_9db8e94de1e4,new
0073642025053000443,산업안전보건법 시행규칙,b6fa09bb4f2e711645b25f12207959d1ec27622c,서식,0023,00,확인 결과 통지서,ann_c677f74b2579,new
0073642025053000443,산업안전보건법 시행규칙,b6fa09bb4f2e711645b25f12207959d1ec27622c,서식,0024,00,확인결과 조치 요청서,ann_aa0c25ec609b,new
0073642025053000443,산업안전보건법 시행규칙,b6fa09bb4f2e711645b25f12207959d1ec27622c,서식,0025,00,"(종합, 안전, 보건)진단명령서",ann_59b274d6afdf,new
0073642025053000443,산업안전보건법 시행규칙,b6fa09bb4f2e711645b25f12207959d1ec27622c,서식,0026,00,안전보건개선계획 수립ㆍ시행명령서,ann_c763f1890804,new
0073642025053000443,산업안전보건법 시행규칙,b6fa09bb4f2e711645b25f12207959d1ec27622c,서식,0027,00,"(사용중지, 작업중지)명령서",b7aafcf03f84927c7ae234cb0b263ad58e2cf45c,reused:별표PDF
0073642025053000443,산업안전보건법 시행규칙,b6fa09bb4f2e711645b25f12207959d1ec27622c,서식,0028,00,중대재해 시 작업중지 명령서,750fbfa800ef61fd7da177a214b63e5b88e8e457,reused:별표PDF
0073642025053000443,산업안전보건법 시행규칙,b6fa09bb4f2e711645b25f12207959d1ec27622c,서식,0029,00,"작업중지명령(전부, 일부)해제신청서",12a056ca2a0dc04ddddae98872d76adf540bf3aa,reused:별표PDF
0073642025053000443,산업안전보건법 시행규칙,b6fa09bb4f2e711645b25f12207959d1ec27622c,서식,0030,00,산업재해조사표,ffd7977c5cf58fcf1113c942de3f15aecb43cf7d,reused:별표PDF
0073642025053000443,산업안전보건법 시행규칙,b6fa09bb4f2e711645b25f12207959d1ec27622c,서식,0031,00,유해ㆍ위험작업 도급승인 신청서,f2d641b31b237ef7bba75c4a9c55374d456e7d14,reused:별표PDF
0073642025053000443,산업안전보건법 시행규칙,b6fa09bb4f2e711645b25f12207959d1ec27622c,서식,0032,00,유해ㆍ위험작업 도급승인 연장신청서,46fe06e4c995a7c1228f188994da6f494d90f037,reused:별표PDF
0073642025053000443,산업안전보건법 시행규칙,b6fa09bb4f2e711645b25f12207959d1ec27622c,서식,0033,00,유해ㆍ위험작업 도급승인 변경신청서,73ec716aa92b5130582e6e3203d72b3112e2c4b9,reused:별표PDF
0073642025053000443,산업안전보건법 시행규칙,b6fa09bb4f2e711645b25f12207959d1ec27622c,서식,0034,00,유해ㆍ위험작업 도급승인서,6450bd88739b8aefd71864b3854838ad95bf8bbb,reused:별표PDF
0073642025053000443,산업안전보건법 시행규칙,b6fa09bb4f2e711645b25f12207959d1ec27622c,서식,0035,00,공사기간 연장 요청서,699749d2f8c28190e8c6aaefb505462ef5cdd9a1,reused:별표PDF
0073642025053000443,산업안전보건법 시행규칙,b6fa09bb4f2e711645b25f12207959d1ec27622c,서식,0036,00,건설공사 설계변경 요청서,6b63384d93e908102ccaa81bfe11e88aeffb9f53,reused:별표PDF
0073642025053000443,산업안전보건법 시행규칙,b6fa09bb4f2e711645b25f12207959d1ec27622c,서식,0037,00,건설공사 설계변경 승인 통지서,29536b800abec479c0f744a81e0ca0fe002a4718,reused:별표PDF
0073642025053000443,산업안전보건법 시행규칙,b6fa09bb4f2e711645b25f12207959d1ec27622c,서식,0038,00,건설공사 설계변경 불승인 통지서,f65ce9c46a1c82b1ae140c9ec47270fb8832c75e,reused:별표PDF
0073642025053000443,산업안전보건법 시행규칙,b6fa09bb4f2e711645b25f12207959d1ec27622c,서식,0039,00,기계등 대여사항 기록부,e8ac9214cec3874b09f5ba909b5b0c76a58e375e,reused:별표PDF
0073642025053000443,산업안전보건법 시행규칙,b6fa09bb4f2e711645b25f12207959d1ec27622c,서식,0040,00,"타워크레인 설치ㆍ해체업(등록, 변경)신청서",d7fe45b1ba8e523bd6ee7b813c3cf8a4e12bbca8,reused:별표PDF
0073642025053000443,산업안전보건법 시행규칙,b6fa09bb4f2e711645b25f12207959d1ec27622c,서식,0041,00,타워크레인 설치ㆍ해체업 (변경)등록증,c18f4cab84d92f9e6adebaf0de6228bc9734e915,reused:별표PDF
0073642025053000443,산업안전보건법 시행규칙,b6fa09bb4f2e711645b25f12207959d1ec27622c,서식,0042,00,"(예비심사, 서면심사, 개별 제품심사, 형식별 제품심사, 기술능력 및 생산체계심사)안전인증신청서",15dfba90d0c9e5374c8ea5a2d080fb7082d51f22,reused:별표PDF
0073642025053000443,산업안전보건법 시행규칙,b6fa09bb4f2e711645b25f12207959d1ec27622c,서식,0043,00,안전인증 면제신청서,faa60f7f5cf7df7b8ed468cbaceca79df1f97121,reused:별표PDF
0073642025053000443,산업안전보건법 시행규칙,b6fa09bb4f2e711645b25f12207959d1ec27622c,서식,0044,00,안전인증 면제확인서,e372884ab2e6937e398265b535a42cc46d7dee13,reused:별표PDF
0073642025053000443,산업안전보건법 시행규칙,b6fa09bb4f2e711645b25f12207959d1ec27622c,서식,0045,00,심사결과 통지서,267a2b2abb35221d5713b5199a871fab8f771241,reused:별표PDF
0073642025053000443,산업안전보건법 시행규칙,b6fa09bb4f2e711645b25f12207959d1ec27622c,서식,0046,00,안전인증서,baa55ac3a4f128c2a84bd38c82f9390b81e89586,reused:별표PDF
0073642025053000443,산업안전보건법 시행규칙,b6fa09bb4f2e711645b25f12207959d1ec27622c,서식,0047,00,안전인증확인 통지서,a9fcb9d93e712099172c45117111617eaae8c650,reused:별표PDF
0073642025053000443,산업안전보건법 시행규칙,b6fa09bb4f2e711645b25f12207959d1ec27622c,서식,0048,00,자율안전확인 신고서,21f0a7cfb99509959de1665ca64e329f596b304f,reused:별표PDF
0073642025053000443,산업안전보건법 시행규칙,b6fa09bb4f2e711645b25f12207959d1ec27622c,서식,0049,00,자율안전확인 신고증명서,c1258f5a32891f3268f0d49314978d3eda3e6029,reused:별표PDF
0073642025053000443,산업안전보건법 시행규칙,b6fa09bb4f2e711645b25f12207959d1ec27622c,서식,0050,00,안전검사 신청서,7102a8cd0fdcb69926da5cc68f2be6328b1c7859,reused:별표PDF
0073642025053000443,산업안전보건법 시행규칙,b6fa09bb4f2e711645b25f12207959d1ec27622c,서식,0051,00,안전검사 불합격 통지서,04613aa001ca5bfa55af48cdec91648073c9f9c1,reused:별표PDF
0073642025053000443,산업안전보건법 시행규칙,b6fa09bb4f2e711645b25f12207959d1ec27622c,서식,0052,00,자율검사프로그램 인정신청서,0c058cd956eec2527a68c9d8045530166c92d3d2,reused:별표PDF
0073642025053000443,산업안전보건법 시행규칙,b6fa09bb4f2e711645b25f12207959d1ec27622c,서식,0053,00,자율검사프로그램 인정서,7c830e13cd4c2fafde63a663bd51f90e90bcd81e,reused:별표PDF
0073642025053000443,산업안전보건법 시행규칙,b6fa09bb4f2e711645b25f12207959d1ec27622c,서식,0054,00,자율검사프로그램 부적합 통지서,32aa4e909f9dece2b550e8f8817a357ff7f42626,reused:별표PDF
0073642025053000443,산업안전보건법 시행규칙,b6fa09bb4f2e711645b25f12207959d1ec27622c,서식,0055,00,"[안전인증대상기계등 제조업체, 자율안전확인대상기계등 제조업체, 산업재해다발 기계ㆍ기구 및 설비등제조업체, 국소배기장치 및 전체환기장치 시설업체, 소음ㆍ진동 방지장치 시설업체(등록, 변경)]신청서",274be2ac6756f942248f864a20e57e6644b48ce6,reused:별표PDF
0073642025053000443,산업안전보건법 시행규칙,b6fa09bb4f2e711645b25f12207959d1ec27622c,서식,0056,00,등록증,b1a0512e3acfcb7c924fe5d8eaa0a574d17cadaa,reused:별표PDF
0073642025053000443,산업안전보건법 시행규칙,b6fa09bb4f2e711645b25f12207959d1ec27622c,서식,0057,00,신규화학물질의 유해성ㆍ위험성 조사보고서,c0baadb0e2febaee03758cbb54e5ecac0b3169db,reused:별표PDF
0073642025053000443,산업안전보건법 시행규칙,b6fa09bb4f2e711645b25f12207959d1ec27622c,서식,0058,00,신규화학물질의 유해성ㆍ위험성 조사보고서 검토 자료제출 요청서,64a02da0f318d607248b3dcd4f615dd7c0f86ae5,reused:별표PDF
0073642025053000443,산업안전보건법 시행규칙,b6fa09bb4f2e711645b25f12207959d1ec27622c,서식,0059,00,신규화학물질의 유해성ㆍ위험성 조치사항 통지서,74d98f6510619a5603707c594c23da072cff236f,reused:별표PDF
0073642025053000443,산업안전보건법 시행규칙,b6fa09bb4f2e711645b25f12207959d1ec27622c,서식,0060,00,신규화학물질의 유해성ㆍ위험성 조사 제외 확인 신청서,e9d85e615c700fd46684974e8f98a519675162a6,reused:별표PDF
0073642025053000443,산업안전보건법 시행규칙,b6fa09bb4f2e711645b25f12207959d1ec27622c,서식,0061,00,화학물질의 유해성ㆍ위험성 조사결과서,e7cb78a5744e731bf0628c3d304e2d7f2847ce25,reused:별표PDF
0073642025053000443,산업안전보건법 시행규칙,b6fa09bb4f2e711645b25f12207959d1ec27622c,서식,0062,00,화학물질 확인서류,d013bed050cfb7e6668f35f276dfcbe104499a4d,reused:별표PDF
0073642025053000443,산업안전보건법 시행규칙,b6fa09bb4f2e711645b25f12207959d1ec27622c,서식,0063,00,"물질안전보건자료 비공개(승인, 연장승인)신청서",a2ef592b4d8f07452c4b02601df76bbd4ce0c176,reused:별표PDF
0073642025053000443,산업안전보건법 시행규칙,b6fa09bb4f2e711645b25f12207959d1ec27622c,서식,0064,00,"물질안전보건자료 비공개(승인, 연장승인)결과 통지서",68a28c874eea09e30cc935c0bf90ec3904a330e3,reused:별표PDF
0073642025053000443,산업안전보건법 시행규칙,b6fa09bb4f2e711645b25f12207959d1ec27622c,서식,0065,00,물질안전보건자료 비공개 승인 이의신청서,e2e06c7095a9b5238bd4fd291a981c704618ec07,reused:별표PDF
0073642025053000443,산업안전보건법 시행규칙,b6fa09bb4f2e711645b25f12207959d1ec27622c,서식,0066,00,물질안전보건자료 비공개 승인 이의신청 결과 통지서,4b199093f1c85815d458ed98008f8ed5c5015edb,reused:별표PDF
0073642025053000443,산업안전보건법 시행규칙,b6fa09bb4f2e711645b25f12207959d1ec27622c,서식,0067,00,물질안전보건자료 비공개 승인 취소 결정 통지서,fd760dcb602dc09bf3c423eebf7eba893ed8d716,reused:별표PDF
0073642025053000443,산업안전보건법 시행규칙,b6fa09bb4f2e711645b25f12207959d1ec27622c,서식,0068,00,"국외제조자에 의한(선임서, 해임서)",70e76364be9902e40bafcf4ca4f6a43f1f8497ac,reused:별표PDF
0073642025053000443,산업안전보건법 시행규칙,b6fa09bb4f2e711645b25f12207959d1ec27622c,서식,0069,00,국외제조자에 의한 선임(해임) 사실 신고증,83965300ab29883dd210b97f0733ed6915af6c6e,reused:별표PDF
0073642025053000443,산업안전보건법 시행규칙,b6fa09bb4f2e711645b25f12207959d1ec27622c,서식,0070,00,"제조등금지물질(제조, 수입, 사용)승인신청서",2af5c14b3926a5bbc3b3c34d0ae9ba64a9d92914,reused:별표PDF
0073642025053000443,산업안전보건법 시행규칙,b6fa09bb4f2e711645b25f12207959d1ec27622c,서식,0071,00,"제조등금지물질(제조, 수입, 사용)승인서",49d82fa3c894bed6e5a51fc1b410f1b1c533e182,reused:별표PDF
0073642025053000443,산업안전보건법 시행규칙,b6fa09bb4f2e711645b25f12207959d1ec27622c,서식,0072,00,"(제조, 사용)허가신청서",29f7c5f33795eb59bb03ad2c8b9b0e7259879dff,reused:별표PDF
0073642025053000443,산업안전보건법 시행규칙,b6fa09bb4f2e711645b25f12207959d1ec27622c,서식,0073,00,"허가대상물질(제조, 사용)허가증",95a8c20ce6b922657b6ed6abe777a60b720141f7,reused:별표PDF
0073642025053000443,산업안전보건법 시행규칙,b6fa09bb4f2e711645b25f12207959d1ec27622c,서식,0074,00,"석면조사의 생략 등 확인신청서(석면이 함유되어 있지 않음, 석면이 1퍼센트 초과하여 함유되어 있음,「석면안전관리법」에 따라 석면조사를 함)",fbfc1ca4b21a295337d24da00fb0f519bfb8f3e1,reused:별표PDF
0073642025053000443,산업안전보건법 시행규칙,b6fa09bb4f2e711645b25f12207959d1ec27622c,서식,0075,00,"석면해체ㆍ제거업(등록, 변경)신청서",dce8152252ce5583bde2b84ca1e31ddffbd0c126,reused:별표PDF
0073642025053000443,산업안전보건법 시행규칙,b6fa09bb4f2e711645b25f12207959d1ec27622c,서식,0076,00,석면해체ㆍ제거업 (변경)등록증,a8210ca671fc68b1465754671b5373e663f2cf4d,reused:별표PDF
0073642025053000443,산업안전보건법 시행규칙,b6fa09bb4f2e711645b25f12207959d1ec27622c,서식,0077,00,석면해체ㆍ제거작업 신고서,f8927a8ad144de8fd70dc4619a59015090235a30,reused:별표PDF
0073642025053000443,산업안전보건법 시행규칙,b6fa09bb4f2e711645b25f12207959d1ec27622c,서식,0078,00,석면해체ㆍ제거작업 변경 신고서,866a51440c948291689503fd4846b45edaec7b82,reused:별표PDF
0073642025053000443,산업안전보건법 시행규칙,b6fa09bb4f2e711645b25f12207959d1ec27622c,서식,0079,00,"석면해체ㆍ제거작업(신고, 변경)증명서",271cbec3a3034c1aad7f8bf4420ce364e5456fbb,reused:별표PDF
0073642025053000443,산업안전보건법 시행규칙,b6fa09bb4f2e711645b25f12207959d1ec27622c,서식,0080,00,석면농도측정 결과보고서,fcb11246b0b6e59b70fc55f89e441858a105f79a,reused:별표PDF
0073642025053000443,산업안전보건법 시행규칙,b6fa09bb4f2e711645b25f12207959d1ec27622c,서식,0081,00,석면농도측정 결과표,bd0ba399cdbd23c4dbd049cc6b2b34ce1fe3edd3,reused:별표PDF
0073642025053000443,산업안전보건법 시행규칙,b6fa09bb4f2e711645b25f12207959d1ec27622c,서식,0082,00,"작업환경측정 결과보고서(상, 하반기)",e99df9af541a0f3f43d3956ee6233326879b8b0e,reused:별표PDF
0073642025053000443,산업안전보건법 시행규칙,b6fa09bb4f2e711645b25f12207959d1ec27622c,서식,0083,00,"작업환경측정 결과표(상, 하반기)",74e9c59b6e6c8bd4fba1d485dacb96faa4f64f31,reused:별표PDF
0073642025053000443,산업안전보건법 시행규칙,b6fa09bb4f2e711645b25f12207959d1ec27622c,서식,0084,00,일반건강진단 결과표,0b3c38e25afef5e1cc270b08e9d04e30f1ff94f3,reused:별표PDF
0073642025053000443,산업안전보건법 시행규칙,b6fa09bb4f2e711645b25f12207959d1ec27622c,서식,0085,00,"(특수, 배치전, 수시, 임시)건강진단 결과표",3a3800e3b3b40461e50faae0adc8070fa0c4d338,reused:별표PDF
0073642025053000443,산업안전보건법 시행규칙,b6fa09bb4f2e711645b25f12207959d1ec27622c,서식,0086,00,사후관리 조치결과 보고서,3d0b972e80b1c1c7e2958d3022a3eb75cd33cfdd,reused:별표PDF
0073642025053000443,산업안전보건법 시행규칙,b6fa09bb4f2e711645b25f12207959d1ec27622c,서식,0087,00,근로자 건강관리카드,569f63cc22755d0a650cb10d7eaa2bfee389ca4a,reused:별표PDF
0073642025053000443,산업안전보건법 시행규칙,b6fa09bb4f2e711645b25f12207959d1ec27622c,서식,0088,00,"건강관리카드(발급, 재발급, 기재내용)변경 신청서",6a1003d70460df6225d413d79fccde30a0a1bcd0,reused:별표PDF
0073642025053000443,산업안전보건법 시행규칙,b6fa09bb4f2e711645b25f12207959d1ec27622c,서식,0089,00,지도사 자격시험 응시원서,d4865caa5dcc767af1b796c32ac00dc4077186a6,reused:별표PDF
0073642025053000443,산업안전보건법 시행규칙,b6fa09bb4f2e711645b25f12207959d1ec27622c,서식,0090,00,지도사 자격시험 응시자 명부,4a1f7f0f8e749dd1bfbe283e8efb3dadd2822d99,reused:별표PDF
0073642025053000443,산업안전보건법 시행규칙,b6fa09bb4f2e711645b25f12207959d1ec27622c,서식,0090,02,"지도사 자격증(발급, 재발급)신청서",ann_4101534d529e,new
0073642025053000443,산업안전보건법 시행규칙,b6fa09bb4f2e711645b25f12207959d1ec27622c,서식,0090,03,지도사 자격증,ann_e6827e02ddf0,new
0073642025053000443,산업안전보건법 시행규칙,b6fa09bb4f2e711645b25f12207959d1ec27622c,서식,0091,00,"지도사의 (등록, 갱신, 변경)신청서",64dad0663f94d8388fbbcd733f802e583592be1b,reused:별표PDF
0073642025053000443,산업안전보건법 시행규칙,b6fa09bb4f2e711645b25f12207959d1ec27622c,서식,0092,00,지도사 등록증,712aaf75468949a8a0d749f58f68608a8bfaad88,reused:별표PDF
0073642025053000443,산업안전보건법 시행규칙,b6fa09bb4f2e711645b25f12207959d1ec27622c,서식,0093,00,지도사 등록증 재발급신청서,34d5dd51043d769b2f476f2e459c2c7e20ad9b8f,reused:별표PDF
0073642025053000443,산업안전보건법 시행규칙,b6fa09bb4f2e711645b25f12207959d1ec27622c,서식,0094,00,지도사 등록부,624f006363a2f236c0d3def5d32555e40de327a7,reused:별표PDF
0073642025053000443,산업안전보건법 시행규칙,b6fa09bb4f2e711645b25f12207959d1ec27622c,서식,0095,00,지도사 등록증 발급대장,c5ea841500123189fc05e465e4427797f8abf0ac,reused:별표PDF
0073642025053000443,산업안전보건법 시행규칙,b6fa09bb4f2e711645b25f12207959d1ec27622c,서식,0096,00,"지도사(연수교육, 보수교육)이수증",adf43ab4a3dfeae7c750f1964b592599dafa7433,reused:별표PDF
0073642025053000443,산업안전보건법 시행규칙,b6fa09bb4f2e711645b25f12207959d1ec27622c,서식,0097,00,보증보험가입 신고서,5216146fbd88938d1bd4a5de12a55e1f07511691,reused:별표PDF
0073642025053000443,산업안전보건법 시행규칙,b6fa09bb4f2e711645b25f12207959d1ec27622c,서식,0098,00,보증보험금 지급사유 발생확인신청서,11d965bd21a06cff89bf6c3350b25d2c541e184c,reused:별표PDF
0073642025053000443,산업안전보건법 시행규칙,b6fa09bb4f2e711645b25f12207959d1ec27622c,서식,0099,00,보증보험금 지급사유 발생확인서,bdef22a0e821ebb64c940aaef175382302ff6e80,reused:별표PDF
0073642025053000443,산업안전보건법 시행규칙,b6fa09bb4f2e711645b25f12207959d1ec27622c,서식,0100,00,"과징금(납부기한 연장, 분할 납부)신청서",eee4c57f2b1ac66116302bdf323b311a1fb379a2,reused:별표PDF
0073642025053000443,산업안전보건법 시행규칙,b6fa09bb4f2e711645b25f12207959d1ec27622c,서식,0101,00,공사 개요서,12b3294f0e2a709500ed63dbcec79e93f5fa0204,reused:별표PDF
0073642025053000443,산업안전보건법 시행규칙,b6fa09bb4f2e711645b25f12207959d1ec27622c,서식,0102,00,산업안전보건관리비 사용계획서,c47ea0c35e1742987cd833491b6fc7647aa3ec46,reused:별표PDF
0073642025053000443,산업안전보건법 시행규칙,b6fa09bb4f2e711645b25f12207959d1ec27622c,서식,0103,00,유해위험방지계획서 자체확인 결과서,010c1b8ba63db22c7bfd3075c5177b637462da3e,reused:별표PDF
0073642025053000443,산업안전보건법 시행규칙,b6fa09bb4f2e711645b25f12207959d1ec27622c,서식,0104,00,기술지도계약서,f9dac8b0b08f6b4ce2254eb924f5b7a15843ba45,reused:별표PDF
0073642025053000443,산업안전보건법 시행규칙,b6fa09bb4f2e711645b25f12207959d1ec27622c,서식,0105,00,기술지도 완료증명서,d32ecf2e31b3360ef907be3426b87c4621fc1f97,reused:별표PDF
0037862025100135805,산업안전보건법 시행령,6829c042a13cbb8b01ddcbda35f6fd683c0f77c1,별표,0001,00,법의 일부를 적용하지 않는 사업 또는 사업장 및 적용 제외 법 규정(제2조제1항 관련),59f543c8d4f73e1311a7e2b3a236f6d8cc4f1c22,reused:별표PDF
0037862025100135805,산업안전보건법 시행령,6829c042a13cbb8b01ddcbda35f6fd683c0f77c1,별표,0002,00,안전보건관리책임자를 두어야 하는 사업의 종류 및 사업장의 상시근로자 수(제14조제1항 관련),30eba947359b6b029cd6fc34ebd5bb0d9f208e30,reused:별표PDF
0037862025100135805,산업안전보건법 시행령,6829c042a13cbb8b01ddcbda35f6fd683c0f77c1,별표,0003,00,"안전관리자를 두어야 하는 사업의 종류, 사업장의 상시근로자 수, 안전관리자의 수 및 선임방법(제16조제1항 관련)",c48d12e8b232d4fcff04c929f14fef54aecf2ac0,reused:별표PDF
0037862025100135805,산업안전보건법 시행령,6829c042a13cbb8b01ddcbda35f6fd683c0f77c1,별표,0004,00,안전관리자의 자격(제17조 관련),3e51c2f95158f36a47194a0284858743a0e6fc88,reused:별표PDF
0037862025100135805,산업안전보건법 시행령,6829c042a13cbb8b01ddcbda35f6fd683c0f77c1,별표,0005,00,"보건관리자를 두어야 하는 사업의 종류, 사업장의 상시근로자 수, 보건관리자의 수 및 선임방법(제20조제1항 관련)",d4c4017a30c74e41cd9c0cd0d061f14e8485dd0f,reused:별표PDF
0037862025100135805,산업안전보건법 시행령,6829c042a13cbb8b01ddcbda35f6fd683c0f77c1,별표,0006,00,보건관리자의 자격(제21조 관련),fd969d92c7b171d9c28ba2eda6e1e5d271427d77,reused:별표PDF
0037862025100135805,산업안전보건법 시행령,6829c042a13cbb8b01ddcbda35f6fd683c0f77c1,별표,0007,00,안전관리전문기관의 인력ㆍ시설 및 장비 기준(제27조제1항 관련),4c86496e964522fe12b3b11450fc7a8313f469c4,reused:별표PDF
0037862025100135805,산업안전보건법 시행령,6829c042a13cbb8b01ddcbda35f6fd683c0f77c1,별표,0008,00,보건관리전문기관의 인력ㆍ시설 및 장비 기준(제27조제2항 관련),c2db3d9db14f27661ab1e3a7c61af971d4f75d23,reused:별표PDF
0037862025100135805,산업안전보건법 시행령,6829c042a13cbb8b01ddcbda35f6fd683c0f77c1,별표,0009,00,산업안전보건위원회를 구성해야 할 사업의 종류 및 사업장의 상시근로자 수(제34조 관련),38f2ae75e4074b293a5f9eee51a27b1d7e255d58,reused:별표PDF
0037862025100135805,산업안전보건법 시행령,6829c042a13cbb8b01ddcbda35f6fd683c0f77c1,별표,0010,00,근로자안전보건교육기관의 인력ㆍ시설 및 장비 등 기준(제40조제1항 관련),cf84695fd3cab34e5bfe3b520c6d70bf68a71889,reused:별표PDF
0037862025100135805,산업안전보건법 시행령,6829c042a13cbb8b01ddcbda35f6fd683c0f77c1,별표,0011,00,건설업 기초안전보건교육을 하려는 기관의 인력ㆍ시설 및 장비 기준(제40조제2항 관련),cb577d44ddc89b973473a07e72e7f5eeb75a0e8f,reused:별표PDF
0037862025100135805,산업안전보건법 시행령,6829c042a13cbb8b01ddcbda35f6fd683c0f77c1,별표,0012,00,직무교육기관의 인력ㆍ시설 및 장비 기준(제40조제3항제2호 관련),2485b62415077f3e17811cb5d1c05707d10b72dc,reused:별표PDF
0037862025100135805,산업안전보건법 시행령,6829c042a13cbb8b01ddcbda35f6fd683c0f77c1,별표,0013,00,유해ㆍ위험물질 규정량(제43조제1항 관련),5969cbb8d3c095e941a9de5d327617f5832b3208,reused:별표PDF
0037862025100135805,산업안전보건법 시행령,6829c042a13cbb8b01ddcbda35f6fd683c0f77c1,별표,0014,00,안전보건진단의 종류 및 내용(제46조제1항 관련),5031ece2b15949d54a676bdb0a23817e8ff0201f,reused:별표PDF
0037862025100135805,산업안전보건법 시행령,6829c042a13cbb8b01ddcbda35f6fd683c0f77c1,별표,0015,00,종합진단기관의 인력ㆍ시설 및 장비 등의 기준(제47조 관련),0ffc1948d298ed371a416012018aeffed3a64054,reused:별표PDF
0037862025100135805,산업안전보건법 시행령,6829c042a13cbb8b01ddcbda35f6fd683c0f77c1,별표,0016,00,안전진단기관의 인력ㆍ시설 및 장비 등의 기준(제47조 관련),2e64a6bdf6f35c74d07a4c9dbaf7ec601c6456b6,reused:별표PDF
0037862025100135805,산업안전보건법 시행령,6829c042a13cbb8b01ddcbda35f6fd683c0f77c1,별표,0017,00,보건진단기관의 인력ㆍ시설 및 장비 등의 기준(제47조 관련),298cbb4960bc08a0f6eb0ae1109cda30e7527a86,reused:별표PDF
0037862025100135805,산업안전보건법 시행령,6829c042a13cbb8b01ddcbda35f6fd683c0f77c1,별표,0018,00,건설재해예방전문지도기관의 지도 기준(제60조 관련),1f77fcb4a8fefeadca049599bbfd658dc9db8c5a,reused:별표PDF
0037862025100135805,산업안전보건법 시행령,6829c042a13cbb8b01ddcbda35f6fd683c0f77c1,별표,0019,00,건설재해예방전문지도기관의 인력ㆍ시설 및 장비 기준(제61조 관련),7c0b2c756dfd9e9330703c3f6eed10f3402c8658,reused:별표PDF
0037862025100135805,산업안전보건법 시행령,6829c042a13cbb8b01ddcbda35f6fd683c0f77c1,별표,0020,00,유해ㆍ위험 방지를 위한 방호조치가 필요한 기계ㆍ기구(제70조 관련),77fe4781de605eb85ef87a89304a067ae8f2e442,reused:별표PDF
0037862025100135805,산업안전보건법 시행령,6829c042a13cbb8b01ddcbda35f6fd683c0f77c1,별표,0021,00,대여자 등이 안전조치 등을 해야 하는 기계ㆍ기구ㆍ설비 및 건축물 등(제71조 관련),07327851dc814dfdaaf74f4addac050d3b179689,reused:별표PDF
0037862025100135805,산업안전보건법 시행령,6829c042a13cbb8b01ddcbda35f6fd683c0f77c1,별표,0022,00,타워크레인 설치ㆍ해체업의 인력ㆍ시설 및 장비 기준(제72조제1항 관련),068101a56547580eb408a8947985475d47e0ee2f,reused:별표PDF
0037862025100135805,산업안전보건법 시행령,6829c042a13cbb8b01ddcbda35f6fd683c0f77c1,별표,0023,00,안전인증기관의 인력ㆍ시설 및 장비 기준(제75조제2호 관련),8e0f0cb611c414bff6b0e473a8c46e47379ef3bf,reused:별표PDF
0037862025100135805,산업안전보건법 시행령,6829c042a13cbb8b01ddcbda35f6fd683c0f77c1,별표,0024,00,안전검사기관의 인력ㆍ시설 및 장비 기준(제79조제2호 관련),0f3d9b4b59a611f8b38d90876c988f39375c60a3,reused:별표PDF
0037862025100135805,산업안전보건법 시행령,6829c042a13cbb8b01ddcbda35f6fd683c0f77c1,별표,0025,00,자율안전검사기관의 인력ㆍ시설 및 장비 기준(제81조 관련),6aff8df2cd15966d83002849f32280bacb3db97b,reused:별표PDF
0037862025100135805,산업안전보건법 시행령,6829c042a13cbb8b01ddcbda35f6fd683c0f77c1,별표,0026,00,유해인자 허용기준 이하 유지 대상 유해인자(제84조 관련),0b3251988d9fbe7bc1740a0ce4213f97d7135331,reused:별표PDF
0037862025100135805,산업안전보건법 시행령,6829c042a13cbb8b01ddcbda35f6fd683c0f77c1,별표,0027,00,석면조사기관의 인력ㆍ시설 및 장비 기준(제90조 관련),2f6bd5f11b6e9176e3f3fd6402ec4e807c2f054e,reused:별표PDF
0037862025100135805,산업안전보건법 시행령,6829c042a13cbb8b01ddcbda35f6fd683c0f77c1,별표,0028,00,석면해체ㆍ제거업자의 인력ㆍ시설 및 장비 기준(제92조 관련),57c732b8048414d4ce2f6516977c3b9297c312cc,reused:별표PDF
0037862025100135805,산업안전보건법 시행령,6829c042a13cbb8b01ddcbda35f6fd683c0f77c1,별표,0029,00,작업환경측정기관의 유형별 인력ㆍ시설 및 장비 기준(제95조 관련),d5a54ed4fa757d565bbc1445ea18f84009c27b36,reused:별표PDF
0037862025100135805,산업안전보건법 시행령,6829c042a13cbb8b01ddcbda35f6fd683c0f77c1,별표,0030,00,특수건강진단기관의 인력ㆍ시설 및 장비 기준(제97조제1항 관련),297f708588502d6a49431405c5b5ec8ec7152d33,reused:별표PDF
0037862025100135805,산업안전보건법 시행령,6829c042a13cbb8b01ddcbda35f6fd683c0f77c1,별표,0031,00,지도사의 업무 영역별 업무 범위(제102조제2항 관련),7a1d27984e665471e67ec494ce179cdd03c428cc,reused:별표PDF
0037862025100135805,산업안전보건법 시행령,6829c042a13cbb8b01ddcbda35f6fd683c0f77c1,별표,0032,00,지도사 자격시험 중 필기시험의 업무 영역별 과목 및 범위(제103조제2항 관련),c8b1e2fc18d4dd52668d08c802a8816125a4bdeb,reused:별표PDF
0037862025100135805,산업안전보건법 시행령,6829c042a13cbb8b01ddcbda35f6fd683c0f77c1,별표,0033,00,과징금의 부과기준(제111조 관련),d00e6dd049b6453035b675203143e93c0bae62a8,reused:별표PDF
0037862025100135805,산업안전보건법 시행령,6829c042a13cbb8b01ddcbda35f6fd683c0f77c1,별표,0034,00,도급금지 등 의무위반에 따른 과징금의 산정기준(제113조제1항 관련),e849c404ca9ff3e228281adfc1fdf4191324bb11,reused:별표PDF
0037862025100135805,산업안전보건법 시행령,6829c042a13cbb8b01ddcbda35f6fd683c0f77c1,별표,0035,00,과태료의 부과기준(제119조 관련),e8445b182b60ae5dbbbbc68b55bd8553768c1cf3,reused:별표PDF
0141592025100135805,중대재해 처벌 등에 관한 법률 시행령,1ed21550b572094228bbf31cf5c26cc088464029,별표,0001,00,직업성 질병(제2조 관련),78cb52b0e1f2c9565f59d02f8dcfa0af34858796,reused:별표PDF
0141592025100135805,중대재해 처벌 등에 관한 법률 시행령,1ed21550b572094228bbf31cf5c26cc088464029,별표,0002,00,법 제2조제4호가목의 시설 중 공중이용시설(제3조제1호 관련),8f40deda7db47e309da1353d66e76bd9cc51fdd6,reused:별표PDF
0141592025100135805,중대재해 처벌 등에 관한 법률 시행령,1ed21550b572094228bbf31cf5c26cc088464029,별표,0003,00,법 제2조제4호나목의 시설물 중 공중이용시설(제3조제2호 관련),05f7a8f3ad0907f7fd1b548b1d01647f12128bc6,reused:별표PDF
0141592025100135805,중대재해 처벌 등에 관한 법률 시행령,1ed21550b572094228bbf31cf5c26cc088464029,별표,0004,00,과태료의 부과기준(제7조 관련),6d352921200a6cc305e6251f6f9d6ca8ea8905ca,reused:별표PDF
0141592025100135805,중대재해 처벌 등에 관한 법률 시행령,1ed21550b572094228bbf31cf5c26cc088464029,별표,0005,00,제8조제3호에 따른 조치 대상 원료 또는 제조물(제8조제3호 관련),165f49ab046bfec7c699f4b97e9cc624a345f68d,reused:별표PDF
0073632025120100454,산업안전보건기준에 관한 규칙,f436fcd219320b9a2e2544d19baad382633bea80,별표,0001,00,위험물질의 종류(제16조ㆍ제17조 및 제225조 관련),9285bb357b94696834aef6dc7e2eec3e3168f805,reused:별표PDF
0073632025120100454,산업안전보건기준에 관한 규칙,f436fcd219320b9a2e2544d19baad382633bea80,별표,0002,00,관리감독자의 유해·위험 방지(제35조제1항 관련),d8e7c21a20201b5b566f3b6ea95ac5e5d9ffbc9c,reused:별표PDF
0073632025120100454,산업안전보건기준에 관한 규칙,f436fcd219320b9a2e2544d19baad382633bea80,별표,0003,00,작업시작 전 점검사항(제35조제2항 관련),0edc63703f65cbff4f0f7313d9475481be5613ac,reused:별표PDF
0073632025120100454,산업안전보건기준에 관한 규칙,f436fcd219320b9a2e2544d19baad382633bea80,별표,0004,00,사전조사 및 작업계획서 내용(제38조제1항관련),cfb7ca6f55c8521ba452883adde7d7f615275b78,reused:별표PDF
0073632025120100454,산업안전보건기준에 관한 규칙,f436fcd219320b9a2e2544d19baad382633bea80,별표,0005,00,강관비계의 조립간격(제59조제4호 관련),b56a9d9d616f02b406be24bbfee8c18bd9757a8e,reused:별표PDF
0073632025120100454,산업안전보건기준에 관한 규칙,f436fcd219320b9a2e2544d19baad382633bea80,별표,0006,00,차량계 건설기계(제196조 관련),9bd90dac9ab5a40bd6b458c5b4c590379e9c6591,reused:별표PDF
0073632025120100454,산업안전보건기준에 관한 규칙,f436fcd219320b9a2e2544d19baad382633bea80,별표,0007,00,"화학설비 및 그 부속설비의 종류(제227조부터 제229조까지, 제243조 및 제2편제2장제4절 관련)",7eeebe33b001eea55e2efadcd09c1480212237e4,reused:별표PDF
0073632025120100454,산업안전보건기준에 관한 규칙,f436fcd219320b9a2e2544d19baad382633bea80,별표,0008,00,안전거리(제271조 관련),f25516bc4e2ccbf709e046ef12d0335a2f367e35,reused:별표PDF
0073632025120100454,산업안전보건기준에 관한 규칙,f436fcd219320b9a2e2544d19baad382633bea80,별표,0009,00,위험물질의 기준량(제273조 관련),53c73fc6ea1f08daf9ea6c6a49375e66ab430539,reused:별표PDF
0073632025120100454,산업안전보건기준에 관한 규칙,f436fcd219320b9a2e2544d19baad382633bea80,별표,0010,00,삭제 &lt;2023. 11. 14.&gt;,a54f9c4aa1d67ccedf1f140718b2093decd74b21,reused:별표PDF
0073632025120100454,산업안전보건기준에 관한 규칙,f436fcd219320b9a2e2544d19baad382633bea80,별표,0011,00,굴착면의 기울기 기준(제339조제1항 관련),425e99f8489bcc7cc048fe7378d2628026bd134a,reused:별표PDF
0073632025120100454,산업안전보건기준에 관한 규칙,f436fcd219320b9a2e2544d19baad382633bea80,별표,0012,00,"관리대상 유해물질의 종류(제420조, 제439조 및 제440조 관련)",089593aacef57dee7a8e87d76cbefa85baee74d1,reused:별표PDF
0073632025120100454,산업안전보건기준에 관한 규칙,f436fcd219320b9a2e2544d19baad382633bea80,별표,0013,00,관리대상 유해물질 관련 국소배기장치 후드의 제어풍속(제429조 관련),5c544badb86d561d498dc3534ac9697687457254,reused:별표PDF
0073632025120100454,산업안전보건기준에 관한 규칙,f436fcd219320b9a2e2544d19baad382633bea80,별표,0013,02,체감온도의 측정(제559조제4항 관련),ann_43861f145ecc,new
0073632025120100454,산업안전보건기준에 관한 규칙,f436fcd219320b9a2e2544d19baad382633bea80,별표,0014,00,혈액노출 근로자에 대한 조치사항(제598조제2항 관련),1f1cd560020ed540c6933adb79a08b9baf9ee3dc,reused:별표PDF
0073632025120100454,산업안전보건기준에 관한 규칙,f436fcd219320b9a2e2544d19baad382633bea80,별표,0015,00,혈액노출후 추적관리(제598조제2항 관련),d977ca01411d148b4cdd09b5e97c9fc7f88cc9b5,reused:별표PDF
0073632025120100454,산업안전보건기준에 관한 규칙,f436fcd219320b9a2e2544d19baad382633bea80,별표,0016,00,분진작업의 종류(제605조제2호 관련),61537c7497e98e3da59accfb338b28205c039582,reused:별표PDF
0073632025120100454,산업안전보건기준에 관한 규칙,f436fcd219320b9a2e2544d19baad382633bea80,별표,0017,00,분진작업장소에 설치하는 국소배기장치의 제어풍속(제609조 관련),25aa2afd5ace372d415b860fd30704fe3fe94777,reused:별표PDF
0073632025120100454,산업안전보건기준에 관한 규칙,f436fcd219320b9a2e2544d19baad382633bea80,별표,0018,00,밀폐공간(제618조제1호 관련),387c27bb507eff229c99102eaf00647dec48d42d,reused:별표PDF
0073632025120100454,산업안전보건기준에 관한 규칙,f436fcd219320b9a2e2544d19baad382633bea80,서식,0001,00,삭제 &lt;2012.3.5&gt;,ann_1b23918d789c,new
0073632025120100454,산업안전보건기준에 관한 규칙,f436fcd219320b9a2e2544d19baad382633bea80,서식,0002,00,삭제 &lt;2012.3.5&gt;,ann_a3ccdb59abcf,new
0073632025120100454,산업안전보건기준에 관한 규칙,f436fcd219320b9a2e2544d19baad382633bea80,서식,0003,00,석면함유 잔재물 등의 처리 시 표지(제496조 관련),ann_f2d4f2e88ced,new
0073632025120100454,산업안전보건기준에 관한 규칙,f436fcd219320b9a2e2544d19baad382633bea80,서식,0004,00,밀폐공간 출입금지 표지(제622조 관련),ann_d81bcb93d76c,new
