"file","source","role","copied"
"annexes.csv","annexes.csv","별표/별지 메타데이터와 원문 컨텍스트","yes"
"annex_sections.csv","annex_sections.csv","별표 내부 section 컨텍스트","yes"
"annex_notes.csv","annex_notes.csv","비고/작성방법/유의사항 컨텍스트","yes"
"annex_logical_rows.csv","annex_logical_rows.csv","규칙 추출의 주 입력 단위","yes"
"annex_logical_cells.csv","annex_logical_cells.csv","logical row의 column별 값","yes"
"edges_law_to_annex.csv","edges_law_to_annex.csv","법령-별표 연결","yes"
"edges_annex_to_sections.csv","edges_annex_to_sections.csv","별표-section 연결","yes"
"edges_section_to_notes.csv","edges_section_to_notes.csv","section-note 연결","yes"
"edges_annex_to_articles.csv","edges_annex_to_articles.csv","별표가 참조하는 조문 연결","yes"
"edges_logical_row_to_logical_cells.csv","edges_logical_row_to_logical_cells.csv","logical row-cell 연결","yes"
"mapping_annex_ids.csv","mapping_annex_ids.csv","JSON 별표와 annex_id 매핑","yes"
"diagnostics_logical_merge.csv","diagnostics_logical_merge.csv","merge_quality 해석용 진단","yes"
