sample_type,query_name,status,rule_id,rule_type,rule_subtype,law_name,article_no,annex_title,source_text_preview,evidence_type,evidence_text_preview,source_anchor_label,source_anchor_id,note
requirement,requirement_evidence,PASS,4d6b714d-5695-5896-8156-4438ef8877e2,THRESHOLD,CORRECTIVE_MEASURE,중대재해 처벌 등에 관한 법률,제4조,,① 사업주 또는 경영책임자등은 사업주나 법인 또는 기관이 실질적으로 지배ㆍ운영ㆍ관리하는 사업 또는 사업장에서 종사자의 안전ㆍ보건상 유해 또는 위험을 방지하기 위하여 그 사업 또는 사업장의 특성 및 규모 등을 고려하여 다음 각 호에 따른 조치를 하여야 한다.,Requirement.required_action,① 사업주 또는 경영책임자등은 사업주나 법인 또는 기관이 실질적으로 지배ㆍ운영ㆍ관리하는 사업 또는 사업장에서 종사자의 안전ㆍ보건상 유해 또는 위험을 방지하기 위하여 그 사업 또는 사업장의 특성 및 규모 등을 고려하여 다음 각 호에 따른 조치를 하여야 한다.,Paragraph,6adff12319a4d7e0a751a82637484faa48340d94,sample rows returned: 10
requirement,requirement_evidence,PASS,014c4942-6b2c-5e27-a5c9-b3b1c0f78413,OBLIGATION,CORRECTIVE_MEASURE,중대재해 처벌 등에 관한 법률,제5조,,"제5조(도급, 용역, 위탁 등 관계에서의 안전 및 보건 확보의무) 사업주 또는 경영책임자등은 사업주나 법인 또는 기관이 제3자에게 도급, 용역, 위탁 등을 행한 경우에는 제3자의 종사자에게 중대산업재해가 발생하지 아니하도록 제4조의 조치를 하여야 한다. 다만, 사업주나 법인 또는 기관이 그 시설, 장비, 장소 등에 대하여 실질적으로 지배ㆍ운영ㆍ관리하는 책임이 있는 경우에 한정한다.",Requirement.required_action,"제5조(도급, 용역, 위탁 등 관계에서의 안전 및 보건 확보의무) 사업주 또는 경영책임자등은 사업주나 법인 또는 기관이 제3자에게 도급, 용역, 위탁 등을 행한 경우에는 제3자의 종사자에게 중대산업재해가 발생하지 아니하도록 제4조의 조치를 하여야 한다. 다만, 사업주나 법인 또는 기관이 그 시설, 장비, 장소 등에 대하여 실질적으로 지배ㆍ운영ㆍ관리하는 책임이 있는 경우에 한정한다.",Paragraph,92869e797ef5f67a718714a16099f9b57e0f3d28,sample rows returned: 10
requirement,requirement_evidence,PASS,0ccf6969-c3e7-5e67-9fc4-2eac1553a4ec,THRESHOLD,CORRECTIVE_MEASURE,중대재해 처벌 등에 관한 법률,제9조,,"① 사업주 또는 경영책임자등은 사업주나 법인 또는 기관이 실질적으로 지배ㆍ운영ㆍ관리하는 사업 또는 사업장에서 생산ㆍ제조ㆍ판매ㆍ유통 중인 원료나 제조물의 설계, 제조, 관리상의 결함으로 인한 그 이용자 또는 그 밖의 사람의 생명, 신체의 안전을 위하여 다음 각 호에 따른 조치를 하여야 한다.",Requirement.required_action,"① 사업주 또는 경영책임자등은 사업주나 법인 또는 기관이 실질적으로 지배ㆍ운영ㆍ관리하는 사업 또는 사업장에서 생산ㆍ제조ㆍ판매ㆍ유통 중인 원료나 제조물의 설계, 제조, 관리상의 결함으로 인한 그 이용자 또는 그 밖의 사람의 생명, 신체의 안전을 위하여 다음 각 호에 따른 조치를 하여야 한다.",Paragraph,cc882a48ea9a913b24127b99fe0e8bec11b5af62,sample rows returned: 10
requirement,requirement_evidence,PASS,2578ff74-9655-50e8-bfcb-de7dca5cf6d8,THRESHOLD,CORRECTIVE_MEASURE,중대재해 처벌 등에 관한 법률,제9조,,"② 사업주 또는 경영책임자등은 사업주나 법인 또는 기관이 실질적으로 지배ㆍ운영ㆍ관리하는 공중이용시설 또는 공중교통수단의 설계, 설치, 관리상의 결함으로 인한 그 이용자 또는 그 밖의 사람의 생명, 신체의 안전을 위하여 다음 각 호에 따른 조치를 하여야 한다.",Requirement.required_action,"② 사업주 또는 경영책임자등은 사업주나 법인 또는 기관이 실질적으로 지배ㆍ운영ㆍ관리하는 공중이용시설 또는 공중교통수단의 설계, 설치, 관리상의 결함으로 인한 그 이용자 또는 그 밖의 사람의 생명, 신체의 안전을 위하여 다음 각 호에 따른 조치를 하여야 한다.",Paragraph,cc882a48ea9a913b24127b99fe0e8bec11b5af62,sample rows returned: 10
requirement,requirement_evidence,PASS,353cde78-8164-52da-a217-8d6de93a253f,OBLIGATION,CORRECTIVE_MEASURE,중대재해 처벌 등에 관한 법률,제9조,,"③ 사업주 또는 경영책임자등은 사업주나 법인 또는 기관이 공중이용시설 또는 공중교통수단과 관련하여 제3자에게 도급, 용역, 위탁 등을 행한 경우에는 그 이용자 또는 그 밖의 사람의 생명, 신체의 안전을 위하여 제2항의 조치를 하여야 한다. 다만, 사업주나 법인 또는 기관이 그 시설, 장비, 장소 등에 대하여 실질적으로 지배ㆍ운영ㆍ관리하는 책임이 있는 경우에 한정한다.",Requirement.required_action,"③ 사업주 또는 경영책임자등은 사업주나 법인 또는 기관이 공중이용시설 또는 공중교통수단과 관련하여 제3자에게 도급, 용역, 위탁 등을 행한 경우에는 그 이용자 또는 그 밖의 사람의 생명, 신체의 안전을 위하여 제2항의 조치를 하여야 한다. 다만, 사업주나 법인 또는 기관이 그 시설, 장비, 장소 등에 대하여 실질적으로 지배ㆍ운영ㆍ관리하는 책임이 있는 경우에 한정한다.",Paragraph,cc882a48ea9a913b24127b99fe0e8bec11b5af62,sample rows returned: 10
requirement,requirement_evidence,PASS,c1424f29-df53-5dc1-9efe-95647385b337,OBLIGATION,UNKNOWN,중대재해 처벌 등에 관한 법률,제12조,,"제12조(형 확정 사실의 통보) 법무부장관은 제6조, 제7조, 제10조 또는 제11조에 따른 범죄의 형이 확정되면 그 범죄사실을 관계 행정기관의 장에게 통보하여야 한다.",Requirement.required_action,"제12조(형 확정 사실의 통보) 법무부장관은 제6조, 제7조, 제10조 또는 제11조에 따른 범죄의 형이 확정되면 그 범죄사실을 관계 행정기관의 장에게 통보하여야 한다.",Paragraph,679dd7bcab9d282e7754bfdf73c6e32d4b05ac57,sample rows returned: 10
requirement,requirement_evidence,PASS,40608493-36a0-52ad-a05e-a85b09891104,OBLIGATION,INSPECTION_REQUIREMENT,중대재해 처벌 등에 관한 법률,제14조,,"② 이 법 위반 여부에 관한 형사재판에서 법원은 검사, 피고인 또는 변호인의 신청이 있는 경우 특별한 사정이 없으면 해당 분야의 전문가를 전문심리위원으로 지정하여 소송절차에 참여하게 하여야 한다.",Requirement.required_action,"② 이 법 위반 여부에 관한 형사재판에서 법원은 검사, 피고인 또는 변호인의 신청이 있는 경우 특별한 사정이 없으면 해당 분야의 전문가를 전문심리위원으로 지정하여 소송절차에 참여하게 하여야 한다.",Paragraph,ef4f591f7d2c31a5542f2940855ba10c4120343e,sample rows returned: 10
requirement,requirement_evidence,PASS,0556aba5-2d1d-575f-b848-0b1fa14d1992,OBLIGATION,UNKNOWN,중대재해 처벌 등에 관한 법률,제16조,,① 정부는 중대재해를 예방하여 시민과 종사자의 안전과 건강을 확보하기 위하여 다음 각 호의 사항을 이행하여야 한다.,Requirement.required_action,① 정부는 중대재해를 예방하여 시민과 종사자의 안전과 건강을 확보하기 위하여 다음 각 호의 사항을 이행하여야 한다.,Paragraph,cb2773347ed66da2e1bbd656a89ffac4c74bdaa8,sample rows returned: 10
requirement,requirement_evidence,PASS,27061eae-9afc-5ab6-bde8-f83dc48d016c,OBLIGATION,REPORTING_REQUIREMENT,중대재해 처벌 등에 관한 법률,제16조,,③ 정부는 제1항 및 제2항에 따른 중대재해 예방을 위한 조치 이행 등 상황 및 중대재해 예방사업 지원 현황을 반기별로 국회 소관 상임위원회에 보고하여야 한다.,Requirement.required_action,③ 정부는 제1항 및 제2항에 따른 중대재해 예방을 위한 조치 이행 등 상황 및 중대재해 예방사업 지원 현황을 반기별로 국회 소관 상임위원회에 보고하여야 한다.,Paragraph,cb2773347ed66da2e1bbd656a89ffac4c74bdaa8,sample rows returned: 10
requirement,requirement_evidence,PASS,fe1753c0-9e15-5414-b197-b4bfe856843a,OBLIGATION,SAFETY_STANDARD,산업안전보건법 시행규칙,제12조,,"② 제1항에 따라 관리자를 정수 이상으로 증원하게 하거나 교체하여 임명할 것을 명하는 경우에는 미리 사업주 및 해당 관리자의 의견을 듣거나 소명자료를 제출받아야 한다. 다만, 정당한 사유 없이 의견진술 또는 소명자료의 제출을 게을리한 경우에는 그렇지 않다.",Requirement.required_action,"② 제1항에 따라 관리자를 정수 이상으로 증원하게 하거나 교체하여 임명할 것을 명하는 경우에는 미리 사업주 및 해당 관리자의 의견을 듣거나 소명자료를 제출받아야 한다. 다만, 정당한 사유 없이 의견진술 또는 소명자료의 제출을 게을리한 경우에는 그렇지 않다.",Paragraph,7f9c4b671701b9dece247f99ac36b2f335a2986b,sample rows returned: 10
threshold,threshold_evidence,PASS,1c5f7285-cd24-58a7-8fb4-b3a84d978109,THRESHOLD,HEADCOUNT,중대재해 처벌 등에 관한 법률,제3조,,제3조(적용범위) 상시 근로자가 5명 미만인 사업 또는 사업장의 사업주(개인사업주에 한정한다. 이하 같다) 또는 경영책임자등에게는 이 장의 규정을 적용하지 아니한다.,Threshold.raw_expression/value/unit,5명 미만,Paragraph,100a6a96f0657c4cc0db470261e9f9ac6bab773d,sample rows returned: 10
threshold,threshold_evidence,PASS,8c5f578f-0916-5962-894d-ff04d61d9941,PENALTY,PENALTY_IMPRISONMENT,중대재해 처벌 등에 관한 법률,제6조,,① 제4조 또는 제5조를 위반하여 제2조제2호가목의 중대산업재해에 이르게 한 사업주 또는 경영책임자등은 1년 이상의 징역 또는 10억원 이하의 벌금에 처한다. 이 경우 징역과 벌금을 병과할 수 있다.,Threshold.raw_expression/value/unit,10억원 이하,Paragraph,d02f22e754a8bd596b9ce34c6dbf30dcbb90de13,sample rows returned: 10
threshold,threshold_evidence,PASS,8c5f578f-0916-5962-894d-ff04d61d9941,PENALTY,PENALTY_IMPRISONMENT,중대재해 처벌 등에 관한 법률,제6조,,① 제4조 또는 제5조를 위반하여 제2조제2호가목의 중대산업재해에 이르게 한 사업주 또는 경영책임자등은 1년 이상의 징역 또는 10억원 이하의 벌금에 처한다. 이 경우 징역과 벌금을 병과할 수 있다.,Threshold.raw_expression/value/unit,1년 이상,Paragraph,d02f22e754a8bd596b9ce34c6dbf30dcbb90de13,sample rows returned: 10
threshold,threshold_evidence,PASS,f36a8b61-731a-503f-bca7-21e0c26f660a,PENALTY,PENALTY_IMPRISONMENT,중대재해 처벌 등에 관한 법률,제6조,,② 제4조 또는 제5조를 위반하여 제2조제2호나목 또는 다목의 중대산업재해에 이르게 한 사업주 또는 경영책임자등은 7년 이하의 징역 또는 1억원 이하의 벌금에 처한다.,Threshold.raw_expression/value/unit,1억원 이하,Paragraph,d02f22e754a8bd596b9ce34c6dbf30dcbb90de13,sample rows returned: 10
threshold,threshold_evidence,PASS,f36a8b61-731a-503f-bca7-21e0c26f660a,PENALTY,PENALTY_IMPRISONMENT,중대재해 처벌 등에 관한 법률,제6조,,② 제4조 또는 제5조를 위반하여 제2조제2호나목 또는 다목의 중대산업재해에 이르게 한 사업주 또는 경영책임자등은 7년 이하의 징역 또는 1억원 이하의 벌금에 처한다.,Threshold.raw_expression/value/unit,7년 이하,Paragraph,d02f22e754a8bd596b9ce34c6dbf30dcbb90de13,sample rows returned: 10
threshold,threshold_evidence,PASS,6cc18938-b0a5-5e5b-b3dd-800c8d814c05,PENALTY,UNKNOWN,중대재해 처벌 등에 관한 법률,제6조,,③ 제1항 또는 제2항의 죄로 형을 선고받고 그 형이 확정된 후 5년 이내에 다시 제1항 또는 제2항의 죄를 저지른 자는 각 항에서 정한 형의 2분의 1까지 가중한다.,Threshold.raw_expression/value/unit,5년 이내,Paragraph,d02f22e754a8bd596b9ce34c6dbf30dcbb90de13,sample rows returned: 10
threshold,threshold_evidence,PASS,01cbfcc5-7cf6-57ca-aeca-5fedf9d6f127,PENALTY,PENALTY_IMPRISONMENT,중대재해 처벌 등에 관한 법률,제10조,,① 제9조를 위반하여 제2조제3호가목의 중대시민재해에 이르게 한 사업주 또는 경영책임자등은 1년 이상의 징역 또는 10억원 이하의 벌금에 처한다. 이 경우 징역과 벌금을 병과할 수 있다.,Threshold.raw_expression/value/unit,10억원 이하,Paragraph,a74a32a852afc10f46c2c159628d46fd99720fd6,sample rows returned: 10
threshold,threshold_evidence,PASS,01cbfcc5-7cf6-57ca-aeca-5fedf9d6f127,PENALTY,PENALTY_IMPRISONMENT,중대재해 처벌 등에 관한 법률,제10조,,① 제9조를 위반하여 제2조제3호가목의 중대시민재해에 이르게 한 사업주 또는 경영책임자등은 1년 이상의 징역 또는 10억원 이하의 벌금에 처한다. 이 경우 징역과 벌금을 병과할 수 있다.,Threshold.raw_expression/value/unit,1년 이상,Paragraph,a74a32a852afc10f46c2c159628d46fd99720fd6,sample rows returned: 10
threshold,threshold_evidence,PASS,3034bfc7-855d-523b-a2d2-06d0e20b6725,PENALTY,PENALTY_IMPRISONMENT,중대재해 처벌 등에 관한 법률,제10조,,② 제9조를 위반하여 제2조제3호나목 또는 다목의 중대시민재해에 이르게 한 사업주 또는 경영책임자등은 7년 이하의 징역 또는 1억원 이하의 벌금에 처한다.,Threshold.raw_expression/value/unit,1억원 이하,Paragraph,a74a32a852afc10f46c2c159628d46fd99720fd6,sample rows returned: 10
threshold,threshold_evidence,PASS,3034bfc7-855d-523b-a2d2-06d0e20b6725,PENALTY,PENALTY_IMPRISONMENT,중대재해 처벌 등에 관한 법률,제10조,,② 제9조를 위반하여 제2조제3호나목 또는 다목의 중대시민재해에 이르게 한 사업주 또는 경영책임자등은 7년 이하의 징역 또는 1억원 이하의 벌금에 처한다.,Threshold.raw_expression/value/unit,7년 이하,Paragraph,a74a32a852afc10f46c2c159628d46fd99720fd6,sample rows returned: 10
exception,exception_evidence,PASS,1c5f7285-cd24-58a7-8fb4-b3a84d978109,THRESHOLD,HEADCOUNT,중대재해 처벌 등에 관한 법률,제3조,,제3조(적용범위) 상시 근로자가 5명 미만인 사업 또는 사업장의 사업주(개인사업주에 한정한다. 이하 같다) 또는 경영책임자등에게는 이 장의 규정을 적용하지 아니한다.,Exception.condition/effect/source_text,제3조(적용범위) 상시 근로자가 5명 미만인 사업 또는 사업장의 사업주(개인사업주에 한정한다. 이하 같다) 또는 경영책임자등에게는 이 장의 규정을 적용하지 아니한다.,Paragraph,100a6a96f0657c4cc0db470261e9f9ac6bab773d,sample rows returned: 10
exception,exception_evidence,PASS,014c4942-6b2c-5e27-a5c9-b3b1c0f78413,OBLIGATION,CORRECTIVE_MEASURE,중대재해 처벌 등에 관한 법률,제5조,,"제5조(도급, 용역, 위탁 등 관계에서의 안전 및 보건 확보의무) 사업주 또는 경영책임자등은 사업주나 법인 또는 기관이 제3자에게 도급, 용역, 위탁 등을 행한 경우에는 제3자의 종사자에게 중대산업재해가 발생하지 아니하도록 제4조의 조치를 하여야 한다. 다만, 사업주나 법인 또는 기관이 그 시설, 장비, 장소 등에 대하여 실질적으로 지배ㆍ운영ㆍ관리하는 책임이 있는 경우에 한정한다.",Exception.condition/effect/source_text,"사업주나 법인 또는 기관이 그 시설, 장비, 장소 등에 대하여 실질적으로 지배ㆍ운영ㆍ관리하는 책임이 있는 경우에 한정한다.",Paragraph,92869e797ef5f67a718714a16099f9b57e0f3d28,sample rows returned: 10
exception,exception_evidence,PASS,014c4942-6b2c-5e27-a5c9-b3b1c0f78413,OBLIGATION,CORRECTIVE_MEASURE,중대재해 처벌 등에 관한 법률,제5조,,"제5조(도급, 용역, 위탁 등 관계에서의 안전 및 보건 확보의무) 사업주 또는 경영책임자등은 사업주나 법인 또는 기관이 제3자에게 도급, 용역, 위탁 등을 행한 경우에는 제3자의 종사자에게 중대산업재해가 발생하지 아니하도록 제4조의 조치를 하여야 한다. 다만, 사업주나 법인 또는 기관이 그 시설, 장비, 장소 등에 대하여 실질적으로 지배ㆍ운영ㆍ관리하는 책임이 있는 경우에 한정한다.",Exception.condition/effect/source_text,"조의 조치를 하여야 한다. 다만, 사업주나 법인 또는 기관이 그 시설, 장비, 장소 등에 대하여 실질적으로 지배ㆍ운영ㆍ관리하는 책임이 있는 경우에 한정한다.",Paragraph,92869e797ef5f67a718714a16099f9b57e0f3d28,sample rows returned: 10
exception,exception_evidence,PASS,353cde78-8164-52da-a217-8d6de93a253f,OBLIGATION,CORRECTIVE_MEASURE,중대재해 처벌 등에 관한 법률,제9조,,"③ 사업주 또는 경영책임자등은 사업주나 법인 또는 기관이 공중이용시설 또는 공중교통수단과 관련하여 제3자에게 도급, 용역, 위탁 등을 행한 경우에는 그 이용자 또는 그 밖의 사람의 생명, 신체의 안전을 위하여 제2항의 조치를 하여야 한다. 다만, 사업주나 법인 또는 기관이 그 시설, 장비, 장소 등에 대하여 실질적으로 지배ㆍ운영ㆍ관리하는 책임이 있는 경우에 한정한다.",Exception.condition/effect/source_text,"사업주나 법인 또는 기관이 그 시설, 장비, 장소 등에 대하여 실질적으로 지배ㆍ운영ㆍ관리하는 책임이 있는 경우에 한정한다.",Paragraph,cc882a48ea9a913b24127b99fe0e8bec11b5af62,sample rows returned: 10
exception,exception_evidence,PASS,353cde78-8164-52da-a217-8d6de93a253f,OBLIGATION,CORRECTIVE_MEASURE,중대재해 처벌 등에 관한 법률,제9조,,"③ 사업주 또는 경영책임자등은 사업주나 법인 또는 기관이 공중이용시설 또는 공중교통수단과 관련하여 제3자에게 도급, 용역, 위탁 등을 행한 경우에는 그 이용자 또는 그 밖의 사람의 생명, 신체의 안전을 위하여 제2항의 조치를 하여야 한다. 다만, 사업주나 법인 또는 기관이 그 시설, 장비, 장소 등에 대하여 실질적으로 지배ㆍ운영ㆍ관리하는 책임이 있는 경우에 한정한다.",Exception.condition/effect/source_text,"항의 조치를 하여야 한다. 다만, 사업주나 법인 또는 기관이 그 시설, 장비, 장소 등에 대하여 실질적으로 지배ㆍ운영ㆍ관리하는 책임이 있는 경우에 한정한다.",Paragraph,cc882a48ea9a913b24127b99fe0e8bec11b5af62,sample rows returned: 10
exception,exception_evidence,PASS,cd3a786f-ee09-5cd4-bc98-f0498137e8f1,PENALTY,UNKNOWN,중대재해 처벌 등에 관한 법률,제15조,,"① 사업주 또는 경영책임자등이 고의 또는 중대한 과실로 이 법에서 정한 의무를 위반하여 중대재해를 발생하게 한 경우 해당 사업주, 법인 또는 기관이 중대재해로 손해를 입은 사람에 대하여 그 손해액의 5배를 넘지 아니하는 범위에서 배상책임을 진다. 다만, 법인 또는 기관이 해당 업무에 관하여 상당한 주의와 감독을 게을리하지 아니한 경우에는 그러하지 아니하다.",Exception.condition/effect/source_text,법인 또는 기관이 해당 업무에 관하여 상당한 주의와 감독을 게을리하지 아니한 경우,Paragraph,ba1dd8cce1506f8fdb0e5b642ef5549af350ed49,sample rows returned: 10
exception,exception_evidence,PASS,74d7f17d-2b96-5eae-9919-ad5823146be1,DEFINITION,SAFETY_STANDARD,산업안전보건법 시행규칙,제12조,,"① 지방고용노동관서의 장은 다음 각 호의 어느 하나에 해당하는 사유가 발생한 경우에는 법 제17조제4항ㆍ제18조제4항 또는 제19조제3항에 따라 사업주에게 안전관리자ㆍ보건관리자 또는 안전보건관리담당자(이하 이 조에서 ""관리자""라 한다)를 정수 이상으로 증원하게 하거나 교체하여 임명할 것을 명할 수 있다. 다만, 제4호에 해당하는 경우로서 직업성 질병자 발생 당시 사업장에서 해당 화학적 인자(因子)를 사용하지 않은 경우에는 그렇지 않다. <개정 2021.11.19>",Exception.condition/effect/source_text,제4호에 해당하는 경우로서 직업성 질병자 발생 당시 사업장에서 해당 화학적 인자(因子)를 사용하지 않은 경우,Paragraph,7f9c4b671701b9dece247f99ac36b2f335a2986b,sample rows returned: 10
exception,exception_evidence,PASS,fe1753c0-9e15-5414-b197-b4bfe856843a,OBLIGATION,SAFETY_STANDARD,산업안전보건법 시행규칙,제12조,,"② 제1항에 따라 관리자를 정수 이상으로 증원하게 하거나 교체하여 임명할 것을 명하는 경우에는 미리 사업주 및 해당 관리자의 의견을 듣거나 소명자료를 제출받아야 한다. 다만, 정당한 사유 없이 의견진술 또는 소명자료의 제출을 게을리한 경우에는 그렇지 않다.",Exception.condition/effect/source_text,정당한 사유 없이 의견진술 또는 소명자료의 제출을 게을리한 경우,Paragraph,7f9c4b671701b9dece247f99ac36b2f335a2986b,sample rows returned: 10
exception,exception_evidence,PASS,86bc5908-f3f6-591a-914d-8b51326ff75a,DELEGATION,DOCUMENT_REQUIREMENT,산업안전보건법 시행규칙,제16조,,① 안전관리전문기관 또는 보건관리전문기관으로 지정받으려는 자는 별지 제6호서식 또는 별지 제6호의2서식의 안전관리ㆍ보건관리전문기관 지정신청서에 다음 각 호의 구분에 따른 각 목의 서류를 첨부하여 고용노동부장관(영 제23조제1항에 따른 업종별ㆍ유해인자별 보건관리전문기관에 한정한다) 또는 업무를 수행하려는 주된 사무소의 소재지를 관할하는 지방고용노동청장(안전관리전문기관 및 영 제23조제1항에 따른 지역별 보건관리전문기관에 한정한다)에게 제출(전자문서로 제출하는 것을 포함한다)해야 한다. <개정 2024.6.28>,Exception.condition/effect/source_text,문기관 지정신청서에 다음 각 호의 구분에 따른 각 목의 서류를 첨부하여 고용노동부장관(영 제23조제1항에 따른 업종별ㆍ유해인자별 보건관리전문기관에 한정한다) 또는 업무를 수행하려는 주된 사무소의 소재지를 관할하는 지방고용노동청장(안전관리전문기관 및 영 제23조제1항에 따른 지역별 보건관리전문기관에,Paragraph,f1754867c61521a8f53dc63e3fe13f87d2ef8b92,sample rows returned: 10
exception,exception_evidence,PASS,ecf9c354-b781-55c3-8c42-18f32cc6a6e1,OBLIGATION,DOCUMENT_REQUIREMENT,산업안전보건법 시행규칙,제16조,,"② 제1항에 따른 신청서를 제출받은 고용노동부장관 또는 지방고용노동청장은 「전자정부법」 제36조제1항에 따른 행정정보의 공동이용을 통하여 법인등기사항증명서 및 국가기술자격증을 확인해야 한다. 다만, 신청인이 국가기술자격증의 확인에 동의하지 않는 경우에는 그 사본을 첨부하도록 해야 한다.",Exception.condition/effect/source_text,신청인이 국가기술자격증의 확인에 동의하지 않는 경우,Paragraph,f1754867c61521a8f53dc63e3fe13f87d2ef8b92,sample rows returned: 10
entity,entity_evidence,PASS,78ed21b3-2c19-5c6d-956f-15253d1cebc7,DEFINITION,UNKNOWN,산업안전보건법 시행령,,,사업의 종류: 10. 1차 금속 제조업,EntityType.entity_name,1차 금속 제조업,,,sample rows returned: 10
entity,entity_evidence,PASS,f435a783-8473-51f1-9447-5af604f3f0ef,DEFINITION,APPOINTMENT_REQUIREMENT,산업안전보건법 시행령,,,사업의 종류: 11. 1차 금속 제조업,EntityType.entity_name,1차 금속 제조업,,,sample rows returned: 10
entity,entity_evidence,PASS,912525c6-4e2b-51bf-88c6-b338e08d556d,QUALIFICATION,QUALIFICATION_REQUIREMENT,산업안전보건법 시행령,,,사업의 종류: 5. 1차 금속 제조업,EntityType.entity_name,1차 금속 제조업,,,sample rows returned: 10
entity,entity_evidence,PASS,77751b78-2e97-575d-959c-53927400fcd0,DEFINITION,APPOINTMENT_REQUIREMENT,산업안전보건법 시행령,,,사업의 종류: 12. 1차 금속 제조업,EntityType.entity_name,1차 금속 제조업,,,sample rows returned: 10
entity,entity_evidence,PASS,13646584-b4f4-5fcd-a683-a6f2e285511d,EXCLUSION,APPLICABILITY_RULE,산업안전보건법 시행령,,,대상 사업 또는 사업장: 가. 「광산안전법」 적용 사업(광업 중 광물의 채광·채굴·선광 또는 제련,EntityType.entity_name,「광산안전법」 적용 사업,,,sample rows returned: 10
entity,entity_evidence,PASS,75e1de22-778f-5e91-8372-9b9913ec3327,EXCLUSION,APPLICABILITY_RULE,산업안전보건법 시행령,,,대상 사업 또는 사업장: 라. 「선박안전법」 적용 사업(선박 및 보트 건조업은 제외한다),EntityType.entity_name,「선박안전법」 적용 사업,,,sample rows returned: 10
entity,entity_evidence,PASS,b78b1c54-23f4-59b6-88ff-164ee8a8a3b8,DEFINITION,UNKNOWN,산업안전보건법 시행령,,,사업의 종류: 18. 가구 제조업,EntityType.entity_name,가구 제조업,,,sample rows returned: 10
entity,entity_evidence,PASS,b9830d88-b7cd-58e5-8ccc-443287888d08,QUALIFICATION,APPOINTMENT_REQUIREMENT,산업안전보건법 시행령,,,사업의 종류: 19. 가구 제조업,EntityType.entity_name,가구 제조업,,,sample rows returned: 10
entity,entity_evidence,PASS,208d15ed-a612-5439-903b-25638668011d,DEFINITION,APPOINTMENT_REQUIREMENT,산업안전보건법 시행령,,,사업의 종류: 19. 가구 제조업,EntityType.entity_name,가구 제조업,,,sample rows returned: 10
entity,entity_evidence,PASS,425975fe-31f7-5bb3-aac0-a27319b5da1f,DEFINITION,APPOINTMENT_REQUIREMENT,산업안전보건법 시행령,,,사업의 종류: 45. 개인 및 소비용품수리업,EntityType.entity_name,개인 및 소비용품수리업,,,sample rows returned: 10
list,list_item_evidence,WARN,ce09af77-b6bf-5e22-9c15-a8baa4488de0,THRESHOLD,UNKNOWN,산업안전보건법 시행규칙,제4조,,① 고용노동부장관이 법 제8조제1항에 따라 관계 행정기관의 장 또는 「공공기관의 운영에 관한 법률」 제4조에 따른 공공기관의 장에게 협조를 요청할 수 있는 사항은 다음 각 호와 같다.,ListItem.item_text,10. 「건설기계관리법」 제3조 또는 「자동차관리법」 제5조에 따라 각각 등록한 건설기계 또는 자동차 중 법 제93조에 따라 안전검사를 받아야 하는 유해하거나 위험한 기계ㆍ기구ㆍ설비가 장착된 건설기계 또는 자동차에 관한 자료의 제공,,,sample rows returned: 10; direct HAS_LIST_ITEM coverage is intentionally limited to 31 relationships
list,list_item_evidence,WARN,64d1eb3e-56b6-5e81-ad86-61cff18647ba,THRESHOLD,UNKNOWN,산업안전보건법 시행규칙,제109조,,"① 법 제84조제1항에 따른 안전인증대상기계등(이하 ""안전인증대상기계등"" 이라 한다)이 다음 각 호의 어느 하나에 해당하는 경우에는 법 제84조제1항에 따른 안전인증을 전부 면제한다. <개정 2024.6.28>",ListItem.item_text,3. 「고압가스 안전관리법」 제17조제1항에 따른 검사를 받은 경우,,,sample rows returned: 10; direct HAS_LIST_ITEM coverage is intentionally limited to 31 relationships
list,list_item_evidence,WARN,64d1eb3e-56b6-5e81-ad86-61cff18647ba,THRESHOLD,UNKNOWN,산업안전보건법 시행규칙,제109조,,"① 법 제84조제1항에 따른 안전인증대상기계등(이하 ""안전인증대상기계등"" 이라 한다)이 다음 각 호의 어느 하나에 해당하는 경우에는 법 제84조제1항에 따른 안전인증을 전부 면제한다. <개정 2024.6.28>",ListItem.item_text,4. 「광산안전법」 제9조에 따른 검사 중 광업시설의 설치공사 또는 변경공사가 완료되었을 때에 받는 검사를 받은 경우,,,sample rows returned: 10; direct HAS_LIST_ITEM coverage is intentionally limited to 31 relationships
list,list_item_evidence,WARN,64d1eb3e-56b6-5e81-ad86-61cff18647ba,THRESHOLD,UNKNOWN,산업안전보건법 시행규칙,제109조,,"① 법 제84조제1항에 따른 안전인증대상기계등(이하 ""안전인증대상기계등"" 이라 한다)이 다음 각 호의 어느 하나에 해당하는 경우에는 법 제84조제1항에 따른 안전인증을 전부 면제한다. <개정 2024.6.28>",ListItem.item_text,6. 「선박안전법」 제7조에 따른 검사를 받은 경우,,,sample rows returned: 10; direct HAS_LIST_ITEM coverage is intentionally limited to 31 relationships
list,list_item_evidence,WARN,64d1eb3e-56b6-5e81-ad86-61cff18647ba,THRESHOLD,UNKNOWN,산업안전보건법 시행규칙,제109조,,"① 법 제84조제1항에 따른 안전인증대상기계등(이하 ""안전인증대상기계등"" 이라 한다)이 다음 각 호의 어느 하나에 해당하는 경우에는 법 제84조제1항에 따른 안전인증을 전부 면제한다. <개정 2024.6.28>",ListItem.item_text,7. 「에너지이용 합리화법」 제39조제1항 및 제2항에 따른 검사를 받은 경우,,,sample rows returned: 10; direct HAS_LIST_ITEM coverage is intentionally limited to 31 relationships
list,list_item_evidence,WARN,64d1eb3e-56b6-5e81-ad86-61cff18647ba,THRESHOLD,UNKNOWN,산업안전보건법 시행규칙,제109조,,"① 법 제84조제1항에 따른 안전인증대상기계등(이하 ""안전인증대상기계등"" 이라 한다)이 다음 각 호의 어느 하나에 해당하는 경우에는 법 제84조제1항에 따른 안전인증을 전부 면제한다. <개정 2024.6.28>",ListItem.item_text,8. 「원자력안전법」 제16조제1항에 따른 검사를 받은 경우,,,sample rows returned: 10; direct HAS_LIST_ITEM coverage is intentionally limited to 31 relationships
list,list_item_evidence,WARN,64d1eb3e-56b6-5e81-ad86-61cff18647ba,THRESHOLD,UNKNOWN,산업안전보건법 시행규칙,제109조,,"① 법 제84조제1항에 따른 안전인증대상기계등(이하 ""안전인증대상기계등"" 이라 한다)이 다음 각 호의 어느 하나에 해당하는 경우에는 법 제84조제1항에 따른 안전인증을 전부 면제한다. <개정 2024.6.28>",ListItem.item_text,9. 「위험물안전관리법」 제8조제1항 또는 제20조제3항에 따른 검사를 받은 경우,,,sample rows returned: 10; direct HAS_LIST_ITEM coverage is intentionally limited to 31 relationships
list,list_item_evidence,WARN,64d1eb3e-56b6-5e81-ad86-61cff18647ba,THRESHOLD,UNKNOWN,산업안전보건법 시행규칙,제109조,,"① 법 제84조제1항에 따른 안전인증대상기계등(이하 ""안전인증대상기계등"" 이라 한다)이 다음 각 호의 어느 하나에 해당하는 경우에는 법 제84조제1항에 따른 안전인증을 전부 면제한다. <개정 2024.6.28>",ListItem.item_text,10. 「전기사업법」 제63조 또는 「전기안전관리법」 제9조에 따른 검사를 받은 경우,,,sample rows returned: 10; direct HAS_LIST_ITEM coverage is intentionally limited to 31 relationships
list,list_item_evidence,WARN,64d1eb3e-56b6-5e81-ad86-61cff18647ba,THRESHOLD,UNKNOWN,산업안전보건법 시행규칙,제109조,,"① 법 제84조제1항에 따른 안전인증대상기계등(이하 ""안전인증대상기계등"" 이라 한다)이 다음 각 호의 어느 하나에 해당하는 경우에는 법 제84조제1항에 따른 안전인증을 전부 면제한다. <개정 2024.6.28>",ListItem.item_text,11. 「항만법」 제33조제1항제1호ㆍ제2호 및 제4호에 따른 검사를 받은 경우,,,sample rows returned: 10; direct HAS_LIST_ITEM coverage is intentionally limited to 31 relationships
list,list_item_evidence,WARN,58a8354c-609a-50ea-8e34-3a1ff7f749fb,THRESHOLD,STANDARD,산업안전보건법 시행규칙,제109조,,"② 안전인증대상기계등이 다음 각 호의 어느 하나에 해당하는 인증 또는 시험을 받았거나 그 일부 항목이 법 제83조제1항에 따른 안전인증기준(이하 ""안전인증기준""이라 한다)과 같은 수준 이상인 것으로 인정되는 경우에는 해당 인증 또는 시험이나 그 일부 항목에 한정하여 법 제84조제1항에 따른 안전인증을 면제한다.",ListItem.item_text,3. 「국가표준기본법」에 따른 시험ㆍ검사기관에서 실시하는 시험을 받은 경우,,,sample rows returned: 10; direct HAS_LIST_ITEM coverage is intentionally limited to 31 relationships
unlinked,unlinked_list_item_source_evidence,PASS,,,,산업안전보건법 시행규칙,제126조,,① 법 제93조제3항에 따른 안전검사대상기계등의 안전검사 주기는 다음 각 호와 같다. <개정 2024.6.28>,ListItem.source metadata,① 법 제93조제3항에 따른 안전검사대상기계등의 안전검사 주기는 다음 각 호와 같다. <개정 2024.6.28>,,,sample rows returned: 20
unlinked,unlinked_list_item_source_evidence,PASS,,,,산업안전보건법 시행규칙,제128조,,"② 안전검사기관의 지정 신청에 관하여는 제16조제3항부터 제6항까지의 규정을 준용한다. 이 경우 ""고용노동부장관 또는 지방고용노동청장""은 ""고용노동부장관""으로, ""안전관리전문기관 또는 보건관리전문기관""은 ""안전검사기관""으로 본다.",ListItem.source metadata,"② 안전검사기관의 지정 신청에 관하여는 제16조제3항부터 제6항까지의 규정을 준용한다. 이 경우 ""고용노동부장관 또는 지방고용노동청장""은 ""고용노동부장관""으로, ""안전관리전문기관 또는 보건관리전문기관""은 ""안전검사기관""으로 본다.",,,sample rows returned: 20
unlinked,unlinked_list_item_source_evidence,PASS,,,,산업안전보건법 시행규칙,제129조,,"② 제1항에 따른 안전검사기관에 대한 평가 방법 및 평가 결과의 공개에 관한 사항은 제17조제2항부터 제8항까지의 규정을 준용한다. 이 경우 ""안전관리전문기관 또는 보건관리전문기관""은 ""안전검사기관""으로 본다.",ListItem.source metadata,"② 제1항에 따른 안전검사기관에 대한 평가 방법 및 평가 결과의 공개에 관한 사항은 제17조제2항부터 제8항까지의 규정을 준용한다. 이 경우 ""안전관리전문기관 또는 보건관리전문기관""은 ""안전검사기관""으로 본다.",,,sample rows returned: 20
unlinked,unlinked_list_item_source_evidence,PASS,,,,산업안전보건법 시행규칙,제133조,,"③ 자율안전검사기관의 지정을 위한 심사, 지정서의 발급ㆍ재발급, 지정사항의 변경 및 지정서의 반납 등에 관하여는 제16조제3항부터 제6항까지의 규정을 준용한다. 이 경우 ""고용노동부장관 또는 지방고용노동청장""은 ""지방고용노동청장""으로, ""안전관리전문기관 또는 보건관리전문기관""은 ""자율안전검사기관""으로 본다.",ListItem.source metadata,"③ 자율안전검사기관의 지정을 위한 심사, 지정서의 발급ㆍ재발급, 지정사항의 변경 및 지정서의 반납 등에 관하여는 제16조제3항부터 제6항까지의 규정을 준용한다. 이 경우 ""고용노동부장관 또는 지방고용노동청장""은 ""지방고용노동청장""으로, ""안전관리전문기관 또는 보건관리전문기관""은 ""자율안전검사기관""으로 본다.",,,sample rows returned: 20
unlinked,unlinked_list_item_source_evidence,PASS,,,,산업안전보건법 시행규칙,제134조,,"② 제1항에 따른 자율안전검사기관에 대한 평가 방법 및 평가 결과의 공개에 관한 사항은 제17조제2항부터 제8항까지의 규정을 준용한다. 이 경우 ""안전관리전문기관 또는 보건관리전문기관""은 ""자율안전검사기관""으로 본다.",ListItem.source metadata,"② 제1항에 따른 자율안전검사기관에 대한 평가 방법 및 평가 결과의 공개에 관한 사항은 제17조제2항부터 제8항까지의 규정을 준용한다. 이 경우 ""안전관리전문기관 또는 보건관리전문기관""은 ""자율안전검사기관""으로 본다.",,,sample rows returned: 20
unlinked,unlinked_list_item_source_evidence,PASS,,,,산업안전보건법 시행규칙,제198조,,② 제1항에 따른 제1차 검사항목 중 혈당ㆍγ-GTP 및 총콜레스테롤 검사는 고용노동부장관이 정하는 근로자에 대하여 실시한다.,ListItem.source metadata,② 제1항에 따른 제1차 검사항목 중 혈당ㆍγ-GTP 및 총콜레스테롤 검사는 고용노동부장관이 정하는 근로자에 대하여 실시한다.,,,sample rows returned: 20
unlinked,unlinked_list_item_source_evidence,PASS,,,,산업안전보건법 시행규칙,제198조,,"③ 제1항에 따른 검사 결과 질병의 확진이 곤란한 경우에는 제2차 건강진단을 받아야 하며, 제2차 건강진단의 범위, 검사항목, 방법 및 시기 등은 고용노동부장관이 정하여 고시한다.",ListItem.source metadata,"③ 제1항에 따른 검사 결과 질병의 확진이 곤란한 경우에는 제2차 건강진단을 받아야 하며, 제2차 건강진단의 범위, 검사항목, 방법 및 시기 등은 고용노동부장관이 정하여 고시한다.",,,sample rows returned: 20
unlinked,unlinked_list_item_source_evidence,PASS,,,,산업안전보건법 시행규칙,제198조,,④ 제196조 각 호 및 제200조 각 호에 따른 법령과 그 밖에 다른 법령에 따라 제1항부터 제3항까지의 규정에서 정한 검사항목과 같은 항목의 건강진단을 실시한 경우에는 해당 항목에 한정하여 제1항부터 제3항에 따른 검사를 생략할 수 있다.,ListItem.source metadata,④ 제196조 각 호 및 제200조 각 호에 따른 법령과 그 밖에 다른 법령에 따라 제1항부터 제3항까지의 규정에서 정한 검사항목과 같은 항목의 건강진단을 실시한 경우에는 해당 항목에 한정하여 제1항부터 제3항에 따른 검사를 생략할 수 있다.,,,sample rows returned: 20
unlinked,unlinked_list_item_source_evidence,PASS,,,,산업안전보건법 시행규칙,제198조,,"⑤ 제1항부터 제4항까지의 규정에서 정한 사항 외에 일반건강진단의 검사방법, 실시방법, 그 밖에 필요한 사항은 고용노동부장관이 정한다.",ListItem.source metadata,"⑤ 제1항부터 제4항까지의 규정에서 정한 사항 외에 일반건강진단의 검사방법, 실시방법, 그 밖에 필요한 사항은 고용노동부장관이 정한다.",,,sample rows returned: 20
unlinked,unlinked_list_item_source_evidence,PASS,,,,산업안전보건법 시행규칙,제206조,,"① 법 제130조에 따른 특수건강진단ㆍ배치전건강진단 및 수시건강진단의 검사항목은 제1차 검사항목과 제2차 검사항목으로 구분하며, 각 세부 검사항목은 별표 24와 같다.",ListItem.source metadata,"① 법 제130조에 따른 특수건강진단ㆍ배치전건강진단 및 수시건강진단의 검사항목은 제1차 검사항목과 제2차 검사항목으로 구분하며, 각 세부 검사항목은 별표 24와 같다.",,,sample rows returned: 20
unlinked,unlinked_list_item_source_evidence,PASS,,,,산업안전보건법 시행규칙,제206조,,"② 제1항에 따른 제1차 검사항목은 특수건강진단, 배치전건강진단 및 수시건강진단의 대상이 되는 근로자 모두에 대하여 실시한다.",ListItem.source metadata,"② 제1항에 따른 제1차 검사항목은 특수건강진단, 배치전건강진단 및 수시건강진단의 대상이 되는 근로자 모두에 대하여 실시한다.",,,sample rows returned: 20
unlinked,unlinked_list_item_source_evidence,PASS,,,,산업안전보건법 시행규칙,제206조,,④ 제196조 각 호 및 제200조 각 호에 따른 법령과 그 밖에 다른 법령에 따라 제1항 및 제2항에서 정한 검사항목과 같은 항목의 건강진단을 실시한 경우에는 해당 항목에 한정하여 제1항 및 제2항에 따른 검사를 생략할 수 있다.,ListItem.source metadata,④ 제196조 각 호 및 제200조 각 호에 따른 법령과 그 밖에 다른 법령에 따라 제1항 및 제2항에서 정한 검사항목과 같은 항목의 건강진단을 실시한 경우에는 해당 항목에 한정하여 제1항 및 제2항에 따른 검사를 생략할 수 있다.,,,sample rows returned: 20
unlinked,unlinked_list_item_source_evidence,PASS,,,,산업안전보건법 시행규칙,제206조,,"⑤ 제1항부터 제4항까지의 규정에서 정한 사항 외에 특수건강진단ㆍ배치전건강진단 및 수시건강진단의 검사방법, 실시방법, 그 밖에 필요한 사항은 고용노동부장관이 정한다.",ListItem.source metadata,"⑤ 제1항부터 제4항까지의 규정에서 정한 사항 외에 특수건강진단ㆍ배치전건강진단 및 수시건강진단의 검사방법, 실시방법, 그 밖에 필요한 사항은 고용노동부장관이 정한다.",,,sample rows returned: 20
unlinked,unlinked_list_item_source_evidence,PASS,,,,산업안전보건법 시행규칙,제207조,,② 임시건강진단의 검사항목은 별표 24에 따른 특수건강진단의 검사항목 중 전부 또는 일부와 건강진단 담당 의사가 필요하다고 인정하는 검사항목으로 한다.,ListItem.source metadata,② 임시건강진단의 검사항목은 별표 24에 따른 특수건강진단의 검사항목 중 전부 또는 일부와 건강진단 담당 의사가 필요하다고 인정하는 검사항목으로 한다.,,,sample rows returned: 20
unlinked,unlinked_list_item_source_evidence,PASS,,,,산업안전보건법 시행규칙,제207조,,"③ 제2항에서 정한 사항 외에 임시건강진단의 검사방법, 실시방법, 그 밖에 필요한 사항은 고용노동부장관이 정한다.",ListItem.source metadata,"③ 제2항에서 정한 사항 외에 임시건강진단의 검사방법, 실시방법, 그 밖에 필요한 사항은 고용노동부장관이 정한다.",,,sample rows returned: 20
unlinked,unlinked_list_item_source_evidence,PASS,,,,산업안전보건법 시행규칙,제221조,,"① 사업주는 법 제129조부터 제130조에 따른 건강진단 결과 유기화합물ㆍ금속류 등의 유해물질에 중독된 사람, 해당 유해물질에 중독될 우려가 있다고 의사가 인정하는 사람, 진폐의 소견이 있는 사람 또는 방사선에 피폭된 사람을 해당 유해물질 또는 방사선을 취급하거나 해당 유해물질의 분진ㆍ증기 또는 가스가 발산되는 업무 또는 해당 업무로 인하여 근로자의 건강을 악화시킬 우려가 있는 업무에 종사하도록 해서는 안 된다.",ListItem.source metadata,"① 사업주는 법 제129조부터 제130조에 따른 건강진단 결과 유기화합물ㆍ금속류 등의 유해물질에 중독된 사람, 해당 유해물질에 중독될 우려가 있다고 의사가 인정하는 사람, 진폐의 소견이 있는 사람 또는 방사선에 피폭된 사람을 해당 유해물질 또는 방사선을 취급하거나 해당 유해물질의 분진ㆍ증기 또는 가스가 발산되는 업무 또는 해당 업무로 인하여 근로자의 건강을 악화시킬 우려가 있는 업무에 종사하도록 해서는 안 된다.",,,sample rows returned: 20
unlinked,unlinked_list_item_source_evidence,PASS,,,,산업안전보건법,제93조,,"① 유해하거나 위험한 기계ㆍ기구ㆍ설비로서 대통령령으로 정하는 것(이하 ""안전검사대상기계등""이라 한다)을 사용하는 사업주(근로자를 사용하지 아니하고 사업을 하는 자를 포함한다. 이하 이 조, 제94조, 제95조 및 제98조에서 같다)는 안전검사대상기계등의 안전에 관한 성능이 고용노동부장관이 정하여 고시하는 검사기준에 맞는지에 대하여 고용노동부장관이 실시하는 검사(이하 ""안전검사""라 한다)를 받아야 한다. 이 경우 안전검사대상기계등을 사용하는 사업주와 소유자가 다른 경우에는 안전검사대상기계등의 소유자가 안전검사를 받아야 한다.",ListItem.source metadata,"① 유해하거나 위험한 기계ㆍ기구ㆍ설비로서 대통령령으로 정하는 것(이하 ""안전검사대상기계등""이라 한다)을 사용하는 사업주(근로자를 사용하지 아니하고 사업을 하는 자를 포함한다. 이하 이 조, 제94조, 제95조 및 제98조에서 같다)는 안전검사대상기계등의 안전에 관한 성능이 고용노동부장관이 정하여 고시하는 검사기준에 맞는지에 대하여 고용노동부장관이 실시하는 검사(이하 ""안전검사""라 한다)를 받아야 한다. 이 경우 안전검사대상기계등을 사용하는 사업주와 소유자가 다른 경우에는 안전검사대상기계등의 소유자가 안전검사를 받아야 한다.",,,sample rows returned: 20
unlinked,unlinked_list_item_source_evidence,PASS,,,,산업안전보건법,제93조,,② 제1항에도 불구하고 안전검사대상기계등이 다른 법령에 따라 안전성에 관한 검사나 인증을 받은 경우로서 고용노동부령으로 정하는 경우에는 안전검사를 면제할 수 있다.,ListItem.source metadata,② 제1항에도 불구하고 안전검사대상기계등이 다른 법령에 따라 안전성에 관한 검사나 인증을 받은 경우로서 고용노동부령으로 정하는 경우에는 안전검사를 면제할 수 있다.,,,sample rows returned: 20
unlinked,unlinked_list_item_source_evidence,PASS,,,,산업안전보건법,제93조,,"③ 안전검사의 신청, 검사 주기 및 검사합격 표시방법, 그 밖에 필요한 사항은 고용노동부령으로 정한다. 이 경우 검사 주기는 안전검사대상기계등의 종류, 사용연한(使用年限) 및 위험성을 고려하여 정한다.",ListItem.source metadata,"③ 안전검사의 신청, 검사 주기 및 검사합격 표시방법, 그 밖에 필요한 사항은 고용노동부령으로 정한다. 이 경우 검사 주기는 안전검사대상기계등의 종류, 사용연한(使用年限) 및 위험성을 고려하여 정한다.",,,sample rows returned: 20
unlinked,unlinked_list_item_source_evidence,PASS,,,,산업안전보건법,제96조,,① 고용노동부장관은 안전검사 업무를 위탁받아 수행하는 기관을 안전검사기관으로 지정할 수 있다.,ListItem.source metadata,① 고용노동부장관은 안전검사 업무를 위탁받아 수행하는 기관을 안전검사기관으로 지정할 수 있다.,,,sample rows returned: 20
rule,rule_to_rule_reasoning,PASS,014c4942-6b2c-5e27-a5c9-b3b1c0f78413,OBLIGATION,CORRECTIVE_MEASURE,,,,"제5조(도급, 용역, 위탁 등 관계에서의 안전 및 보건 확보의무) 사업주 또는 경영책임자등은 사업주나 법인 또는 기관이 제3자에게 도급, 용역, 위탁 등을 행한 경우에는 제3자의 종사자에게 중대산업재해가 발생하지 아니하도록 제4조의 조치를 하여야 한다. 다만, 사업주나 법인 또는 기관이 그 시설, 장비, 장소 등에 대하여 실질적으로 지배ㆍ운영ㆍ관리하는 책임이 있는 경우에 한정한다.",RELATED_RULE.rel,,,,sample rows returned: 20
rule,rule_to_rule_reasoning,PASS,d21c11f2-4d5e-5caf-8063-9f5c18108e14,OBLIGATION,CORRECTIVE_MEASURE,,,,1. 재해예방에 필요한 인력 및 예산 등 안전보건관리체계의 구축 및 그 이행에 관한 조치,RELATED_RULE.rel,,,,sample rows returned: 20
rule,rule_to_rule_reasoning,PASS,07302138-a17a-5bf5-805f-d01e5c103458,OBLIGATION,CORRECTIVE_MEASURE,,,,2. 재해 발생 시 재발방지 대책의 수립 및 그 이행에 관한 조치,RELATED_RULE.rel,,,,sample rows returned: 20
rule,rule_to_rule_reasoning,PASS,f36a8b61-731a-503f-bca7-21e0c26f660a,PENALTY,PENALTY_IMPRISONMENT,,,,② 제4조 또는 제5조를 위반하여 제2조제2호나목 또는 다목의 중대산업재해에 이르게 한 사업주 또는 경영책임자등은 7년 이하의 징역 또는 1억원 이하의 벌금에 처한다.,RELATED_RULE.rel,,,,sample rows returned: 20
rule,rule_to_rule_reasoning,PASS,6cc18938-b0a5-5e5b-b3dd-800c8d814c05,PENALTY,UNKNOWN,,,,③ 제1항 또는 제2항의 죄로 형을 선고받고 그 형이 확정된 후 5년 이내에 다시 제1항 또는 제2항의 죄를 저지른 자는 각 항에서 정한 형의 2분의 1까지 가중한다.,RELATED_RULE.rel,,,,sample rows returned: 20
rule,rule_to_rule_reasoning,PASS,c1424f29-df53-5dc1-9efe-95647385b337,OBLIGATION,UNKNOWN,,,,"제12조(형 확정 사실의 통보) 법무부장관은 제6조, 제7조, 제10조 또는 제11조에 따른 범죄의 형이 확정되면 그 범죄사실을 관계 행정기관의 장에게 통보하여야 한다.",RELATED_RULE.rel,,,,sample rows returned: 20
rule,rule_to_rule_reasoning,PASS,2886f33f-33af-5692-8ec6-039230fef03c,PENALTY,PENALTY_FINE,,,,1. 제6조제1항의 경우: 50억원 이하의 벌금,RELATED_RULE.rel,,,,sample rows returned: 20
rule,rule_to_rule_reasoning,PASS,204ab3c7-3577-5cae-9b51-593967dc99f9,PENALTY,PENALTY_FINE,,,,2. 제6조제2항의 경우: 10억원 이하의 벌금,RELATED_RULE.rel,,,,sample rows returned: 20
rule,rule_to_rule_reasoning,PASS,8c5f578f-0916-5962-894d-ff04d61d9941,PENALTY,PENALTY_IMPRISONMENT,,,,① 제4조 또는 제5조를 위반하여 제2조제2호가목의 중대산업재해에 이르게 한 사업주 또는 경영책임자등은 1년 이상의 징역 또는 10억원 이하의 벌금에 처한다. 이 경우 징역과 벌금을 병과할 수 있다.,RELATED_RULE.rel,,,,sample rows returned: 20
rule,rule_to_rule_reasoning,PASS,6cc18938-b0a5-5e5b-b3dd-800c8d814c05,PENALTY,UNKNOWN,,,,③ 제1항 또는 제2항의 죄로 형을 선고받고 그 형이 확정된 후 5년 이내에 다시 제1항 또는 제2항의 죄를 저지른 자는 각 항에서 정한 형의 2분의 1까지 가중한다.,RELATED_RULE.rel,,,,sample rows returned: 20
rule,rule_to_rule_reasoning,PASS,c1424f29-df53-5dc1-9efe-95647385b337,OBLIGATION,UNKNOWN,,,,"제12조(형 확정 사실의 통보) 법무부장관은 제6조, 제7조, 제10조 또는 제11조에 따른 범죄의 형이 확정되면 그 범죄사실을 관계 행정기관의 장에게 통보하여야 한다.",RELATED_RULE.rel,,,,sample rows returned: 20
rule,rule_to_rule_reasoning,PASS,2886f33f-33af-5692-8ec6-039230fef03c,PENALTY,PENALTY_FINE,,,,1. 제6조제1항의 경우: 50억원 이하의 벌금,RELATED_RULE.rel,,,,sample rows returned: 20
rule,rule_to_rule_reasoning,PASS,204ab3c7-3577-5cae-9b51-593967dc99f9,PENALTY,PENALTY_FINE,,,,2. 제6조제2항의 경우: 10억원 이하의 벌금,RELATED_RULE.rel,,,,sample rows returned: 20
rule,rule_to_rule_reasoning,PASS,8c5f578f-0916-5962-894d-ff04d61d9941,PENALTY,PENALTY_IMPRISONMENT,,,,① 제4조 또는 제5조를 위반하여 제2조제2호가목의 중대산업재해에 이르게 한 사업주 또는 경영책임자등은 1년 이상의 징역 또는 10억원 이하의 벌금에 처한다. 이 경우 징역과 벌금을 병과할 수 있다.,RELATED_RULE.rel,,,,sample rows returned: 20
rule,rule_to_rule_reasoning,PASS,f36a8b61-731a-503f-bca7-21e0c26f660a,PENALTY,PENALTY_IMPRISONMENT,,,,② 제4조 또는 제5조를 위반하여 제2조제2호나목 또는 다목의 중대산업재해에 이르게 한 사업주 또는 경영책임자등은 7년 이하의 징역 또는 1억원 이하의 벌금에 처한다.,RELATED_RULE.rel,,,,sample rows returned: 20
rule,rule_to_rule_reasoning,PASS,c1424f29-df53-5dc1-9efe-95647385b337,OBLIGATION,UNKNOWN,,,,"제12조(형 확정 사실의 통보) 법무부장관은 제6조, 제7조, 제10조 또는 제11조에 따른 범죄의 형이 확정되면 그 범죄사실을 관계 행정기관의 장에게 통보하여야 한다.",RELATED_RULE.rel,,,,sample rows returned: 20
rule,rule_to_rule_reasoning,PASS,2886f33f-33af-5692-8ec6-039230fef03c,PENALTY,PENALTY_FINE,,,,1. 제6조제1항의 경우: 50억원 이하의 벌금,RELATED_RULE.rel,,,,sample rows returned: 20
rule,rule_to_rule_reasoning,PASS,204ab3c7-3577-5cae-9b51-593967dc99f9,PENALTY,PENALTY_FINE,,,,2. 제6조제2항의 경우: 10억원 이하의 벌금,RELATED_RULE.rel,,,,sample rows returned: 20
rule,rule_to_rule_reasoning,PASS,4c9a12a8-dd90-590e-b761-672cda5f79a8,PENALTY,EDUCATION_REQUIREMENT,,,,② 제1항의 안전보건교육을 정당한 사유 없이 이행하지 아니한 경우에는 5천만원 이하의 과태료를 부과한다.,RELATED_RULE.rel,,,,sample rows returned: 20
rule,rule_to_rule_reasoning,PASS,3f256160-c116-54bd-a6c7-714c04276fbd,DELEGATION,EDUCATION_REQUIREMENT,,,,① 중대산업재해가 발생한 법인 또는 기관의 경영책임자등은 대통령령으로 정하는 바에 따라 안전보건교육을 이수하여야 한다.,RELATED_RULE.rel,,,,sample rows returned: 20
source,source_node_resolution_evidence,PASS,0d3cf997-aa57-5891-8416-a45b43b1bb76,DEFINITION,CORRECTIVE_MEASURE,중대재해 처벌 등에 관한 법률,제1조,,"제1조(목적) 이 법은 사업 또는 사업장, 공중이용시설 및 공중교통수단을 운영하거나 인체에 해로운 원료나 제조물을 취급하면서 안전ㆍ보건 조치의무를 위반하여 인명피해를 발생하게 한 사업주, 경영책임자, 공무원 및 법인의 처벌 등을 규정함으로써 중대재해를 예방하고 시민과 종사자의 생명과 신체를 보호함을 목적으로 한다.",SourceNode.RESOLVES_TO anchor,,Paragraph,7dcb1c5094508f5431fac319dd77c8f796fbf2d9,sample rows returned: 20
source,source_node_resolution_evidence,PASS,1c5f7285-cd24-58a7-8fb4-b3a84d978109,THRESHOLD,HEADCOUNT,중대재해 처벌 등에 관한 법률,제3조,,제3조(적용범위) 상시 근로자가 5명 미만인 사업 또는 사업장의 사업주(개인사업주에 한정한다. 이하 같다) 또는 경영책임자등에게는 이 장의 규정을 적용하지 아니한다.,SourceNode.RESOLVES_TO anchor,,Paragraph,100a6a96f0657c4cc0db470261e9f9ac6bab773d,sample rows returned: 20
source,source_node_resolution_evidence,PASS,4d6b714d-5695-5896-8156-4438ef8877e2,THRESHOLD,CORRECTIVE_MEASURE,중대재해 처벌 등에 관한 법률,제4조,,① 사업주 또는 경영책임자등은 사업주나 법인 또는 기관이 실질적으로 지배ㆍ운영ㆍ관리하는 사업 또는 사업장에서 종사자의 안전ㆍ보건상 유해 또는 위험을 방지하기 위하여 그 사업 또는 사업장의 특성 및 규모 등을 고려하여 다음 각 호에 따른 조치를 하여야 한다.,SourceNode.RESOLVES_TO anchor,,Paragraph,6adff12319a4d7e0a751a82637484faa48340d94,sample rows returned: 20
source,source_node_resolution_evidence,PASS,014c4942-6b2c-5e27-a5c9-b3b1c0f78413,OBLIGATION,CORRECTIVE_MEASURE,중대재해 처벌 등에 관한 법률,제5조,,"제5조(도급, 용역, 위탁 등 관계에서의 안전 및 보건 확보의무) 사업주 또는 경영책임자등은 사업주나 법인 또는 기관이 제3자에게 도급, 용역, 위탁 등을 행한 경우에는 제3자의 종사자에게 중대산업재해가 발생하지 아니하도록 제4조의 조치를 하여야 한다. 다만, 사업주나 법인 또는 기관이 그 시설, 장비, 장소 등에 대하여 실질적으로 지배ㆍ운영ㆍ관리하는 책임이 있는 경우에 한정한다.",SourceNode.RESOLVES_TO anchor,,Paragraph,92869e797ef5f67a718714a16099f9b57e0f3d28,sample rows returned: 20
source,source_node_resolution_evidence,PASS,8c5f578f-0916-5962-894d-ff04d61d9941,PENALTY,PENALTY_IMPRISONMENT,중대재해 처벌 등에 관한 법률,제6조,,① 제4조 또는 제5조를 위반하여 제2조제2호가목의 중대산업재해에 이르게 한 사업주 또는 경영책임자등은 1년 이상의 징역 또는 10억원 이하의 벌금에 처한다. 이 경우 징역과 벌금을 병과할 수 있다.,SourceNode.RESOLVES_TO anchor,,Paragraph,d02f22e754a8bd596b9ce34c6dbf30dcbb90de13,sample rows returned: 20
source,source_node_resolution_evidence,PASS,f36a8b61-731a-503f-bca7-21e0c26f660a,PENALTY,PENALTY_IMPRISONMENT,중대재해 처벌 등에 관한 법률,제6조,,② 제4조 또는 제5조를 위반하여 제2조제2호나목 또는 다목의 중대산업재해에 이르게 한 사업주 또는 경영책임자등은 7년 이하의 징역 또는 1억원 이하의 벌금에 처한다.,SourceNode.RESOLVES_TO anchor,,Paragraph,d02f22e754a8bd596b9ce34c6dbf30dcbb90de13,sample rows returned: 20
source,source_node_resolution_evidence,PASS,6cc18938-b0a5-5e5b-b3dd-800c8d814c05,PENALTY,UNKNOWN,중대재해 처벌 등에 관한 법률,제6조,,③ 제1항 또는 제2항의 죄로 형을 선고받고 그 형이 확정된 후 5년 이내에 다시 제1항 또는 제2항의 죄를 저지른 자는 각 항에서 정한 형의 2분의 1까지 가중한다.,SourceNode.RESOLVES_TO anchor,,Paragraph,d02f22e754a8bd596b9ce34c6dbf30dcbb90de13,sample rows returned: 20
source,source_node_resolution_evidence,PASS,3f256160-c116-54bd-a6c7-714c04276fbd,DELEGATION,EDUCATION_REQUIREMENT,중대재해 처벌 등에 관한 법률,제8조,,① 중대산업재해가 발생한 법인 또는 기관의 경영책임자등은 대통령령으로 정하는 바에 따라 안전보건교육을 이수하여야 한다.,SourceNode.RESOLVES_TO anchor,,Paragraph,0ca724a85f2e9799570d8f082ea8105dade1f839,sample rows returned: 20
source,source_node_resolution_evidence,PASS,4c9a12a8-dd90-590e-b761-672cda5f79a8,PENALTY,EDUCATION_REQUIREMENT,중대재해 처벌 등에 관한 법률,제8조,,② 제1항의 안전보건교육을 정당한 사유 없이 이행하지 아니한 경우에는 5천만원 이하의 과태료를 부과한다.,SourceNode.RESOLVES_TO anchor,,Paragraph,0ca724a85f2e9799570d8f082ea8105dade1f839,sample rows returned: 20
source,source_node_resolution_evidence,PASS,0ccf6969-c3e7-5e67-9fc4-2eac1553a4ec,THRESHOLD,CORRECTIVE_MEASURE,중대재해 처벌 등에 관한 법률,제9조,,"① 사업주 또는 경영책임자등은 사업주나 법인 또는 기관이 실질적으로 지배ㆍ운영ㆍ관리하는 사업 또는 사업장에서 생산ㆍ제조ㆍ판매ㆍ유통 중인 원료나 제조물의 설계, 제조, 관리상의 결함으로 인한 그 이용자 또는 그 밖의 사람의 생명, 신체의 안전을 위하여 다음 각 호에 따른 조치를 하여야 한다.",SourceNode.RESOLVES_TO anchor,,Paragraph,cc882a48ea9a913b24127b99fe0e8bec11b5af62,sample rows returned: 20
source,source_node_resolution_evidence,PASS,2578ff74-9655-50e8-bfcb-de7dca5cf6d8,THRESHOLD,CORRECTIVE_MEASURE,중대재해 처벌 등에 관한 법률,제9조,,"② 사업주 또는 경영책임자등은 사업주나 법인 또는 기관이 실질적으로 지배ㆍ운영ㆍ관리하는 공중이용시설 또는 공중교통수단의 설계, 설치, 관리상의 결함으로 인한 그 이용자 또는 그 밖의 사람의 생명, 신체의 안전을 위하여 다음 각 호에 따른 조치를 하여야 한다.",SourceNode.RESOLVES_TO anchor,,Paragraph,cc882a48ea9a913b24127b99fe0e8bec11b5af62,sample rows returned: 20
source,source_node_resolution_evidence,PASS,353cde78-8164-52da-a217-8d6de93a253f,OBLIGATION,CORRECTIVE_MEASURE,중대재해 처벌 등에 관한 법률,제9조,,"③ 사업주 또는 경영책임자등은 사업주나 법인 또는 기관이 공중이용시설 또는 공중교통수단과 관련하여 제3자에게 도급, 용역, 위탁 등을 행한 경우에는 그 이용자 또는 그 밖의 사람의 생명, 신체의 안전을 위하여 제2항의 조치를 하여야 한다. 다만, 사업주나 법인 또는 기관이 그 시설, 장비, 장소 등에 대하여 실질적으로 지배ㆍ운영ㆍ관리하는 책임이 있는 경우에 한정한다.",SourceNode.RESOLVES_TO anchor,,Paragraph,cc882a48ea9a913b24127b99fe0e8bec11b5af62,sample rows returned: 20
source,source_node_resolution_evidence,PASS,6c9e99b6-c632-5250-b5ba-471a78ecb297,DELEGATION,CORRECTIVE_MEASURE,중대재해 처벌 등에 관한 법률,제9조,,④ 제1항제1호ㆍ제4호 및 제2항제1호ㆍ제4호의 조치에 관한 구체적인 사항은 대통령령으로 정한다.,SourceNode.RESOLVES_TO anchor,,Paragraph,cc882a48ea9a913b24127b99fe0e8bec11b5af62,sample rows returned: 20
source,source_node_resolution_evidence,PASS,01cbfcc5-7cf6-57ca-aeca-5fedf9d6f127,PENALTY,PENALTY_IMPRISONMENT,중대재해 처벌 등에 관한 법률,제10조,,① 제9조를 위반하여 제2조제3호가목의 중대시민재해에 이르게 한 사업주 또는 경영책임자등은 1년 이상의 징역 또는 10억원 이하의 벌금에 처한다. 이 경우 징역과 벌금을 병과할 수 있다.,SourceNode.RESOLVES_TO anchor,,Paragraph,a74a32a852afc10f46c2c159628d46fd99720fd6,sample rows returned: 20
source,source_node_resolution_evidence,PASS,3034bfc7-855d-523b-a2d2-06d0e20b6725,PENALTY,PENALTY_IMPRISONMENT,중대재해 처벌 등에 관한 법률,제10조,,② 제9조를 위반하여 제2조제3호나목 또는 다목의 중대시민재해에 이르게 한 사업주 또는 경영책임자등은 7년 이하의 징역 또는 1억원 이하의 벌금에 처한다.,SourceNode.RESOLVES_TO anchor,,Paragraph,a74a32a852afc10f46c2c159628d46fd99720fd6,sample rows returned: 20
source,source_node_resolution_evidence,PASS,c1424f29-df53-5dc1-9efe-95647385b337,OBLIGATION,UNKNOWN,중대재해 처벌 등에 관한 법률,제12조,,"제12조(형 확정 사실의 통보) 법무부장관은 제6조, 제7조, 제10조 또는 제11조에 따른 범죄의 형이 확정되면 그 범죄사실을 관계 행정기관의 장에게 통보하여야 한다.",SourceNode.RESOLVES_TO anchor,,Paragraph,679dd7bcab9d282e7754bfdf73c6e32d4b05ac57,sample rows returned: 20
source,source_node_resolution_evidence,PASS,494a2f79-1da7-542f-b528-ad0d2006f5bb,PROCEDURE,UNKNOWN,중대재해 처벌 등에 관한 법률,제13조,,"① 고용노동부장관은 제4조에 따른 의무를 위반하여 발생한 중대산업재해에 대하여 사업장의 명칭, 발생 일시와 장소, 재해의 내용 및 원인 등 그 발생사실을 공표할 수 있다.",SourceNode.RESOLVES_TO anchor,,Paragraph,ac77da46f272d199a4b6261522df28a1a9df1349,sample rows returned: 20
source,source_node_resolution_evidence,PASS,1076fa17-dd98-5b4c-9697-665c43caddaf,PROCEDURE,UNKNOWN,중대재해 처벌 등에 관한 법률,제14조,,① 이 법 위반 여부에 관한 형사재판에서 법원은 직권으로 「형사소송법」 제294조의2에 따라 피해자 또는 그 법정대리인(피해자가 사망하거나 진술할 수 없는 경우에는 그 배우자ㆍ직계친족ㆍ형제자매를 포함한다)을 증인으로 신문할 수 있다.,SourceNode.RESOLVES_TO anchor,,Paragraph,ef4f591f7d2c31a5542f2940855ba10c4120343e,sample rows returned: 20
source,source_node_resolution_evidence,PASS,40608493-36a0-52ad-a05e-a85b09891104,OBLIGATION,INSPECTION_REQUIREMENT,중대재해 처벌 등에 관한 법률,제14조,,"② 이 법 위반 여부에 관한 형사재판에서 법원은 검사, 피고인 또는 변호인의 신청이 있는 경우 특별한 사정이 없으면 해당 분야의 전문가를 전문심리위원으로 지정하여 소송절차에 참여하게 하여야 한다.",SourceNode.RESOLVES_TO anchor,,Paragraph,ef4f591f7d2c31a5542f2940855ba10c4120343e,sample rows returned: 20
source,source_node_resolution_evidence,PASS,cd3a786f-ee09-5cd4-bc98-f0498137e8f1,PENALTY,UNKNOWN,중대재해 처벌 등에 관한 법률,제15조,,"① 사업주 또는 경영책임자등이 고의 또는 중대한 과실로 이 법에서 정한 의무를 위반하여 중대재해를 발생하게 한 경우 해당 사업주, 법인 또는 기관이 중대재해로 손해를 입은 사람에 대하여 그 손해액의 5배를 넘지 아니하는 범위에서 배상책임을 진다. 다만, 법인 또는 기관이 해당 업무에 관하여 상당한 주의와 감독을 게을리하지 아니한 경우에는 그러하지 아니하다.",SourceNode.RESOLVES_TO anchor,,Paragraph,ba1dd8cce1506f8fdb0e5b642ef5549af350ed49,sample rows returned: 20
annex,annex_logical_row_cell,PASS,,,,,,건설업체 산업재해발생률 및 산업재해 발생 보고의무 위반건수의 산정 기준과 방법(제4조 관련),,Annex table logical row/cell,,,,sample rows returned: 20
annex,annex_logical_row_cell,PASS,,,,,,건설업체 산업재해발생률 및 산업재해 발생 보고의무 위반건수의 산정 기준과 방법(제4조 관련),,Annex table logical row/cell,,,,sample rows returned: 20
annex,annex_logical_row_cell,PASS,,,,,,건설업체 산업재해발생률 및 산업재해 발생 보고의무 위반건수의 산정 기준과 방법(제4조 관련),,Annex table logical row/cell,,,,sample rows returned: 20
annex,annex_logical_row_cell,PASS,,,,,,건설업체 산업재해발생률 및 산업재해 발생 보고의무 위반건수의 산정 기준과 방법(제4조 관련),,Annex table logical row/cell,,,,sample rows returned: 20
annex,annex_logical_row_cell,PASS,,,,,,건설업체 산업재해발생률 및 산업재해 발생 보고의무 위반건수의 산정 기준과 방법(제4조 관련),,Annex table logical row/cell,,,,sample rows returned: 20
annex,annex_logical_row_cell,PASS,,,,,,건설업체 산업재해발생률 및 산업재해 발생 보고의무 위반건수의 산정 기준과 방법(제4조 관련),,Annex table logical row/cell,,,,sample rows returned: 20
annex,annex_logical_row_cell,PASS,,,,,,건설업체 산업재해발생률 및 산업재해 발생 보고의무 위반건수의 산정 기준과 방법(제4조 관련),,Annex table logical row/cell,,,,sample rows returned: 20
annex,annex_logical_row_cell,PASS,,,,,,건설업체 산업재해발생률 및 산업재해 발생 보고의무 위반건수의 산정 기준과 방법(제4조 관련),,Annex table logical row/cell,,,,sample rows returned: 20
annex,annex_logical_row_cell,PASS,,,,,,건설업체 산업재해발생률 및 산업재해 발생 보고의무 위반건수의 산정 기준과 방법(제4조 관련),,Annex table logical row/cell,,,,sample rows returned: 20
annex,annex_logical_row_cell,PASS,,,,,,건설업체 산업재해발생률 및 산업재해 발생 보고의무 위반건수의 산정 기준과 방법(제4조 관련),,Annex table logical row/cell,,,,sample rows returned: 20
annex,annex_logical_row_cell,PASS,,,,,,건설업체 산업재해발생률 및 산업재해 발생 보고의무 위반건수의 산정 기준과 방법(제4조 관련),,Annex table logical row/cell,,,,sample rows returned: 20
annex,annex_logical_row_cell,PASS,,,,,,건설업체 산업재해발생률 및 산업재해 발생 보고의무 위반건수의 산정 기준과 방법(제4조 관련),,Annex table logical row/cell,,,,sample rows returned: 20
annex,annex_logical_row_cell,PASS,,,,,,건설업체 산업재해발생률 및 산업재해 발생 보고의무 위반건수의 산정 기준과 방법(제4조 관련),,Annex table logical row/cell,,,,sample rows returned: 20
annex,annex_logical_row_cell,PASS,,,,,,건설업체 산업재해발생률 및 산업재해 발생 보고의무 위반건수의 산정 기준과 방법(제4조 관련),,Annex table logical row/cell,,,,sample rows returned: 20
annex,annex_logical_row_cell,PASS,,,,,,건설업체 산업재해발생률 및 산업재해 발생 보고의무 위반건수의 산정 기준과 방법(제4조 관련),,Annex table logical row/cell,,,,sample rows returned: 20
annex,annex_logical_row_cell,PASS,,,,,,건설업체 산업재해발생률 및 산업재해 발생 보고의무 위반건수의 산정 기준과 방법(제4조 관련),,Annex table logical row/cell,,,,sample rows returned: 20
annex,annex_logical_row_cell,PASS,,,,,,건설업체 산업재해발생률 및 산업재해 발생 보고의무 위반건수의 산정 기준과 방법(제4조 관련),,Annex table logical row/cell,,,,sample rows returned: 20
annex,annex_logical_row_cell,PASS,,,,,,건설업체 산업재해발생률 및 산업재해 발생 보고의무 위반건수의 산정 기준과 방법(제4조 관련),,Annex table logical row/cell,,,,sample rows returned: 20
annex,annex_logical_row_cell,PASS,,,,,,건설업체 산업재해발생률 및 산업재해 발생 보고의무 위반건수의 산정 기준과 방법(제4조 관련),,Annex table logical row/cell,,,,sample rows returned: 20
annex,annex_logical_row_cell,PASS,,,,,,건설업체 산업재해발생률 및 산업재해 발생 보고의무 위반건수의 산정 기준과 방법(제4조 관련),,Annex table logical row/cell,,,,sample rows returned: 20
annex,annex_note,PASS,,,,,,안전보건교육 교육과정별 교육시간(제26조제1항 등 관련),,Annex note,,,,sample rows returned: 20
annex,annex_note,PASS,,,,,,안전보건교육 교육과정별 교육시간(제26조제1항 등 관련),,Annex note,,,,sample rows returned: 20
annex,annex_note,PASS,,,,,,안전보건교육 교육과정별 교육시간(제26조제1항 등 관련),,Annex note,,,,sample rows returned: 20
annex,annex_note,PASS,,,,,,안전보건표지의 종류와 형태(제38조제1항 관련),,Annex note,,,,sample rows returned: 20
annex,annex_note,PASS,,,,,,유해위험방지계획서 첨부서류(제42조제3항 관련),,Annex note,,,,sample rows returned: 20
annex,annex_note,PASS,,,,,,안전 및 보건에 관한 평가의 내용(제74조제2항 및 제78조제4항 관련),,Annex note,,,,sample rows returned: 20
annex,annex_note,PASS,,,,,,유해ㆍ위험기계등 제조사업 등의 지원 및 등록 요건(제137조 관련),,Annex note,,,,sample rows returned: 20
annex,annex_note,PASS,,,,,,유해ㆍ위험기계등 제조사업 등의 지원 및 등록 요건(제137조 관련),,Annex note,,,,sample rows returned: 20
annex,annex_note,PASS,,,,,,유해인자의 유해성ㆍ위험성 분류기준(제141조 관련),,Annex note,,,,sample rows returned: 20
annex,annex_note,PASS,,,,,,유해인자별 노출 농도의 허용기준(제145조제1항 관련),,Annex note,,,,sample rows returned: 20
annex,annex_note,PASS,,,,,,유해인자별 노출 농도의 허용기준(제145조제1항 관련),,Annex note,,,,sample rows returned: 20
annex,annex_note,PASS,,,,,,신규화학물질의 유해성ㆍ위험성 조사보고서 첨부서류(제147조제1항 관련),,Annex note,,,,sample rows returned: 20
annex,annex_note,PASS,,,,,,작업환경측정 대상 유해인자(제186조제1항 관련),,Annex note,,,,sample rows returned: 20
annex,annex_note,PASS,,,,,,휴게시설 설치ㆍ관리기준(제194조의2 관련),,Annex note,,,,sample rows returned: 20
annex,annex_note,PASS,,,,,,특수건강진단 대상 유해인자(제201조 관련),,Annex note,,,,sample rows returned: 20
annex,annex_note,PASS,,,,,,특수건강진단ㆍ배치전건강진단ㆍ수시건강진단의 검사항목(제206조 관련),,Annex note,,,,sample rows returned: 20
annex,annex_note,PASS,,,,,,특수건강진단ㆍ배치전건강진단ㆍ수시건강진단의 검사항목(제206조 관련),,Annex note,,,,sample rows returned: 20
annex,annex_note,PASS,,,,,,특수건강진단ㆍ배치전건강진단ㆍ수시건강진단의 검사항목(제206조 관련),,Annex note,,,,sample rows returned: 20
annex,annex_note,PASS,,,,,,특수건강진단ㆍ배치전건강진단ㆍ수시건강진단의 검사항목(제206조 관련),,Annex note,,,,sample rows returned: 20
annex,annex_note,PASS,,,,,,특수건강진단ㆍ배치전건강진단ㆍ수시건강진단의 검사항목(제206조 관련),,Annex note,,,,sample rows returned: 20
education,education_time_evidence,PASS,42bf34c7-614b-5694-a30f-8857bc82e7e0,DELEGATION,EDUCATION_REQUIREMENT,산업안전보건법 시행규칙,제31조,,③ 지방고용노동청장은 제1항에 따른 등록 신청이 영 제40조제1항 또는 제3항에 따른 등록 요건에 적합하다고 인정되면 그 신청서를 받은 날부터 20일 이내에 별지 제11호서식 또는 별지 제12호서식의 근로자안전보건교육기관 등록증 또는 직무교육기관 등록증을 신청인에게 발급해야 한다.,Education threshold evidence,20일 이내,,,sample rows returned: 20
education,education_time_evidence,PASS,a46c4811-0020-5eda-bbda-be481d476cb8,DELEGATION,EDUCATION_REQUIREMENT,산업안전보건법 시행규칙,제33조,,"④ 고용노동부장관은 제3항에 따른 보고를 받은 날부터 7일 이내에 등록 적합 여부를 공단에 통보해야 하고, 공단은 등록이 적합하다는 통보를 받은 경우 지체 없이 별지 제14호서식의 건설업 기초안전ㆍ보건교육기관 등록증을 신청인에게 발급해야 한다.",Education threshold evidence,7일 이내,,,sample rows returned: 20
education,education_time_evidence,PASS,f21cae16-aa4f-580b-a54d-c9b702f6ec57,PROCEDURE,EDUCATION_TIME,산업안전보건법 시행규칙,제231조,,"② 제1항에 따른 보수교육의 시간은 업무교육 및 직업윤리교육의 교육시간을 합산하여 총 20시간 이상으로 한다. 다만, 법 제145조제4항에 따른 지도사 등록의 갱신기간 동안 제230조제1항에 따른 지도실적이 2년 이상인 지도사의 교육시간은 10시간 이상으로 한다.",Education threshold evidence,20시간 이상,,,sample rows returned: 20
education,education_time_evidence,PASS,f21cae16-aa4f-580b-a54d-c9b702f6ec57,PROCEDURE,EDUCATION_TIME,산업안전보건법 시행규칙,제231조,,"② 제1항에 따른 보수교육의 시간은 업무교육 및 직업윤리교육의 교육시간을 합산하여 총 20시간 이상으로 한다. 다만, 법 제145조제4항에 따른 지도사 등록의 갱신기간 동안 제230조제1항에 따른 지도실적이 2년 이상인 지도사의 교육시간은 10시간 이상으로 한다.",Education threshold evidence,10시간 이상,,,sample rows returned: 20
education,education_time_evidence,PASS,f21cae16-aa4f-580b-a54d-c9b702f6ec57,PROCEDURE,EDUCATION_TIME,산업안전보건법 시행규칙,제231조,,"② 제1항에 따른 보수교육의 시간은 업무교육 및 직업윤리교육의 교육시간을 합산하여 총 20시간 이상으로 한다. 다만, 법 제145조제4항에 따른 지도사 등록의 갱신기간 동안 제230조제1항에 따른 지도실적이 2년 이상인 지도사의 교육시간은 10시간 이상으로 한다.",Education threshold evidence,2년 이상,,,sample rows returned: 20
education,education_time_evidence,PASS,6d3b4c9a-74f9-51da-82ad-f2bead90890f,OBLIGATION,EDUCATION_REQUIREMENT,산업안전보건법 시행규칙,제231조,,"③ 공단이 보수교육을 실시하였을 때에는 그 결과를 보수교육이 끝난 날부터 10일 이내에 고용노동부장관에게 보고해야 하며, 다음 각 호의 서류를 5년간 보존해야 한다.",Education threshold evidence,5년간,,,sample rows returned: 20
education,education_time_evidence,PASS,6d3b4c9a-74f9-51da-82ad-f2bead90890f,OBLIGATION,EDUCATION_REQUIREMENT,산업안전보건법 시행규칙,제231조,,"③ 공단이 보수교육을 실시하였을 때에는 그 결과를 보수교육이 끝난 날부터 10일 이내에 고용노동부장관에게 보고해야 하며, 다음 각 호의 서류를 5년간 보존해야 한다.",Education threshold evidence,10일 이내,,,sample rows returned: 20
education,education_time_evidence,PASS,fc3de849-e9c3-5685-847c-83ea02ebb050,PROCEDURE,EDUCATION_REQUIREMENT,산업안전보건법 시행규칙,제232조,,② 제1항에 따른 연수교육의 기간은 업무교육 및 실무수습 기간을 합산하여 3개월 이상으로 한다.,Education threshold evidence,3개월 이상,,,sample rows returned: 20
education,education_time_evidence,PASS,bc571e3b-e2e6-5f99-a662-906835de458c,OBLIGATION,EDUCATION_REQUIREMENT,산업안전보건법 시행규칙,제232조,,"③ 공단이 연수교육을 실시하였을 때에는 그 결과를 연수교육이 끝난 날부터 10일 이내에 고용노동부장관에게 보고해야 하며, 다음 각 호의 서류를 3년간 보존해야 한다.",Education threshold evidence,3년간,,,sample rows returned: 20
education,education_time_evidence,PASS,bc571e3b-e2e6-5f99-a662-906835de458c,OBLIGATION,EDUCATION_REQUIREMENT,산업안전보건법 시행규칙,제232조,,"③ 공단이 연수교육을 실시하였을 때에는 그 결과를 연수교육이 끝난 날부터 10일 이내에 고용노동부장관에게 보고해야 하며, 다음 각 호의 서류를 3년간 보존해야 한다.",Education threshold evidence,10일 이내,,,sample rows returned: 20
education,education_time_evidence,PASS,4a6071b3-8ded-5ce6-b9cb-0fec90127cdb,EXCLUSION,EDUCATION_REQUIREMENT,산업안전보건법 시행령,제97조,,② 제1항에도 불구하고 고용노동부장관은 법 제135조제1항에 따른 특수건강진단기관이 없는 시ㆍ군(「수도권정비계획법」 제2조제1호에 따른 수도권에 속하는 시는 제외한다) 또는 「제주특별자치도 설치 및 국제자유도시 조성을 위한 특별법」 제10조에 따른 행정시의 경우에는 고용노동부령으로 정하는 유해인자에 대하여 「건강검진기본법」 제3조제2호에 따른 건강검진기관 중 고용노동부령으로 정하는 건강검진기관으로서 해당 기관에 「의료법」에 따른 의사(특수건강진단과 관련하여 고용노동부장관이 정하는 교육을 이수한 의사를 말한다) 및 「간호법」에 ...,Education threshold evidence,1명 이상,,,sample rows returned: 20
education,education_time_evidence,PASS,cc2a5ecf-401f-55ab-aa9d-a7350bdf2062,DEFINITION,EDUCATION_REQUIREMENT,산업안전보건법 시행령,제107조,,"제107조(연수교육의 제외 대상) 법 제146조에서 ""대통령령으로 정하는 실무경력이 있는 사람""이란 산업안전 또는 산업보건 분야에서 5년 이상 실무에 종사한 경력이 있는 사람을 말한다.",Education threshold evidence,5년 이상,,,sample rows returned: 20
education,education_time_evidence,PASS,ea8c5333-56fa-50b4-9ad1-41e1c5c03059,OBLIGATION,EDUCATION_REQUIREMENT,중대재해 처벌 등에 관한 법률 시행령,제6조,,⑥ 고용노동부장관은 제5항에 따른 연기 요청을 받은 날부터 3일 이내에 연기 가능 여부를 교육대상자에게 통보해야 한다.,Education threshold evidence,3일 이내,,,sample rows returned: 20
education,education_time_evidence,PASS,1751c2b5-b8b8-5dc6-895e-8a047eea8da2,OBLIGATION,EDUCATION_TIME,산업안전보건법 시행규칙,제27조,,1. 「통계법」 제22조에 따라 통계청장이 고시한 한국표준산업분류의 세분류 중 같은 종류의 업종에 6개월 이상 근무한 경험이 있는 근로자를 이직 후 1년 이내에 채용하는 경우: 별표 4에서 정한 채용 시 교육시간의 100분의 50 이상,Education threshold evidence,1년 이내,,,sample rows returned: 20
education,education_time_evidence,PASS,1751c2b5-b8b8-5dc6-895e-8a047eea8da2,OBLIGATION,EDUCATION_TIME,산업안전보건법 시행규칙,제27조,,1. 「통계법」 제22조에 따라 통계청장이 고시한 한국표준산업분류의 세분류 중 같은 종류의 업종에 6개월 이상 근무한 경험이 있는 근로자를 이직 후 1년 이내에 채용하는 경우: 별표 4에서 정한 채용 시 교육시간의 100분의 50 이상,Education threshold evidence,6개월 이상,,,sample rows returned: 20
education,education_time_evidence,PASS,a4aa2672-22e5-5a7e-9d2f-9c9e2d350eb8,OBLIGATION,EDUCATION_TIME,산업안전보건법 시행규칙,제27조,,2. 별표 5의 특별교육 대상작업에 6개월 이상 근무한 경험이 있는 근로자가 다음 각 목의 어느 하나에 해당하는 경우: 별표 4에서 정한 특별교육 시간의 100분의 50 이상,Education threshold evidence,6개월 이상,,,sample rows returned: 20
education,education_time_evidence,PASS,0fd2302e-d003-5101-90e7-069541d8b5c5,DEFINITION,EDUCATION_REQUIREMENT,산업안전보건법 시행규칙,제130조,,4. 「고등교육법」 제2조에 따른 학교 중 수업연한이 4년인 학교(같은 법 및 다른 법령에 따라 이와 같은 수준 이상의 학력이 인정되는 학교를 포함한다)에서 기계ㆍ전기ㆍ전자ㆍ화공 또는 산업안전 분야의 관련 학과를 졸업한 후 해당 분야의 실무경력이 3년 이상인 사람,Education threshold evidence,3년 이상,,,sample rows returned: 20
education,education_time_evidence,PASS,a57133cc-5a33-554f-8ac3-a7f75b564779,DEFINITION,EDUCATION_REQUIREMENT,산업안전보건법 시행규칙,제130조,,5. 「고등교육법」에 따른 학교 중 제4호에 따른 학교 외의 학교(같은 법 및 다른 법령에 따라 이와 같은 수준 이상의 학력이 인정되는 학교를 포함한다)에서 기계ㆍ전기ㆍ전자ㆍ화공 또는 산업안전 분야의 관련 학과를 졸업한 후 해당 분야의 실무경력이 5년 이상인 사람,Education threshold evidence,5년 이상,,,sample rows returned: 20
education,education_time_evidence,PASS,1df497ec-782e-5ea5-a96a-3517c0b6c69d,DEFINITION,EDUCATION_REQUIREMENT,산업안전보건법 시행규칙,제130조,,6. 「초ㆍ중등교육법」 제2조제3호에 따른 고등학교ㆍ고등기술학교에서 기계ㆍ전기 또는 전자ㆍ화공 관련 학과를 졸업한 후 해당 분야의 실무경력이 7년 이상인 사람,Education threshold evidence,7년 이상,,,sample rows returned: 20
education,education_time_evidence,PASS,e1df8575-1d32-5408-a875-e4fd0d7c7209,DEFINITION,EDUCATION_REQUIREMENT,산업안전보건법 시행규칙,제130조,,"7. 법 제98조제1항에 따른 자율검사프로그램(이하 ""자율검사프로그램""이라 한다)에 따라 안전에 관한 성능검사 교육을 이수한 후 해당 분야의 실무경력이 1년 이상인 사람",Education threshold evidence,1년 이상,,,sample rows returned: 20
inspection,inspection_list_evidence,PASS,,,,산업안전보건기준에 관한 규칙,제231조,,③ 사업주는 제1항과 제2항에도 불구하고 방폭성능을 갖는 전기기계ㆍ기구에 대해서는 제1항의 상태 및 제2항 각 호의 조치를 하지 아니한 상태에서도 작동시킬 수 있다.,Inspection/ListItem evidence,③ 사업주는 제1항과 제2항에도 불구하고 방폭성능을 갖는 전기기계ㆍ기구에 대해서는 제1항의 상태 및 제2항 각 호의 조치를 하지 아니한 상태에서도 작동시킬 수 있다.,,,sample rows returned: 30
inspection,inspection_list_evidence,PASS,,,,산업안전보건법 시행규칙,제14조,,"2. 상하수도 설비, 침대, 냉난방시설, 외부 연락용 직통전화, 구급용구 등",Inspection/ListItem evidence,"2. 상하수도 설비, 침대, 냉난방시설, 외부 연락용 직통전화, 구급용구 등",,,sample rows returned: 30
inspection,inspection_list_evidence,PASS,,,,산업안전보건법 시행규칙,제94조,,1. 작업시작 전 기계ㆍ기구 등을 소유 또는 대여하는 자와 합동으로 안전점검 실시,Inspection/ListItem evidence,1. 작업시작 전 기계ㆍ기구 등을 소유 또는 대여하는 자와 합동으로 안전점검 실시,,,sample rows returned: 30
inspection,inspection_list_evidence,PASS,,,,산업안전보건법 시행규칙,제97조,,2. 가맹본부가 가맹점에 설비ㆍ기계 및 원자재 또는 상품 등을 설치하거나 공급하는 때에 제공,Inspection/ListItem evidence,2. 가맹본부가 가맹점에 설비ㆍ기계 및 원자재 또는 상품 등을 설치하거나 공급하는 때에 제공,,,sample rows returned: 30
inspection,inspection_list_evidence,PASS,,,,산업안전보건법 시행규칙,제100조,,4. 해당 기계등을 대여받은 자에게 제3호가목 및 다목에 따른 확인 결과를 알릴 것,Inspection/ListItem evidence,4. 해당 기계등을 대여받은 자에게 제3호가목 및 다목에 따른 확인 결과를 알릴 것,,,sample rows returned: 30
inspection,inspection_list_evidence,PASS,,,,산업안전보건법 시행규칙,제119조,,4. 국제전기기술위원회의 국제방폭전기기계ㆍ기구 상호인정제도에 따라 인증을 받은 경우,Inspection/ListItem evidence,4. 국제전기기술위원회의 국제방폭전기기계ㆍ기구 상호인정제도에 따라 인증을 받은 경우,,,sample rows returned: 30
inspection,inspection_list_evidence,PASS,,,,산업안전보건법 시행령,제22조,,① 보건관리자의 업무는 다음 각 호와 같다. 2. 안전인증대상기계등과 자율안전확인대상기계등 중 보건과 관련된 보호구(保護具) 구입 시 적격품 선정에 관한 보좌 및 지도ㆍ조언,Inspection/ListItem evidence,2. 안전인증대상기계등과 자율안전확인대상기계등 중 보건과 관련된 보호구(保護具) 구입 시 적격품 선정에 관한 보좌 및 지도ㆍ조언,,,sample rows returned: 30
inspection,inspection_list_evidence,PASS,,,,산업안전보건법 시행령,제22조,,① 보건관리자의 업무는 다음 각 호와 같다. 8. 작업장 내에서 사용되는 전체 환기장치 및 국소 배기장치 등에 관한 설비의 점검과 작업방법의 공학적 개선에 관한 보좌 및 지도ㆍ조언,Inspection/ListItem evidence,8. 작업장 내에서 사용되는 전체 환기장치 및 국소 배기장치 등에 관한 설비의 점검과 작업방법의 공학적 개선에 관한 보좌 및 지도ㆍ조언,,,sample rows returned: 30
inspection,inspection_list_evidence,PASS,,,,산업안전보건법 시행령,제25조,,6. 산업 안전ㆍ보건과 관련된 안전장치 및 보호구 구입 시 적격품 선정에 관한 보좌 및 지도ㆍ조언,Inspection/ListItem evidence,6. 산업 안전ㆍ보건과 관련된 안전장치 및 보호구 구입 시 적격품 선정에 관한 보좌 및 지도ㆍ조언,,,sample rows returned: 30
inspection,inspection_list_evidence,PASS,,,,산업안전보건법 시행령,제53조,,① 안전보건총괄책임자의 직무는 다음 각 호와 같다. 5. 안전인증대상기계등과 자율안전확인대상기계등의 사용 여부 확인,Inspection/ListItem evidence,5. 안전인증대상기계등과 자율안전확인대상기계등의 사용 여부 확인,,,sample rows returned: 30
inspection,inspection_list_evidence,PASS,,,,산업안전보건법 시행령,제53조의2,,2. 동력으로 작동하는 기계ㆍ설비 등에 끼일 우려가 있는 경우,Inspection/ListItem evidence,2. 동력으로 작동하는 기계ㆍ설비 등에 끼일 우려가 있는 경우,,,sample rows returned: 30
inspection,inspection_list_evidence,PASS,,,,산업안전보건법 시행령,제53조의2,,"3. 차량계 하역운반기계, 건설기계, 양중기(揚重機) 등 동력으로 작동하는 기계와 충돌할 우려가 있는 경우",Inspection/ListItem evidence,"3. 차량계 하역운반기계, 건설기계, 양중기(揚重機) 등 동력으로 작동하는 기계와 충돌할 우려가 있는 경우",,,sample rows returned: 30
inspection,inspection_list_evidence,PASS,,,,산업안전보건법 시행령,제53조의2,,6. 기계ㆍ기구 등이 넘어지거나 무너질 우려가 있는 경우,Inspection/ListItem evidence,6. 기계ㆍ기구 등이 넘어지거나 무너질 우려가 있는 경우,,,sample rows returned: 30
inspection,inspection_list_evidence,PASS,,,,산업안전보건법 시행령,제66조,,3. 항타기(해머나 동력을 사용하여 말뚝을 박는 기계) 및 항발기(박힌 말뚝을 빼내는 기계),Inspection/ListItem evidence,3. 항타기(해머나 동력을 사용하여 말뚝을 박는 기계) 및 항발기(박힌 말뚝을 빼내는 기계),,,sample rows returned: 30
inspection,inspection_list_evidence,PASS,,,,산업안전보건기준에 관한 규칙,제266조,,4. 예비용 설비를 설치하고 각각의 설비에 안전밸브등이 설치되어 있는 경우,Inspection/ListItem evidence,4. 예비용 설비를 설치하고 각각의 설비에 안전밸브등이 설치되어 있는 경우,,,sample rows returned: 30
inspection,inspection_list_evidence,PASS,,,,산업안전보건기준에 관한 규칙,제267조,,4. 공정설비가 있는 지역과 떨어진 인화성 가스 또는 인화성 액체 저장탱크에 안전밸브등이 설치될 때에 저장탱크에 냉각설비 또는 자동소화설비 등 안전상의 조치를 하였을 경우,Inspection/ListItem evidence,4. 공정설비가 있는 지역과 떨어진 인화성 가스 또는 인화성 액체 저장탱크에 안전밸브등이 설치될 때에 저장탱크에 냉각설비 또는 자동소화설비 등 안전상의 조치를 하였을 경우,,,sample rows returned: 30
inspection,inspection_list_evidence,PASS,,,,산업안전보건기준에 관한 규칙,제267조,,"5. 그 밖에 배출량이 적거나 배출 시 급격히 분산되어 재해의 우려가 없으며, 냉각설비 또는 자동소화설비를 설치하는 등 안전상의 조치를 하였을 경우",Inspection/ListItem evidence,"5. 그 밖에 배출량이 적거나 배출 시 급격히 분산되어 재해의 우려가 없으며, 냉각설비 또는 자동소화설비를 설치하는 등 안전상의 조치를 하였을 경우",,,sample rows returned: 30
inspection,inspection_list_evidence,PASS,,,,산업안전보건기준에 관한 규칙,제281조,,1. 건조설비의 바깥 면은 불연성 재료로 만들 것,Inspection/ListItem evidence,1. 건조설비의 바깥 면은 불연성 재료로 만들 것,,,sample rows returned: 30
inspection,inspection_list_evidence,PASS,,,,산업안전보건기준에 관한 규칙,제312조,,2. 환기설비가 정지된 후 재가동하는 경우 변전실등에 가스 등이 있는지를 확인할 수 있는 가스검지기 등 장비의 비치,Inspection/ListItem evidence,2. 환기설비가 정지된 후 재가동하는 경우 변전실등에 가스 등이 있는지를 확인할 수 있는 가스검지기 등 장비의 비치,,,sample rows returned: 30
inspection,inspection_list_evidence,PASS,,,,산업안전보건기준에 관한 규칙,제342조,,2. 굴착기계등의 운행경로 및 토석(土石) 적재장소의 출입방법을 정하여 관계 근로자에게 주지시킬 것,Inspection/ListItem evidence,2. 굴착기계등의 운행경로 및 토석(土石) 적재장소의 출입방법을 정하여 관계 근로자에게 주지시킬 것,,,sample rows returned: 30
inspection,inspection_list_evidence,PASS,,,,산업안전보건기준에 관한 규칙,제356조,,2. 해당 작업에 종사하는 근로자에게 소화설비의 설치장소 및 사용방법을 주지시킬 것,Inspection/ListItem evidence,2. 해당 작업에 종사하는 근로자에게 소화설비의 설치장소 및 사용방법을 주지시킬 것,,,sample rows returned: 30
inspection,inspection_list_evidence,PASS,,,,산업안전보건기준에 관한 규칙,제462조,,6. 시료의 채취 및 해당 작업에 사용된 기구 등의 처리,Inspection/ListItem evidence,6. 시료의 채취 및 해당 작업에 사용된 기구 등의 처리,,,sample rows returned: 30
inspection,inspection_list_evidence,PASS,,,,산업안전보건기준에 관한 규칙,제462조,,8. 보호구의 사용ㆍ점검ㆍ보관 및 청소,Inspection/ListItem evidence,8. 보호구의 사용ㆍ점검ㆍ보관 및 청소,,,sample rows returned: 30
inspection,inspection_list_evidence,PASS,,,,산업안전보건기준에 관한 규칙,제476조,,7. 보호구의 사용ㆍ점검ㆍ보관 및 청소,Inspection/ListItem evidence,7. 보호구의 사용ㆍ점검ㆍ보관 및 청소,,,sample rows returned: 30
inspection,inspection_list_evidence,PASS,,,,산업안전보건기준에 관한 규칙,제519조,,3. 진동 기계ㆍ기구 관리 및 사용 방법,Inspection/ListItem evidence,3. 진동 기계ㆍ기구 관리 및 사용 방법,,,sample rows returned: 30
inspection,inspection_list_evidence,PASS,,,,산업안전보건법 시행규칙,제50조,,① 영 제44조에 따라 공정안전보고서에 포함해야 할 세부내용은 다음 각 호와 같다. 1. 공정안전자료 마. 각종 건물ㆍ설비의 배치도,Inspection/ListItem evidence,마. 각종 건물ㆍ설비의 배치도,,,sample rows returned: 30
inspection,inspection_list_evidence,PASS,,,,산업안전보건법 시행규칙,제50조,,① 영 제44조에 따라 공정안전보고서에 포함해야 할 세부내용은 다음 각 호와 같다. 4. 비상조치계획 가. 비상조치를 위한 장비ㆍ인력 보유현황,Inspection/ListItem evidence,가. 비상조치를 위한 장비ㆍ인력 보유현황,,,sample rows returned: 30
inspection,inspection_list_evidence,PASS,,,,산업안전보건법 시행규칙,제107조,,2. 주요 구조 부분을 변경하는 경우 안전인증을 받아야 하는 기계 및 설비 나. 전단기 및 절곡기(折曲機),Inspection/ListItem evidence,나. 전단기 및 절곡기(折曲機),,,sample rows returned: 30
inspection,inspection_list_evidence,PASS,,,,산업안전보건법 시행규칙,제107조,,2. 주요 구조 부분을 변경하는 경우 안전인증을 받아야 하는 기계 및 설비 사. 사출성형기(射出成形機),Inspection/ListItem evidence,사. 사출성형기(射出成形機),,,sample rows returned: 30
inspection,inspection_list_evidence,PASS,,,,산업안전보건법 시행규칙,,안전인증 면제확인서,44 안전인증 면제확인서 면제 확인번호 인증번호 안전인증대상 기계ㆍ기구명,Inspection/ListItem evidence,면제 확인번호 인증번호 안전인증대상 기계ㆍ기구명,,,sample rows returned: 30
penalty,penalty_evidence,PASS,6e8834ea-c428-5ed4-bb08-8f2561b3270e,PENALTY,ADMINISTRATIVE_FINE,산업안전보건법,제175조,,② 다음 각 호의 어느 하나에 해당하는 자에게는 3천만원 이하의 과태료를 부과한다. <개정 2020.3.31>,Penalty source evidence,② 다음 각 호의 어느 하나에 해당하는 자에게는 3천만원 이하의 과태료를 부과한다. <개정 2020.3.31>,,,sample rows returned: 20
penalty,penalty_evidence,PASS,ece6913e-942d-57ec-bc8f-795a7afd3cb8,PENALTY,ADMINISTRATIVE_FINE,산업안전보건법,제175조,,"③ 다음 각 호의 어느 하나에 해당하는 자에게는 1천500만원 이하의 과태료를 부과한다. <개정 2020.3.31, 2021.8.17>",Penalty source evidence,"③ 다음 각 호의 어느 하나에 해당하는 자에게는 1천500만원 이하의 과태료를 부과한다. <개정 2020.3.31, 2021.8.17>",,,sample rows returned: 20
penalty,penalty_evidence,PASS,ef7cbe55-3d1f-5b52-bba9-80070a4f94c4,PENALTY,ADMINISTRATIVE_FINE,산업안전보건법,제175조,,"④ 다음 각 호의 어느 하나에 해당하는 자에게는 1천만원 이하의 과태료를 부과한다. <개정 2020.3.31, 2020.6.9, 2021.5.18, 2021.8.17>",Penalty source evidence,"④ 다음 각 호의 어느 하나에 해당하는 자에게는 1천만원 이하의 과태료를 부과한다. <개정 2020.3.31, 2020.6.9, 2021.5.18, 2021.8.17>",,,sample rows returned: 20
penalty,penalty_evidence,PASS,190526c9-5588-5fa9-9d3b-4ee0be5e01e5,PENALTY,ADMINISTRATIVE_FINE,산업안전보건법,제175조,,"⑤ 다음 각 호의 어느 하나에 해당하는 자에게는 500만원 이하의 과태료를 부과한다. <개정 2020.3.31, 2021.5.18>",Penalty source evidence,"⑤ 다음 각 호의 어느 하나에 해당하는 자에게는 500만원 이하의 과태료를 부과한다. <개정 2020.3.31, 2021.5.18>",,,sample rows returned: 20
penalty,penalty_evidence,PASS,ad0f9c08-317a-5ea7-91d1-a0c47be93d2c,PENALTY,ADMINISTRATIVE_FINE,산업안전보건법,제175조,,"⑥ 다음 각 호의 어느 하나에 해당하는 자에게는 300만원 이하의 과태료를 부과한다. <개정 2020.3.31, 2021.8.17>",Penalty source evidence,"⑥ 다음 각 호의 어느 하나에 해당하는 자에게는 300만원 이하의 과태료를 부과한다. <개정 2020.3.31, 2021.8.17>",,,sample rows returned: 20
penalty,penalty_evidence,PASS,039ae96e-8ac1-50bf-a87d-a51839231189,PENALTY,ADMINISTRATIVE_FINE,산업안전보건법,제175조,,⑦ 제1항부터 제6항까지의 규정에 따른 과태료는 대통령령으로 정하는 바에 따라 고용노동부장관이 부과ㆍ징수한다.,Penalty source evidence,⑦ 제1항부터 제6항까지의 규정에 따른 과태료는 대통령령으로 정하는 바에 따라 고용노동부장관이 부과ㆍ징수한다.,,,sample rows returned: 20
penalty,penalty_evidence,PASS,0e64d2f8-97ff-5011-b233-9eaa5cb783a9,PENALTY,ADMINISTRATIVE_FINE,산업안전보건법,제175조,,1. 제119조제2항에 따라 기관석면조사를 하지 아니하고 건축물 또는 설비를 철거하거나 해체한 자,Penalty source evidence,① 다음 각 호의 어느 하나에 해당하는 자에게는 5천만원 이하의 과태료를 부과한다. 1. 제119조제2항에 따라 기관석면조사를 하지 아니하고 건축물 또는 설비를 철거하거나 해체한 자,,,sample rows returned: 20
penalty,penalty_evidence,PASS,bfc70c1c-d992-55c2-959d-45aae703285c,PENALTY,ADMINISTRATIVE_FINE,산업안전보건법,제175조,,2. 제124조제3항을 위반하여 건축물 또는 설비를 철거하거나 해체한 자,Penalty source evidence,① 다음 각 호의 어느 하나에 해당하는 자에게는 5천만원 이하의 과태료를 부과한다. 2. 제124조제3항을 위반하여 건축물 또는 설비를 철거하거나 해체한 자,,,sample rows returned: 20
penalty,penalty_evidence,PASS,2ecffab9-17ef-5085-b1a1-28537635c8bf,PENALTY,ADMINISTRATIVE_FINE,산업안전보건법,제175조,,1. 제29조제3항(제166조의2에서 준용하는 경우를 포함한다) 또는 제79조제1항을 위반한 자,Penalty source evidence,② 다음 각 호의 어느 하나에 해당하는 자에게는 3천만원 이하의 과태료를 부과한다. <개정 2020.3.31> 1. 제29조제3항(제166조의2에서 준용하는 경우를 포함한다) 또는 제79조제1항을 위반한 자,,,sample rows returned: 20
penalty,penalty_evidence,PASS,9f688378-7660-5b0a-afaf-3d9dba5e4ab6,PENALTY,ADMINISTRATIVE_FINE,산업안전보건법,제175조,,3. 제141조제2항을 위반하여 정당한 사유 없이 역학조사를 거부ㆍ방해하거나 기피한 자,Penalty source evidence,"③ 다음 각 호의 어느 하나에 해당하는 자에게는 1천500만원 이하의 과태료를 부과한다. <개정 2020.3.31, 2021.8.17> 3. 제141조제2항을 위반하여 정당한 사유 없이 역학조사를 거부ㆍ방해하거나 기피한 자",,,sample rows returned: 20
penalty,penalty_evidence,PASS,4945e6f8-dc26-5869-b63f-4a8ecb0cc1d0,PENALTY,ADMINISTRATIVE_FINE,산업안전보건법,제175조,,4. 제141조제3항을 위반하여 역학조사 참석이 허용된 사람의 역학조사 참석을 거부하거나 방해한 자,Penalty source evidence,"③ 다음 각 호의 어느 하나에 해당하는 자에게는 1천500만원 이하의 과태료를 부과한다. <개정 2020.3.31, 2021.8.17> 4. 제141조제3항을 위반하여 역학조사 참석이 허용된 사람의 역학조사 참석을 거부하거나 방해한 자",,,sample rows returned: 20
penalty,penalty_evidence,PASS,3ae53433-5b24-58c0-a48a-b903235df0f2,PENALTY,ADMINISTRATIVE_FINE,산업안전보건법,제175조,,"3. 제41조제2항(제166조의2에서 준용하는 경우를 포함한다), 제42조제1항ㆍ제5항ㆍ제6항, 제44조제1항 전단, 제45조제2항, 제46조제1항, 제67조제1항ㆍ제2항, 제70조제1항, 제70조제2항 후단, 제71조제3항 후단, 제71조제4항, 제72조제1항ㆍ제3항ㆍ제5항(건설공사도급인만 해당한다), 제77조제1항, 제78조, 제85조제1항, 제93조제1항 전단, 제95조, 제99조제2항 또는 제107조제1항 각 호 외의 부분 본문을 위반한 자",Penalty source evidence,"④ 다음 각 호의 어느 하나에 해당하는 자에게는 1천만원 이하의 과태료를 부과한다. <개정 2020.3.31, 2020.6.9, 2021.5.18, 2021.8.17> 3. 제41조제2항(제166조의2에서 준용하는 경우를 포함한다), 제42조제1항ㆍ제5항ㆍ제6항, 제44조제1항 전단, 제45조제2항, 제46조제1항, 제67조제1항ㆍ제2항, 제70조제1항, 제70조제2항 후단, 제71조제3항 후단, 제71조제4항, 제72조제1항ㆍ제3항ㆍ제5항(건설공사도급인만 해당한다), 제77조제1항, 제78조, 제85조제1항, 제93조제1항 ...",,,sample rows returned: 20
penalty,penalty_evidence,PASS,54686bdd-6b6a-5cde-92f5-abd6d4256d77,PENALTY,ADMINISTRATIVE_FINE,산업안전보건법,제175조,,4. 제47조제1항 또는 제49조제1항에 따른 명령을 위반한 자,Penalty source evidence,"④ 다음 각 호의 어느 하나에 해당하는 자에게는 1천만원 이하의 과태료를 부과한다. <개정 2020.3.31, 2020.6.9, 2021.5.18, 2021.8.17> 4. 제47조제1항 또는 제49조제1항에 따른 명령을 위반한 자",,,sample rows returned: 20
penalty,penalty_evidence,PASS,70ac566d-8ce5-59af-b291-51b407679f30,PENALTY,ADMINISTRATIVE_FINE,산업안전보건법,제175조,,"2. 제17조제4항, 제18조제4항 또는 제19조제3항에 따른 명령을 위반한 자",Penalty source evidence,"⑤ 다음 각 호의 어느 하나에 해당하는 자에게는 500만원 이하의 과태료를 부과한다. <개정 2020.3.31, 2021.5.18> 2. 제17조제4항, 제18조제4항 또는 제19조제3항에 따른 명령을 위반한 자",,,sample rows returned: 20
penalty,penalty_evidence,PASS,76e6359e-7c55-543b-af46-b6a93d8346b1,PENALTY,ADMINISTRATIVE_FINE,산업안전보건법,제175조,,"3. 제34조 또는 제114조제1항을 위반하여 이 법 및 이 법에 따른 명령의 요지, 안전보건관리규정 또는 물질안전보건자료를 게시하지 아니하거나 갖추어 두지 아니한 자",Penalty source evidence,"⑤ 다음 각 호의 어느 하나에 해당하는 자에게는 500만원 이하의 과태료를 부과한다. <개정 2020.3.31, 2021.5.18> 3. 제34조 또는 제114조제1항을 위반하여 이 법 및 이 법에 따른 명령의 요지, 안전보건관리규정 또는 물질안전보건자료를 게시하지 아니하거나 갖추어 두지 아니한 자",,,sample rows returned: 20
penalty,penalty_evidence,PASS,0ee0df4e-58ef-545b-afdb-27b172200b9c,PENALTY,ADMINISTRATIVE_FINE,산업안전보건법,제175조,,4. 제53조제2항(제166조의2에서 준용하는 경우를 포함한다)을 위반하여 고용노동부장관으로부터 명령받은 사항을 게시하지 아니한 자,Penalty source evidence,"⑤ 다음 각 호의 어느 하나에 해당하는 자에게는 500만원 이하의 과태료를 부과한다. <개정 2020.3.31, 2021.5.18> 4. 제53조제2항(제166조의2에서 준용하는 경우를 포함한다)을 위반하여 고용노동부장관으로부터 명령받은 사항을 게시하지 아니한 자",,,sample rows returned: 20
penalty,penalty_evidence,PASS,9a04486f-d810-59e8-adb0-46a24ebd194b,PENALTY,ADMINISTRATIVE_FINE,산업안전보건법,제175조,,7. 제111조제1항을 위반하여 물질안전보건자료를 제공하지 아니한 자,Penalty source evidence,"⑤ 다음 각 호의 어느 하나에 해당하는 자에게는 500만원 이하의 과태료를 부과한다. <개정 2020.3.31, 2021.5.18> 7. 제111조제1항을 위반하여 물질안전보건자료를 제공하지 아니한 자",,,sample rows returned: 20
penalty,penalty_evidence,PASS,2d6be401-6d11-5ade-84a5-df76d89db06d,PENALTY,ADMINISTRATIVE_FINE,산업안전보건법,제175조,,10. 제112조제10항 각 호 외의 부분 후단을 위반하여 대체자료로 적힌 화학물질의 명칭 및 함유량 정보를 제공하지 아니한 자,Penalty source evidence,"⑤ 다음 각 호의 어느 하나에 해당하는 자에게는 500만원 이하의 과태료를 부과한다. <개정 2020.3.31, 2021.5.18> 10. 제112조제10항 각 호 외의 부분 후단을 위반하여 대체자료로 적힌 화학물질의 명칭 및 함유량 정보를 제공하지 아니한 자",,,sample rows returned: 20
penalty,penalty_evidence,PASS,b6b2b3e8-5b8e-5d49-8f84-fe36ae84f7dc,PENALTY,ADMINISTRATIVE_FINE,산업안전보건법,제175조,,11. 제113조제1항에 따라 선임된 자로서 같은 항 각 호의 업무를 거짓으로 수행한 자,Penalty source evidence,"⑤ 다음 각 호의 어느 하나에 해당하는 자에게는 500만원 이하의 과태료를 부과한다. <개정 2020.3.31, 2021.5.18> 11. 제113조제1항에 따라 선임된 자로서 같은 항 각 호의 업무를 거짓으로 수행한 자",,,sample rows returned: 20
penalty,penalty_evidence,PASS,45d182bc-a329-5596-ae0f-c702f0b60220,PENALTY,ADMINISTRATIVE_FINE,산업안전보건법,제175조,,14. 제125조제4항 또는 제132조제1항을 위반하여 근로자대표가 요구하였는데도 근로자대표를 참석시키지 아니한 자,Penalty source evidence,"⑤ 다음 각 호의 어느 하나에 해당하는 자에게는 500만원 이하의 과태료를 부과한다. <개정 2020.3.31, 2021.5.18> 14. 제125조제4항 또는 제132조제1항을 위반하여 근로자대표가 요구하였는데도 근로자대표를 참석시키지 아니한 자",,,sample rows returned: 20
applicability,applicability_exception_evidence,PASS,1c5f7285-cd24-58a7-8fb4-b3a84d978109,THRESHOLD,HEADCOUNT,중대재해 처벌 등에 관한 법률,제3조,,제3조(적용범위) 상시 근로자가 5명 미만인 사업 또는 사업장의 사업주(개인사업주에 한정한다. 이하 같다) 또는 경영책임자등에게는 이 장의 규정을 적용하지 아니한다.,Applicability/Exception evidence,5명 미만,,,sample rows returned: 20
applicability,applicability_exception_evidence,PASS,014c4942-6b2c-5e27-a5c9-b3b1c0f78413,OBLIGATION,CORRECTIVE_MEASURE,중대재해 처벌 등에 관한 법률,제5조,,"제5조(도급, 용역, 위탁 등 관계에서의 안전 및 보건 확보의무) 사업주 또는 경영책임자등은 사업주나 법인 또는 기관이 제3자에게 도급, 용역, 위탁 등을 행한 경우에는 제3자의 종사자에게 중대산업재해가 발생하지 아니하도록 제4조의 조치를 하여야 한다. 다만, 사업주나 법인 또는 기관이 그 시설, 장비, 장소 등에 대하여 실질적으로 지배ㆍ운영ㆍ관리하는 책임이 있는 경우에 한정한다.",Applicability/Exception evidence,"사업주나 법인 또는 기관이 그 시설, 장비, 장소 등에 대하여 실질적으로 지배ㆍ운영ㆍ관리하는 책임이 있는 경우에 한정한다.",,,sample rows returned: 20
applicability,applicability_exception_evidence,PASS,014c4942-6b2c-5e27-a5c9-b3b1c0f78413,OBLIGATION,CORRECTIVE_MEASURE,중대재해 처벌 등에 관한 법률,제5조,,"제5조(도급, 용역, 위탁 등 관계에서의 안전 및 보건 확보의무) 사업주 또는 경영책임자등은 사업주나 법인 또는 기관이 제3자에게 도급, 용역, 위탁 등을 행한 경우에는 제3자의 종사자에게 중대산업재해가 발생하지 아니하도록 제4조의 조치를 하여야 한다. 다만, 사업주나 법인 또는 기관이 그 시설, 장비, 장소 등에 대하여 실질적으로 지배ㆍ운영ㆍ관리하는 책임이 있는 경우에 한정한다.",Applicability/Exception evidence,"조의 조치를 하여야 한다. 다만, 사업주나 법인 또는 기관이 그 시설, 장비, 장소 등에 대하여 실질적으로 지배ㆍ운영ㆍ관리하는 책임이 있는 경우에 한정한다.",,,sample rows returned: 20
applicability,applicability_exception_evidence,PASS,353cde78-8164-52da-a217-8d6de93a253f,OBLIGATION,CORRECTIVE_MEASURE,중대재해 처벌 등에 관한 법률,제9조,,"③ 사업주 또는 경영책임자등은 사업주나 법인 또는 기관이 공중이용시설 또는 공중교통수단과 관련하여 제3자에게 도급, 용역, 위탁 등을 행한 경우에는 그 이용자 또는 그 밖의 사람의 생명, 신체의 안전을 위하여 제2항의 조치를 하여야 한다. 다만, 사업주나 법인 또는 기관이 그 시설, 장비, 장소 등에 대하여 실질적으로 지배ㆍ운영ㆍ관리하는 책임이 있는 경우에 한정한다.",Applicability/Exception evidence,"사업주나 법인 또는 기관이 그 시설, 장비, 장소 등에 대하여 실질적으로 지배ㆍ운영ㆍ관리하는 책임이 있는 경우에 한정한다.",,,sample rows returned: 20
applicability,applicability_exception_evidence,PASS,353cde78-8164-52da-a217-8d6de93a253f,OBLIGATION,CORRECTIVE_MEASURE,중대재해 처벌 등에 관한 법률,제9조,,"③ 사업주 또는 경영책임자등은 사업주나 법인 또는 기관이 공중이용시설 또는 공중교통수단과 관련하여 제3자에게 도급, 용역, 위탁 등을 행한 경우에는 그 이용자 또는 그 밖의 사람의 생명, 신체의 안전을 위하여 제2항의 조치를 하여야 한다. 다만, 사업주나 법인 또는 기관이 그 시설, 장비, 장소 등에 대하여 실질적으로 지배ㆍ운영ㆍ관리하는 책임이 있는 경우에 한정한다.",Applicability/Exception evidence,"항의 조치를 하여야 한다. 다만, 사업주나 법인 또는 기관이 그 시설, 장비, 장소 등에 대하여 실질적으로 지배ㆍ운영ㆍ관리하는 책임이 있는 경우에 한정한다.",,,sample rows returned: 20
applicability,applicability_exception_evidence,PASS,cd3a786f-ee09-5cd4-bc98-f0498137e8f1,PENALTY,UNKNOWN,중대재해 처벌 등에 관한 법률,제15조,,"① 사업주 또는 경영책임자등이 고의 또는 중대한 과실로 이 법에서 정한 의무를 위반하여 중대재해를 발생하게 한 경우 해당 사업주, 법인 또는 기관이 중대재해로 손해를 입은 사람에 대하여 그 손해액의 5배를 넘지 아니하는 범위에서 배상책임을 진다. 다만, 법인 또는 기관이 해당 업무에 관하여 상당한 주의와 감독을 게을리하지 아니한 경우에는 그러하지 아니하다.",Applicability/Exception evidence,법인 또는 기관이 해당 업무에 관하여 상당한 주의와 감독을 게을리하지 아니한 경우,,,sample rows returned: 20
applicability,applicability_exception_evidence,PASS,74d7f17d-2b96-5eae-9919-ad5823146be1,DEFINITION,SAFETY_STANDARD,산업안전보건법 시행규칙,제12조,,"① 지방고용노동관서의 장은 다음 각 호의 어느 하나에 해당하는 사유가 발생한 경우에는 법 제17조제4항ㆍ제18조제4항 또는 제19조제3항에 따라 사업주에게 안전관리자ㆍ보건관리자 또는 안전보건관리담당자(이하 이 조에서 ""관리자""라 한다)를 정수 이상으로 증원하게 하거나 교체하여 임명할 것을 명할 수 있다. 다만, 제4호에 해당하는 경우로서 직업성 질병자 발생 당시 사업장에서 해당 화학적 인자(因子)를 사용하지 않은 경우에는 그렇지 않다. <개정 2021.11.19>",Applicability/Exception evidence,제4호에 해당하는 경우로서 직업성 질병자 발생 당시 사업장에서 해당 화학적 인자(因子)를 사용하지 않은 경우,,,sample rows returned: 20
applicability,applicability_exception_evidence,PASS,fe1753c0-9e15-5414-b197-b4bfe856843a,OBLIGATION,SAFETY_STANDARD,산업안전보건법 시행규칙,제12조,,"② 제1항에 따라 관리자를 정수 이상으로 증원하게 하거나 교체하여 임명할 것을 명하는 경우에는 미리 사업주 및 해당 관리자의 의견을 듣거나 소명자료를 제출받아야 한다. 다만, 정당한 사유 없이 의견진술 또는 소명자료의 제출을 게을리한 경우에는 그렇지 않다.",Applicability/Exception evidence,정당한 사유 없이 의견진술 또는 소명자료의 제출을 게을리한 경우,,,sample rows returned: 20
applicability,applicability_exception_evidence,PASS,86bc5908-f3f6-591a-914d-8b51326ff75a,DELEGATION,DOCUMENT_REQUIREMENT,산업안전보건법 시행규칙,제16조,,① 안전관리전문기관 또는 보건관리전문기관으로 지정받으려는 자는 별지 제6호서식 또는 별지 제6호의2서식의 안전관리ㆍ보건관리전문기관 지정신청서에 다음 각 호의 구분에 따른 각 목의 서류를 첨부하여 고용노동부장관(영 제23조제1항에 따른 업종별ㆍ유해인자별 보건관리전문기관에 한정한다) 또는 업무를 수행하려는 주된 사무소의 소재지를 관할하는 지방고용노동청장(안전관리전문기관 및 영 제23조제1항에 따른 지역별 보건관리전문기관에 한정한다)에게 제출(전자문서로 제출하는 것을 포함한다)해야 한다. <개정 2024.6.28>,Applicability/Exception evidence,문기관 지정신청서에 다음 각 호의 구분에 따른 각 목의 서류를 첨부하여 고용노동부장관(영 제23조제1항에 따른 업종별ㆍ유해인자별 보건관리전문기관에 한정한다) 또는 업무를 수행하려는 주된 사무소의 소재지를 관할하는 지방고용노동청장(안전관리전문기관 및 영 제23조제1항에 따른 지역별 보건관리전문기관에,,,sample rows returned: 20
applicability,applicability_exception_evidence,PASS,ecf9c354-b781-55c3-8c42-18f32cc6a6e1,OBLIGATION,DOCUMENT_REQUIREMENT,산업안전보건법 시행규칙,제16조,,"② 제1항에 따른 신청서를 제출받은 고용노동부장관 또는 지방고용노동청장은 「전자정부법」 제36조제1항에 따른 행정정보의 공동이용을 통하여 법인등기사항증명서 및 국가기술자격증을 확인해야 한다. 다만, 신청인이 국가기술자격증의 확인에 동의하지 않는 경우에는 그 사본을 첨부하도록 해야 한다.",Applicability/Exception evidence,신청인이 국가기술자격증의 확인에 동의하지 않는 경우,,,sample rows returned: 20
applicability,applicability_exception_evidence,PASS,773b237a-3e08-5f77-a1b6-9dc780f3438c,OBLIGATION,DOCUMENT_REQUIREMENT,산업안전보건법 시행규칙,제31조,,"② 제1항에 따른 신청서를 제출받은 지방고용노동청장은 「전자정부법」 제36조제1항에 따른 행정정보의 공동이용을 통하여 다음 각 호의 서류를 확인해야 한다. 다만, 신청인이 제1호 및 제3호의 서류의 확인에 동의하지 않는 경우에는 해당 서류를 첨부하도록 해야 한다. <개정 2025.5.30>",Applicability/Exception evidence,신청인이 제1호 및 제3호의 서류의 확인에 동의하지 않는 경우,,,sample rows returned: 20
applicability,applicability_exception_evidence,PASS,9facb67f-ac0c-5a1b-9377-033b632da40e,OBLIGATION,DOCUMENT_REQUIREMENT,산업안전보건법 시행규칙,제33조,,"② 제1항에 따른 등록신청서를 제출받은 공단은 「전자정부법」 제36조제1항에 따른 행정정보의 공동이용을 통하여 다음 각 호의 서류를 확인해야 한다. 다만, 제1호 및 제3호의 서류의 경우 신청인이 그 확인에 동의하지 않으면 해당 서류를 첨부하도록 해야 한다. <개정 2025.5.30>",Applicability/Exception evidence,제1호 및 제3호의 서류의 경우 신청인이 그 확인에 동의하지 않으면 해당 서류를 첨부하도록 해야 한다. <개정 2025.5.30>,,,sample rows returned: 20
applicability,applicability_exception_evidence,PASS,e546e3a4-bb3b-50c1-b1b4-cd4dc2c860ab,DELEGATION,APPROVAL_PERMISSION,산업안전보건법 시행규칙,제33조,,"⑥ 제5항에 따른 등록 변경에 관하여는 제3항 및 제4항을 준용한다. 다만, 고용노동부장관이 정하는 경미한 사항의 경우 공단은 변경내용을 확인한 후 적합한 경우에는 지체 없이 등록사항을 변경하고, 등록증을 변경하여 발급(등록증의 기재사항에 변경이 있는 경우만 해당한다)할 수 있다.",Applicability/Exception evidence,고용노동부장관이 정하는 경미한 사항의 경우 공단은 변경내용을 확인한 후 적합한 경우,,,sample rows returned: 20
applicability,applicability_exception_evidence,PASS,a560bf65-75eb-5da1-9eee-82f8fe98b5f7,EXCLUSION,REPORTING_REQUIREMENT,산업안전보건법 시행규칙,제44조,,"① 공단은 제42조에 따른 유해위험방지계획서 및 그 첨부서류를 접수한 경우에는 접수일부터 15일 이내에 심사하여 사업주에게 그 결과를 알려야 한다. 다만, 제42조제6항에 따라 자체심사 및 확인업체가 유해위험방지계획서 자체심사서를 제출한 경우에는 심사를 하지 않을 수 있다.",Applicability/Exception evidence,15일 이내,,,sample rows returned: 20
applicability,applicability_exception_evidence,PASS,c5d8f9d2-88dd-525f-a0d0-cadbe21c0006,PROCEDURE,DOCUMENT_REQUIREMENT,산업안전보건법 시행규칙,제44조,,"③ 공단은 유해위험방지계획서 심사에 참여한 위원에게 수당과 여비를 지급할 수 있다. 다만, 소관 업무와 직접 관련되어 참여한 위원의 경우에는 그렇지 않다.",Applicability/Exception evidence,소관 업무와 직접 관련되어 참여한 위원의 경우,,,sample rows returned: 20
applicability,applicability_exception_evidence,PASS,f7fa5fcb-c078-572e-8125-bc064cbd4e38,EXCLUSION,DOCUMENT_REQUIREMENT,산업안전보건법 시행규칙,제46조,,"③ 제44조제4항에 따른 건설물ㆍ기계ㆍ기구 및 설비 또는 건설공사의 경우 사업주가 고용노동부장관이 정하는 요건을 갖춘 지도사에게 확인을 받고 별지 제22호서식에 따라 그 결과를 공단에 제출하면 공단은 제1항에 따른 확인에 필요한 현장방문을 지도사의 확인결과로 대체할 수 있다. 다만, 건설업의 경우 최근 2년간 사망재해(별표 1 제3호라목에 따른 재해는 제외한다)가 발생한 경우에는 그렇지 않다.",Applicability/Exception evidence,2년간,,,sample rows returned: 20
applicability,applicability_exception_evidence,PASS,23a21d27-2fa6-5015-8c47-53009fb3cdd8,EXCLUSION,APPLICABILITY_RULE,산업안전보건법 시행규칙,제47조,,"① 자체심사 및 확인업체의 사업주는 별표 11에 따라 해당 공사 준공 시까지 6개월 이내마다 제46조제1항 각 호의 사항에 관하여 자체확인을 해야 하며, 공단은 필요한 경우 해당 자체확인에 관하여 지도ㆍ조언할 수 있다. 다만, 그 공사 중 사망재해(별표 1 제3호라목에 따른 재해는 제외한다)가 발생한 경우에는 제46조제1항에 따른 공단의 확인을 받아야 한다.",Applicability/Exception evidence,6개월 이내,,,sample rows returned: 20
applicability,applicability_exception_evidence,PASS,909c11ab-1d98-5000-9c6c-a194f2a6265e,THRESHOLD,REPORTING_REQUIREMENT,산업안전보건법 시행규칙,제53조,,"① 공정안전보고서를 제출하여 심사를 받은 사업주는 법 제46조제2항에 따라 다음 각 호의 시기별로 공단의 확인을 받아야 한다. 다만, 화공안전 분야 산업안전지도사, 대학에서 조교수 이상으로 재직하고 있는 사람으로서 화공 관련 교과를 담당하고 있는 사람, 그 밖에 자격 및 관련 업무 경력 등을 고려하여 고용노동부장관이 정하여 고시하는 요건을 갖춘 사람에게 제50조제3호아목에 따른 자체감사를 하게 하고 그 결과를 공단에 제출한 경우에는 공단의 확인을 생략할 수 있다.",Applicability/Exception evidence,"화공안전 분야 산업안전지도사, 대학에서 조교수 이상으로 재직하고 있는 사람으로서 화공 관련 교과를 담당하고 있는 사람, 그 밖에 자격 및 관련 업무 경력 등을 고려하여 고용노동부장관이 정하여 고시하는 요건을 갖춘 사람에게 제50조제3호아목에 따른 자체감사를 하게 하고 그 결과를 공단에 제출한 경우",,,sample rows returned: 20
applicability,applicability_exception_evidence,PASS,1258ea0d-56d0-52eb-b450-4e2d233bef00,OBLIGATION,APPLICABILITY_RULE,산업안전보건법 시행규칙,제54조,,"② 고용노동부장관은 제1항에 따른 이행상태평가 후 4년마다 이행상태평가를 해야 한다. 다만, 다음 각 호의 어느 하나에 해당하는 경우에는 1년 또는 2년마다 이행상태평가를 할 수 있다.",Applicability/Exception evidence,다음 각 호의 어느 하나에 해당하는 경우,,,sample rows returned: 20
applicability,applicability_exception_evidence,PASS,895124ee-8ae1-5416-a92c-c876685d13b0,DEFINITION,CORRECTIVE_MEASURE,산업안전보건법 시행규칙,제69조,,"③ 지방고용노동관서의 장은 제1항에 따라 작업중지명령 해제를 요청받은 경우에는 근로감독관으로 하여금 안전ㆍ보건을 위하여 필요한 조치를 확인하도록 하고, 천재지변 등 불가피한 경우를 제외하고는 해제요청일 다음 날부터 4일 이내(토요일과 공휴일을 포함하되, 토요일과 공휴일이 연속하는 경우에는 3일까지만 포함한다)에 법 제55조제3항에 따른 작업중지해제 심의위원회(이하 ""심의위원회""라 한다)를 개최하여 심의한 후 해당조치가 완료되었다고 판단될 경우에는 즉시 작업중지명령을 해제해야 한다.",Applicability/Exception evidence,4일 이내,,,sample rows returned: 20
source,law_heading_article,PASS,,,,중대재해 처벌 등에 관한 법률,제1조,,,law_heading_article,제1장 총칙,,,sample rows returned: 20; actual Article property is article_no_display and text/title
source,law_heading_article,PASS,,,,중대재해 처벌 등에 관한 법률,제2조,,,law_heading_article,제1장 총칙,,,sample rows returned: 20; actual Article property is article_no_display and text/title
source,law_heading_article,PASS,,,,중대재해 처벌 등에 관한 법률,제3조,,,law_heading_article,제2장 중대산업재해,,,sample rows returned: 20; actual Article property is article_no_display and text/title
source,law_heading_article,PASS,,,,중대재해 처벌 등에 관한 법률,제4조,,,law_heading_article,제2장 중대산업재해,,,sample rows returned: 20; actual Article property is article_no_display and text/title
source,law_heading_article,PASS,,,,중대재해 처벌 등에 관한 법률,제5조,,,law_heading_article,제2장 중대산업재해,,,sample rows returned: 20; actual Article property is article_no_display and text/title
source,law_heading_article,PASS,,,,중대재해 처벌 등에 관한 법률,제6조,,,law_heading_article,제2장 중대산업재해,,,sample rows returned: 20; actual Article property is article_no_display and text/title
source,law_heading_article,PASS,,,,중대재해 처벌 등에 관한 법률,제7조,,,law_heading_article,제2장 중대산업재해,,,sample rows returned: 20; actual Article property is article_no_display and text/title
source,law_heading_article,PASS,,,,중대재해 처벌 등에 관한 법률,제8조,,,law_heading_article,제2장 중대산업재해,,,sample rows returned: 20; actual Article property is article_no_display and text/title
source,law_heading_article,PASS,,,,중대재해 처벌 등에 관한 법률,제9조,,,law_heading_article,제3장 중대시민재해,,,sample rows returned: 20; actual Article property is article_no_display and text/title
source,law_heading_article,PASS,,,,중대재해 처벌 등에 관한 법률,제10조,,,law_heading_article,제3장 중대시민재해,,,sample rows returned: 20; actual Article property is article_no_display and text/title
source,law_heading_article,PASS,,,,중대재해 처벌 등에 관한 법률,제11조,,,law_heading_article,제3장 중대시민재해,,,sample rows returned: 20; actual Article property is article_no_display and text/title
source,law_heading_article,PASS,,,,중대재해 처벌 등에 관한 법률,제12조,,,law_heading_article,제4장 보칙,,,sample rows returned: 20; actual Article property is article_no_display and text/title
source,law_heading_article,PASS,,,,중대재해 처벌 등에 관한 법률,제13조,,,law_heading_article,제4장 보칙,,,sample rows returned: 20; actual Article property is article_no_display and text/title
source,law_heading_article,PASS,,,,중대재해 처벌 등에 관한 법률,제14조,,,law_heading_article,제4장 보칙,,,sample rows returned: 20; actual Article property is article_no_display and text/title
source,law_heading_article,PASS,,,,중대재해 처벌 등에 관한 법률,제15조,,,law_heading_article,제4장 보칙,,,sample rows returned: 20; actual Article property is article_no_display and text/title
source,law_heading_article,PASS,,,,중대재해 처벌 등에 관한 법률,제16조,,,law_heading_article,제4장 보칙,,,sample rows returned: 20; actual Article property is article_no_display and text/title
source,law_heading_article,PASS,,,,산업안전보건법 시행규칙,제1조,,,law_heading_article,제1장 총칙,,,sample rows returned: 20; actual Article property is article_no_display and text/title
source,law_heading_article,PASS,,,,산업안전보건법 시행규칙,제2조,,,law_heading_article,제1장 총칙,,,sample rows returned: 20; actual Article property is article_no_display and text/title
source,law_heading_article,PASS,,,,산업안전보건법 시행규칙,제3조,,,law_heading_article,제1장 총칙,,,sample rows returned: 20; actual Article property is article_no_display and text/title
source,law_heading_article,PASS,,,,산업안전보건법 시행규칙,제4조,,,law_heading_article,제1장 총칙,,,sample rows returned: 20; actual Article property is article_no_display and text/title
source,article_paragraph_item_subitem,PASS,,,,,제1조,,"제1조(목적) 이 법은 사업 또는 사업장, 공중이용시설 및 공중교통수단을 운영하거나 인체에 해로운 원료나 제조물을 취급하면서 안전ㆍ보건 조치의무를 위반하여 인명피해를 발생하게 한 사업주, 경영책임자, 공무원 및 법인의 처벌 등을 규정함으로써 중대재해를 예방하고 시민과 종사자의 생명과 신체를 보호함을 목적으로 한다.",article_paragraph_item_subitem,"제1조(목적) 이 법은 사업 또는 사업장, 공중이용시설 및 공중교통수단을 운영하거나 인체에 해로운 원료나 제조물을 취급하면서 안전ㆍ보건 조치의무를 위반하여 인명피해를 발생하게 한 사업주, 경영책임자, 공무원 및 법인의 처벌 등을 규정함으로써 중대재해를 예방하고 시민과 종사자의 생명과 신체를 보호함을 목적으로 한다.",,,"sample rows returned: 20; actual text property is text, not source_text"
source,article_paragraph_item_subitem,PASS,,,,,제2조,,제2조(정의) 이 법에서 사용하는 용어의 뜻은 다음과 같다.,article_paragraph_item_subitem,"1.  ""중대재해""란 ""중대산업재해""와 ""중대시민재해""를 말한다.",,,"sample rows returned: 20; actual text property is text, not source_text"
source,article_paragraph_item_subitem,PASS,,,,,제2조,,제2조(정의) 이 법에서 사용하는 용어의 뜻은 다음과 같다.,article_paragraph_item_subitem,"2.  ""중대산업재해""란 「산업안전보건법」 제2조제1호에 따른 산업재해 중 다음 각 목의 어느 하나에 해당하는 결과를 야기한 재해를 말한다.",,,"sample rows returned: 20; actual text property is text, not source_text"
source,article_paragraph_item_subitem,PASS,,,,,제2조,,제2조(정의) 이 법에서 사용하는 용어의 뜻은 다음과 같다.,article_paragraph_item_subitem,"2.  ""중대산업재해""란 「산업안전보건법」 제2조제1호에 따른 산업재해 중 다음 각 목의 어느 하나에 해당하는 결과를 야기한 재해를 말한다.",,,"sample rows returned: 20; actual text property is text, not source_text"
source,article_paragraph_item_subitem,PASS,,,,,제2조,,제2조(정의) 이 법에서 사용하는 용어의 뜻은 다음과 같다.,article_paragraph_item_subitem,"2.  ""중대산업재해""란 「산업안전보건법」 제2조제1호에 따른 산업재해 중 다음 각 목의 어느 하나에 해당하는 결과를 야기한 재해를 말한다.",,,"sample rows returned: 20; actual text property is text, not source_text"
source,article_paragraph_item_subitem,PASS,,,,,제2조,,제2조(정의) 이 법에서 사용하는 용어의 뜻은 다음과 같다.,article_paragraph_item_subitem,"3.  ""중대시민재해""란 특정 원료 또는 제조물, 공중이용시설 또는 공중교통수단의 설계, 제조, 설치, 관리상의 결함을 원인으로 하여 발생한 재해로서 다음 각 목의 어느 하나에 해당하는 결과를 야기한 재해를 말한다. 다만, 중대산업재해에 해당하는 재해는 제외한다.",,,"sample rows returned: 20; actual text property is text, not source_text"
source,article_paragraph_item_subitem,PASS,,,,,제2조,,제2조(정의) 이 법에서 사용하는 용어의 뜻은 다음과 같다.,article_paragraph_item_subitem,"3.  ""중대시민재해""란 특정 원료 또는 제조물, 공중이용시설 또는 공중교통수단의 설계, 제조, 설치, 관리상의 결함을 원인으로 하여 발생한 재해로서 다음 각 목의 어느 하나에 해당하는 결과를 야기한 재해를 말한다. 다만, 중대산업재해에 해당하는 재해는 제외한다.",,,"sample rows returned: 20; actual text property is text, not source_text"
source,article_paragraph_item_subitem,PASS,,,,,제2조,,제2조(정의) 이 법에서 사용하는 용어의 뜻은 다음과 같다.,article_paragraph_item_subitem,"3.  ""중대시민재해""란 특정 원료 또는 제조물, 공중이용시설 또는 공중교통수단의 설계, 제조, 설치, 관리상의 결함을 원인으로 하여 발생한 재해로서 다음 각 목의 어느 하나에 해당하는 결과를 야기한 재해를 말한다. 다만, 중대산업재해에 해당하는 재해는 제외한다.",,,"sample rows returned: 20; actual text property is text, not source_text"
source,article_paragraph_item_subitem,PASS,,,,,제2조,,제2조(정의) 이 법에서 사용하는 용어의 뜻은 다음과 같다.,article_paragraph_item_subitem,"4.  ""공중이용시설""이란 다음 각 목의 시설 중 시설의 규모나 면적 등을 고려하여 대통령령으로 정하는 시설을 말한다. 다만, 「소상공인 보호 및 지원에 관한 법률」 제2조에 따른 소상공인의 사업 또는 사업장 및 이에 준하는 비영리시설과 「교육시설 등의 안전 및 유지관리 등에 관한 법률」 제2조제1호에 따른 교육시설은 제외한다.",,,"sample rows returned: 20; actual text property is text, not source_text"
source,article_paragraph_item_subitem,PASS,,,,,제2조,,제2조(정의) 이 법에서 사용하는 용어의 뜻은 다음과 같다.,article_paragraph_item_subitem,"4.  ""공중이용시설""이란 다음 각 목의 시설 중 시설의 규모나 면적 등을 고려하여 대통령령으로 정하는 시설을 말한다. 다만, 「소상공인 보호 및 지원에 관한 법률」 제2조에 따른 소상공인의 사업 또는 사업장 및 이에 준하는 비영리시설과 「교육시설 등의 안전 및 유지관리 등에 관한 법률」 제2조제1호에 따른 교육시설은 제외한다.",,,"sample rows returned: 20; actual text property is text, not source_text"
source,article_paragraph_item_subitem,PASS,,,,,제2조,,제2조(정의) 이 법에서 사용하는 용어의 뜻은 다음과 같다.,article_paragraph_item_subitem,"4.  ""공중이용시설""이란 다음 각 목의 시설 중 시설의 규모나 면적 등을 고려하여 대통령령으로 정하는 시설을 말한다. 다만, 「소상공인 보호 및 지원에 관한 법률」 제2조에 따른 소상공인의 사업 또는 사업장 및 이에 준하는 비영리시설과 「교육시설 등의 안전 및 유지관리 등에 관한 법률」 제2조제1호에 따른 교육시설은 제외한다.",,,"sample rows returned: 20; actual text property is text, not source_text"
source,article_paragraph_item_subitem,PASS,,,,,제2조,,제2조(정의) 이 법에서 사용하는 용어의 뜻은 다음과 같다.,article_paragraph_item_subitem,"4.  ""공중이용시설""이란 다음 각 목의 시설 중 시설의 규모나 면적 등을 고려하여 대통령령으로 정하는 시설을 말한다. 다만, 「소상공인 보호 및 지원에 관한 법률」 제2조에 따른 소상공인의 사업 또는 사업장 및 이에 준하는 비영리시설과 「교육시설 등의 안전 및 유지관리 등에 관한 법률」 제2조제1호에 따른 교육시설은 제외한다.",,,"sample rows returned: 20; actual text property is text, not source_text"
source,article_paragraph_item_subitem,PASS,,,,,제2조,,제2조(정의) 이 법에서 사용하는 용어의 뜻은 다음과 같다.,article_paragraph_item_subitem,"5.  ""공중교통수단""이란 불특정다수인이 이용하는 다음 각 목의 어느 하나에 해당하는 시설을 말한다.",,,"sample rows returned: 20; actual text property is text, not source_text"
source,article_paragraph_item_subitem,PASS,,,,,제2조,,제2조(정의) 이 법에서 사용하는 용어의 뜻은 다음과 같다.,article_paragraph_item_subitem,"5.  ""공중교통수단""이란 불특정다수인이 이용하는 다음 각 목의 어느 하나에 해당하는 시설을 말한다.",,,"sample rows returned: 20; actual text property is text, not source_text"
source,article_paragraph_item_subitem,PASS,,,,,제2조,,제2조(정의) 이 법에서 사용하는 용어의 뜻은 다음과 같다.,article_paragraph_item_subitem,"5.  ""공중교통수단""이란 불특정다수인이 이용하는 다음 각 목의 어느 하나에 해당하는 시설을 말한다.",,,"sample rows returned: 20; actual text property is text, not source_text"
source,article_paragraph_item_subitem,PASS,,,,,제2조,,제2조(정의) 이 법에서 사용하는 용어의 뜻은 다음과 같다.,article_paragraph_item_subitem,"5.  ""공중교통수단""이란 불특정다수인이 이용하는 다음 각 목의 어느 하나에 해당하는 시설을 말한다.",,,"sample rows returned: 20; actual text property is text, not source_text"
source,article_paragraph_item_subitem,PASS,,,,,제2조,,제2조(정의) 이 법에서 사용하는 용어의 뜻은 다음과 같다.,article_paragraph_item_subitem,"5.  ""공중교통수단""이란 불특정다수인이 이용하는 다음 각 목의 어느 하나에 해당하는 시설을 말한다.",,,"sample rows returned: 20; actual text property is text, not source_text"
source,article_paragraph_item_subitem,PASS,,,,,제2조,,제2조(정의) 이 법에서 사용하는 용어의 뜻은 다음과 같다.,article_paragraph_item_subitem,"6.  ""제조물""이란 제조되거나 가공된 동산(다른 동산이나 부동산의 일부를 구성하는 경우를 포함한다)을 말한다.",,,"sample rows returned: 20; actual text property is text, not source_text"
source,article_paragraph_item_subitem,PASS,,,,,제2조,,제2조(정의) 이 법에서 사용하는 용어의 뜻은 다음과 같다.,article_paragraph_item_subitem,"7.  ""종사자""란 다음 각 목의 어느 하나에 해당하는 자를 말한다.",,,"sample rows returned: 20; actual text property is text, not source_text"
source,article_paragraph_item_subitem,PASS,,,,,제2조,,제2조(정의) 이 법에서 사용하는 용어의 뜻은 다음과 같다.,article_paragraph_item_subitem,"7.  ""종사자""란 다음 각 목의 어느 하나에 해당하는 자를 말한다.",,,"sample rows returned: 20; actual text property is text, not source_text"
source,annex_article,PASS,,,,,제4조,건설업체 산업재해발생률 및 산업재해 발생 보고의무 위반건수의 산정 기준과 방법(제4조 관련),,annex_article,건설업체 산업재해발생률 및 산업재해 발생 보고의무 위반건수의 산정 기준과 방법(제4조 관련),,7c83e2726fc9dc5c389de181e312a7dfe5b44cb4,sample rows returned: 20; actual Article property is article_no_display
source,annex_article,PASS,,,,,제25조,안전보건관리규정을 작성해야 할 사업의 종류 및 상시근로자 수(제25조제1항 관련),,annex_article,안전보건관리규정을 작성해야 할 사업의 종류 및 상시근로자 수(제25조제1항 관련),,c3fd87057fe55b63cb9cf7213370650abf0e63ee,sample rows returned: 20; actual Article property is article_no_display
source,annex_article,PASS,,,,,제25조,안전보건관리규정의 세부 내용(제25조제2항 관련),,annex_article,안전보건관리규정의 세부 내용(제25조제2항 관련),,2882895ecf2cce09e35e4b027da81c8c647e4400,sample rows returned: 20; actual Article property is article_no_display
source,annex_article,PASS,,,,,제26조,안전보건교육 교육과정별 교육시간(제26조제1항 등 관련),,annex_article,안전보건교육 교육과정별 교육시간(제26조제1항 등 관련),,c85a0d5518f55dd216f73174191369de6d1b47de,sample rows returned: 20; actual Article property is article_no_display
source,annex_article,PASS,,,,,제26조,안전보건교육 교육대상별 교육내용(제26조제1항 등 관련),,annex_article,안전보건교육 교육대상별 교육내용(제26조제1항 등 관련),,5f199362d71a4d999a3dcc83de7bb220bd6d1d13,sample rows returned: 20; actual Article property is article_no_display
source,annex_article,PASS,,,,,제38조,안전보건표지의 종류와 형태(제38조제1항 관련),,annex_article,안전보건표지의 종류와 형태(제38조제1항 관련),,741b4ba93ac2ab9149cbb7308da3b2b9a20d700b,sample rows returned: 20; actual Article property is article_no_display
source,annex_article,PASS,,,,,제38조,"안전보건표지의 종류별 용도, 설치ㆍ부착 장소, 형태 및 색채(제38조제1항, 제39조제1항 및 제40조제1항 관련)",,annex_article,"안전보건표지의 종류별 용도, 설치ㆍ부착 장소, 형태 및 색채(제38조제1항, 제39조제1항 및 제40조제1항 관련)",,c4e61dfbf07affeeb73bb49bd38ac328f48c277c,sample rows returned: 20; actual Article property is article_no_display
source,annex_article,PASS,,,,,제39조,"안전보건표지의 종류별 용도, 설치ㆍ부착 장소, 형태 및 색채(제38조제1항, 제39조제1항 및 제40조제1항 관련)",,annex_article,"안전보건표지의 종류별 용도, 설치ㆍ부착 장소, 형태 및 색채(제38조제1항, 제39조제1항 및 제40조제1항 관련)",,c4e61dfbf07affeeb73bb49bd38ac328f48c277c,sample rows returned: 20; actual Article property is article_no_display
source,annex_article,PASS,,,,,제40조,"안전보건표지의 종류별 용도, 설치ㆍ부착 장소, 형태 및 색채(제38조제1항, 제39조제1항 및 제40조제1항 관련)",,annex_article,"안전보건표지의 종류별 용도, 설치ㆍ부착 장소, 형태 및 색채(제38조제1항, 제39조제1항 및 제40조제1항 관련)",,c4e61dfbf07affeeb73bb49bd38ac328f48c277c,sample rows returned: 20; actual Article property is article_no_display
source,annex_article,PASS,,,,,제38조,안전보건표지의 색도기준 및 용도(제38조제3항 관련),,annex_article,안전보건표지의 색도기준 및 용도(제38조제3항 관련),,0c5db9444758e7e8b30c914db8a0243eea12c09e,sample rows returned: 20; actual Article property is article_no_display
source,annex_article,PASS,,,,,제40조,안전보건표지의 기본모형(제40조제1항 관련),,annex_article,안전보건표지의 기본모형(제40조제1항 관련),,7be5f319d0c0fb906eaf6704f34a176c253df8ae,sample rows returned: 20; actual Article property is article_no_display
source,annex_article,PASS,,,,,제42조,유해위험방지계획서 첨부서류(제42조제3항 관련),,annex_article,유해위험방지계획서 첨부서류(제42조제3항 관련),,a88e352b9611c01b84ee67d43698eb257dcafc98,sample rows returned: 20; actual Article property is article_no_display
source,annex_article,PASS,,,,,제42조,"자체심사 및 확인업체의 기준, 자체심사 및 확인방법(제42조제5항ㆍ제6항 및 제47조제1항 관련)",,annex_article,"자체심사 및 확인업체의 기준, 자체심사 및 확인방법(제42조제5항ㆍ제6항 및 제47조제1항 관련)",,268c19bc8b438add351a6e86f5dea2fb1ee6967a,sample rows returned: 20; actual Article property is article_no_display
source,annex_article,PASS,,,,,제47조,"자체심사 및 확인업체의 기준, 자체심사 및 확인방법(제42조제5항ㆍ제6항 및 제47조제1항 관련)",,annex_article,"자체심사 및 확인업체의 기준, 자체심사 및 확인방법(제42조제5항ㆍ제6항 및 제47조제1항 관련)",,268c19bc8b438add351a6e86f5dea2fb1ee6967a,sample rows returned: 20; actual Article property is article_no_display
source,annex_article,PASS,,,,,제74조,안전 및 보건에 관한 평가의 내용(제74조제2항 및 제78조제4항 관련),,annex_article,안전 및 보건에 관한 평가의 내용(제74조제2항 및 제78조제4항 관련),,0e48b19641001a288db5493bb511af2ba4dee5e2,sample rows returned: 20; actual Article property is article_no_display
source,annex_article,PASS,,,,,제78조,안전 및 보건에 관한 평가의 내용(제74조제2항 및 제78조제4항 관련),,annex_article,안전 및 보건에 관한 평가의 내용(제74조제2항 및 제78조제4항 관련),,0e48b19641001a288db5493bb511af2ba4dee5e2,sample rows returned: 20; actual Article property is article_no_display
source,annex_article,PASS,,,,,제108조,안전인증을 위한 심사종류별 제출서류(제108조제1항 관련),,annex_article,안전인증을 위한 심사종류별 제출서류(제108조제1항 관련),,607a1e3cc31842cdf84bca51a66487d30b7dab77,sample rows returned: 20; actual Article property is article_no_display
source,annex_article,PASS,,,,,제114조,안전인증 및 자율안전확인의 표시 및 표시방법(제114조제1항 및 제121조 관련),,annex_article,안전인증 및 자율안전확인의 표시 및 표시방법(제114조제1항 및 제121조 관련),,86eb1b59da77353db099c26feb7b9bd353edbec9,sample rows returned: 20; actual Article property is article_no_display
source,annex_article,PASS,,,,,제121조,안전인증 및 자율안전확인의 표시 및 표시방법(제114조제1항 및 제121조 관련),,annex_article,안전인증 및 자율안전확인의 표시 및 표시방법(제114조제1항 및 제121조 관련),,86eb1b59da77353db099c26feb7b9bd353edbec9,sample rows returned: 20; actual Article property is article_no_display
source,annex_article,PASS,,,,,제114조,안전인증대상기계등이 아닌 유해ㆍ위험기계등의 안전인증의 표시 및 표시방법(제114조제2항 관련),,annex_article,안전인증대상기계등이 아닌 유해ㆍ위험기계등의 안전인증의 표시 및 표시방법(제114조제2항 관련),,11c3a56c8d534ee8f2f0d0cd50cbf8df8c37ed81,sample rows returned: 20; actual Article property is article_no_display
