from_rule_id,to_exception_id,rel
1c5f7285-cd24-58a7-8fb4-b3a84d978109,961d344e-06b0-545a-b970-03ed55a2ffe1,HAS_EXCEPTION
014c4942-6b2c-5e27-a5c9-b3b1c0f78413,92e13487-793b-5163-8861-f42afd006328,HAS_EXCEPTION
014c4942-6b2c-5e27-a5c9-b3b1c0f78413,d5766eb7-947c-50bd-b11f-efc023142bd3,HAS_EXCEPTION
353cde78-8164-52da-a217-8d6de93a253f,e2762580-3790-544b-a64e-edd8427fd20d,HAS_EXCEPTION
353cde78-8164-52da-a217-8d6de93a253f,6e9c7f88-780b-54b3-a5e5-d12d93a68361,HAS_EXCEPTION
cd3a786f-ee09-5cd4-bc98-f0498137e8f1,fc612135-f4da-52a5-8a3f-989be3f3169f,HAS_EXCEPTION
74d7f17d-2b96-5eae-9919-ad5823146be1,378c65a4-977b-5154-b909-5ce51f75551b,HAS_EXCEPTION
fe1753c0-9e15-5414-b197-b4bfe856843a,2bd8403d-24d3-53e4-88a0-32afbbf76aa7,HAS_EXCEPTION
86bc5908-f3f6-591a-914d-8b51326ff75a,6ff30f18-e82d-50b0-9e12-2bec425b1771,HAS_EXCEPTION
ecf9c354-b781-55c3-8c42-18f32cc6a6e1,912405fb-3518-5219-abbd-7f422f2de2a6,HAS_EXCEPTION
773b237a-3e08-5f77-a1b6-9dc780f3438c,15f993fd-3b7c-50a9-b679-80201f8bd387,HAS_EXCEPTION
9facb67f-ac0c-5a1b-9377-033b632da40e,5ed31c76-3477-5da7-89de-4ac069aa9a0f,HAS_EXCEPTION
e546e3a4-bb3b-50c1-b1b4-cd4dc2c860ab,0f0ce006-6ee1-530c-ad08-3ea3a749fdb4,HAS_EXCEPTION
a560bf65-75eb-5da1-9eee-82f8fe98b5f7,c92e6c82-f655-59f9-9215-ee16a0ab310a,HAS_EXCEPTION
c5d8f9d2-88dd-525f-a0d0-cadbe21c0006,4164672e-c7d9-5829-9ad7-7857e62ea6ba,HAS_EXCEPTION
f7fa5fcb-c078-572e-8125-bc064cbd4e38,bde16b06-2241-5540-b900-b83d7c8f321f,HAS_EXCEPTION
23a21d27-2fa6-5015-8c47-53009fb3cdd8,25ece420-06da-5b51-b740-3c56ef311ea3,HAS_EXCEPTION
909c11ab-1d98-5000-9c6c-a194f2a6265e,fd9dd335-eb69-5938-9bc3-ec0b91bab77a,HAS_EXCEPTION
1258ea0d-56d0-52eb-b450-4e2d233bef00,99c4d39a-de2d-59c8-91ea-b74542586b5f,HAS_EXCEPTION
895124ee-8ae1-5416-a92c-c876685d13b0,0e2a7fc2-c7c3-5a6a-bf3c-8db1dfdc2e30,HAS_EXCEPTION
c48b77fc-6729-52d5-bca2-818427506075,84867e76-5dab-51df-ab70-6825eaeca56d,HAS_EXCEPTION
4b5c72a9-acdd-5b34-a061-747db59e5c1d,ef899588-18f7-5c5a-9b1c-c0af30df2486,HAS_EXCEPTION
839f487d-52ce-57de-817c-cfda7511be69,05fc21e5-f742-5943-bb42-aac5bb61f8b9,HAS_EXCEPTION
fdc107b0-7724-59a1-8f1f-a4849a6ce85c,346d5bb0-1498-53df-9cdc-36733b372550,HAS_EXCEPTION
985186a0-1b98-5f34-89f3-2a66b60614fc,8731eb14-f506-5baa-9c1f-9598a9b4e330,HAS_EXCEPTION
39a084e4-e221-5721-b787-71e904cf2b87,5943e221-245c-5e3e-9864-57dfea1d021c,HAS_EXCEPTION
fd28ee2e-3c4e-5f79-9283-c51b1942189a,652c3567-ee6d-58e8-b45b-dcbd661fd239,HAS_EXCEPTION
1e71f40c-7836-5b5a-b35f-5f085288ae70,d3f087f2-05cf-55aa-85df-82a38051265f,HAS_EXCEPTION
cdb87d54-246d-50f5-a5d9-d1abb27ca73a,95f5b5ce-9567-5b7a-a9a9-a41b41d46eef,HAS_EXCEPTION
652fd042-4ba7-5141-86da-a339f9e1aa70,a6bf68b9-a289-5d95-b07d-9ed852b490c2,HAS_EXCEPTION
da0f522e-46c5-5041-a425-5a2f31fcd22d,01c00dbf-1d53-579e-88cf-4aafd284097f,HAS_EXCEPTION
86482870-6972-5874-bcfe-ffc86153d84c,9e2d426a-f407-52f0-9d14-b6816aa84a9d,HAS_EXCEPTION
e85a190a-722e-522b-a083-ab3f46957ff8,c59f7de4-b04a-5a41-ad48-3bac832f15f3,HAS_EXCEPTION
1e9fb65e-89fd-51d5-949b-4eacf4b080d1,2bdb5e5e-8ef7-5ddf-a562-dcbcbe605568,HAS_EXCEPTION
8d8e1b4e-d9a8-5a3b-8c15-b8a437de7819,f65b7fe0-8ba2-5901-9f0f-8fae025664a6,HAS_EXCEPTION
160d7d00-f5ce-5b51-be27-8a8e7e9d6c21,f9cca8e3-4b20-5572-91a2-72dedb85ff87,HAS_EXCEPTION
6efe8e93-992d-593f-bf03-62f801c349b5,3431a7ba-65dd-54f2-a45d-d044413618ce,HAS_EXCEPTION
cfd8ad4d-e8a5-5a50-982d-f5d68fd7beee,f57350ed-7a87-5636-a6ed-f0ca4924be2f,HAS_EXCEPTION
b9238d91-e168-5ef9-9d87-1e771402568a,9c228919-b288-5aa7-b17e-923cf6eafd07,HAS_EXCEPTION
719cc1ab-bb6a-510f-b720-d0bff00816fe,118c7f60-a1f3-540b-972b-51cb4882026b,HAS_EXCEPTION
422d64ef-d4a9-5bd8-8779-1bddcd607cca,80d1a48a-1135-5a67-8e2f-b84a16bab2f0,HAS_EXCEPTION
ad7433bf-d3f2-5849-bac0-f4b5446374d5,4f480e86-c2e6-54a9-a1b6-40a4d20a6029,HAS_EXCEPTION
318fcf63-78e4-5655-b8a8-5d8799ce4ab7,794f3bfb-af16-5e35-9803-e18590eb7c59,HAS_EXCEPTION
d263d2e5-0cd7-5f89-a47c-b4b7036803e9,8ab89023-b3cf-57d0-af8d-2ac1f83568f7,HAS_EXCEPTION
c0cad6e1-6d98-5a2b-9a01-fb4029aa873d,c252f393-25db-58ef-9bdd-bffba9f5f575,HAS_EXCEPTION
8ddcf0e0-cb67-5bb3-8d98-4c0494842747,c2a24dde-529b-5cba-a508-b129440e7f7e,HAS_EXCEPTION
830a0384-bca8-5121-a0ab-14cdd3e9f38e,89d60d06-7923-5d93-b492-3507a9259de0,HAS_EXCEPTION
a80b3c90-ebfc-5902-8751-a775ca5f83f1,4826aa11-e0bd-525e-948c-df114823263f,HAS_EXCEPTION
7a87b143-f3e5-509c-b91b-af1f18e70430,e3a45109-d47f-5c9c-a61a-6aeea5830bd2,HAS_EXCEPTION
2686fb1a-17b8-5c5b-a782-a34544d727d5,d08d64c9-19f5-50bb-904a-c26d34c46c61,HAS_EXCEPTION
8b476357-5b3e-5061-b517-e16d9e7cbcff,19da8a67-ec0f-5772-bcac-df7fc2ac5b09,HAS_EXCEPTION
744dfdbc-bbb7-5969-abc5-045b6881605a,2225ba73-a267-547c-b44e-15bea07ffd0b,HAS_EXCEPTION
75cea136-b02b-564a-ac48-1a3236ee5f73,79f16b85-bb6c-5695-ab9a-10db1dc02c5f,HAS_EXCEPTION
8bf4a40a-f42c-5eaf-bc42-3b6383bc8f88,de2317af-24e8-5d72-bd38-5b18d93b1278,HAS_EXCEPTION
96a642ab-e8c0-5166-ad7d-659b31e56d0f,de7aac81-bf63-56fa-ae99-61ca835aed10,HAS_EXCEPTION
79f19ef6-505f-5830-9335-0e101533d7ef,6062a9c8-41d9-5b45-97ad-2c0b66268288,HAS_EXCEPTION
97aa2e2c-83f9-5876-90d7-647da61c0aca,393c56f5-418e-5a97-ad30-91531f2fe4a3,HAS_EXCEPTION
5a549975-3a2f-59aa-a695-b073cd409732,5991f5fa-19d5-5ab4-b7ed-9753f687f082,HAS_EXCEPTION
c1b92afe-abd8-59d6-b32c-00683919ea6c,d9a4f598-a007-5641-b15c-00f29524b537,HAS_EXCEPTION
09a50acb-9335-5ad5-aff0-22cdd434c795,0e5801c3-7f90-532f-b971-0edca6bef6ef,HAS_EXCEPTION
bdafa978-dfce-5242-9a93-8b18d78afd69,7c8a2c81-c395-5c70-a60a-8b081bdee33c,HAS_EXCEPTION
7048e0fc-6e27-557a-9dfa-a9a58999d8d3,6a62ba5e-7094-578e-b07c-b46850cf252a,HAS_EXCEPTION
00bfc724-eb36-5f6c-a78e-891da455d4e9,ef38043f-ce9d-56bc-ab90-4eef8eca3882,HAS_EXCEPTION
cdbeef30-0d7b-5842-8086-999f6b9cb40b,0bfdaebf-fd7b-56a8-8db8-786ead519804,HAS_EXCEPTION
4b58b522-98dc-57ef-ac14-b121e84ed6b2,cec33d35-b5a9-5f14-a724-b4d7a50e9a31,HAS_EXCEPTION
b626211d-ea25-5f0e-8455-72bc6c27c03c,f8455b8d-294e-52c7-b42b-ea39cc050cd3,HAS_EXCEPTION
700cd540-0092-5ec3-8a0e-306180ee601a,ee5a7f6b-bebc-515c-8fab-0dd6962d03a6,HAS_EXCEPTION
54c79bdb-54be-5bd6-afdd-eecbf5c7a301,93612bcd-97b6-5387-aa36-1e74b6f3d078,HAS_EXCEPTION
2250e5c5-24a7-5359-bfc4-5dd288ec7214,c91567bf-a827-592f-b42b-ed44eb595913,HAS_EXCEPTION
d40283b1-ad93-5771-9170-196304dbbf9c,b4ab9801-eac1-5fd0-8631-6f35790684a7,HAS_EXCEPTION
0fdec6ab-d47d-54b2-9e0a-64c3179663e3,8bd9da90-9eec-5581-9440-69e28c0134cb,HAS_EXCEPTION
af4e11c6-bff6-5858-880f-0dc1fedcf1c4,b8aca1a0-4925-5c27-bfac-90af502ba714,HAS_EXCEPTION
b50d1588-66f8-5326-ab06-da6f530d0195,67abeba3-bc94-5f86-8616-70c5f4072e33,HAS_EXCEPTION
82f90d06-5eda-5f47-b691-c580b30c22b9,e8a0fb21-b75e-5acd-bc2f-59225de5a5c9,HAS_EXCEPTION
f21cae16-aa4f-580b-a54d-c9b702f6ec57,d717ab32-9268-5815-ae22-adda95f64845,HAS_EXCEPTION
f20880ba-878b-5922-87c0-400d4f13fd4f,37145b03-e3aa-519d-b861-1d5ee59de62e,HAS_EXCEPTION
81a2f772-5616-51ea-8a21-0c39d42d0aa7,4e37bacc-0f7d-5253-a0ff-78025e5c0d4f,HAS_EXCEPTION
da3945f8-ac0c-5107-ba53-61e6d55d9120,c567b5e8-69db-59a0-b0e6-4bb910f2cd4a,HAS_EXCEPTION
8d5eddb6-70fe-57c6-a731-31388f21c872,9c0cfafb-6c6b-5cbb-9be2-4fffee9b2b66,HAS_EXCEPTION
66eb0610-ea6e-523f-b3b1-bdaf8c97d889,149893e3-636e-5938-8eb1-b420eb043f99,HAS_EXCEPTION
a37a53b2-59dc-565d-afd8-1a68c6d0531f,9702b0f0-20e5-5e47-8f86-d3a9a6a71316,HAS_EXCEPTION
e9906668-af31-52c2-9ca3-46edf4b3d294,731142f7-ebe0-518c-873b-dc51550db818,HAS_EXCEPTION
54515387-d3b3-5504-9433-afeb567b4d67,be0a0f17-b2c9-5244-adca-575cdcb3a0e1,HAS_EXCEPTION
ffcfbe4d-3b4e-5a77-bd50-da20a9c5f519,3b617d09-b2ab-55a0-acb1-ebbfdbdec8da,HAS_EXCEPTION
8e362759-f00d-5530-aeee-b9174ba9ef8e,3294ecfa-d78b-571d-abc2-2ad49d4e30c7,HAS_EXCEPTION
7638ddaf-5bda-5baa-8af1-0372c344dcf5,8a14b98e-6d40-557d-bb4d-f92b42bca689,HAS_EXCEPTION
3a19f7ce-8e56-52bc-a54c-1cf8608e8062,77b694eb-c4d7-5c01-a66d-885218077fdd,HAS_EXCEPTION
0f7fa9a6-1d64-5f4c-8822-470e7a5a6b58,b0cf125f-f8ed-5c71-a9d5-de875910d5f5,HAS_EXCEPTION
90a2f694-9b8a-575d-b22e-50590c24f112,9357b7ba-b9da-5a29-bbca-26a4ede62739,HAS_EXCEPTION
509576f6-f518-5f2a-bad2-b5b122fe8e11,096475cf-99d5-5c6b-8d27-58c6fd0d3ad9,HAS_EXCEPTION
cbbfa07d-5d99-5a67-9516-92be55805d12,8ae41f35-c5fa-5cb3-a7fc-931a537cfc37,HAS_EXCEPTION
91f89593-affc-592e-a201-85037763e596,917ad9ec-960e-5a1c-9839-05323181a5ae,HAS_EXCEPTION
7b249b37-b4fe-5882-ac98-a6b4ebdffe08,1c4e2d83-06bc-5af8-b9d8-cba5411d9e9b,HAS_EXCEPTION
9526c23b-0f1d-5305-bb1d-324accca7b35,1319a131-3aa9-53de-9026-435b3b56e691,HAS_EXCEPTION
87a327c3-28c5-56bf-8528-b4c700541534,1d1b820e-0c7f-5d9d-bdb7-5f5381218c80,HAS_EXCEPTION
0c18caca-bc9a-5d21-a704-968cbf062231,4caf1eef-7b04-5347-9f68-d4dd324a02b9,HAS_EXCEPTION
8a0cf2fb-1517-54f1-9855-a1ced023a6b5,e5e3752e-f46c-57d4-924e-5986d56ffd41,HAS_EXCEPTION
e309afc3-278a-5dc0-915e-135296293aa5,44ade113-1413-5ef6-a506-f0182c1d5ea5,HAS_EXCEPTION
526fab18-8433-5c68-823e-49bf4b8c458b,5caf990f-3628-5e09-8fa0-490ff4a3a5a6,HAS_EXCEPTION
8654ce77-5071-5486-9686-97099bd797e9,661953c1-3282-5562-aa57-b136fc8be8ef,HAS_EXCEPTION
48c82986-8278-53ba-b217-3f53def49931,a2f68d41-2e16-51cc-8d4f-17c47564a002,HAS_EXCEPTION
6f4f78a9-9acf-5888-80e5-78194b277dd5,15816980-c6f7-5219-b027-a88741420d59,HAS_EXCEPTION
51008c6f-beda-5696-855e-9acd4c3074bc,0b04e18e-125c-5de3-a681-82a22369c67a,HAS_EXCEPTION
301dc068-f0e5-5d70-9d9b-526996ecc919,dcf28165-d8d4-56b0-a751-1bb248d2aef0,HAS_EXCEPTION
51df9103-5f23-56d4-9ea5-150c5c29a451,7f67b176-b6b0-549d-a317-239f35e6f0a3,HAS_EXCEPTION
9ada934e-1002-53da-b243-728f88130f87,040bdbdb-8884-5937-afc4-340c3157a68b,HAS_EXCEPTION
4a162e62-bc26-51f4-bd75-3646ec0d5f0a,7cf76c51-7557-5a22-a266-e3b5a6d2354d,HAS_EXCEPTION
e1b306da-8bd9-59a6-95bb-6da5ece028dd,d84a508f-9e53-5bb6-b1e8-64cceffb7989,HAS_EXCEPTION
d858ac4f-e45c-5c1b-b30e-c363750c82c1,6ac97c61-257b-5d07-95cd-3d4db9494134,HAS_EXCEPTION
a2f48485-37dd-5959-ad1b-01aeb608dcb8,91085834-2d70-51f3-a9ea-c5f7245ce9bd,HAS_EXCEPTION
f75e5f59-95cc-51c6-9390-8a5c18b79bb0,c012d7ba-fa74-5e2d-b04b-ea0a1e0f91cc,HAS_EXCEPTION
c8730dd2-d3eb-549b-be3f-d5f4ae328f69,838f440d-c1e0-59d7-9305-7b9727c1ae9a,HAS_EXCEPTION
74dc9b6e-22c6-5cd6-a3d1-20cf9928d7eb,bdab1dc8-b18a-5cdf-8f1e-6cbdf2326a83,HAS_EXCEPTION
556b5f81-849d-5203-90ca-3fcf36eee43a,145752a7-117b-515c-b26f-eebbbbf03b4a,HAS_EXCEPTION
11a2eb67-35db-5f3c-b49d-57bd9b086974,770ca510-92c2-5f8d-b106-99955373a6a5,HAS_EXCEPTION
718088b9-1357-5275-bc61-282e56e9678c,7447556e-c036-50c6-b524-f03336694f64,HAS_EXCEPTION
9d671155-e231-5f08-b4ed-4336b2d0c0fc,28aa9c0d-368a-5f29-9ee1-b67dc7271322,HAS_EXCEPTION
b2ace6e4-6301-5db3-a926-90f7f2ab2c9d,03a9af71-d77f-55e4-b6fc-df53b18db57a,HAS_EXCEPTION
76d277d0-5e9b-5c00-8bbd-5777d69a6688,2036c116-b571-5c5f-8c4e-10de4b16f349,HAS_EXCEPTION
d669b604-6786-5dbc-a16b-87749209fe15,194b9532-8f30-5d35-b9aa-fd7457558c3a,HAS_EXCEPTION
e4d51f35-6037-5d69-a4a5-f90e53bcf648,f2c1bb5e-7702-5d59-9f1b-de3dbed66d87,HAS_EXCEPTION
2047e6e9-bc5a-54be-8da9-7a9ee0715219,a99f4dab-1889-55ae-a4b0-015b209e0c62,HAS_EXCEPTION
be052681-e555-5676-b60f-b745ee0eae1f,3230d067-3b16-530a-8f89-a0e05d8db484,HAS_EXCEPTION
453adcd9-4ab2-5b27-b2d2-48828101181e,18f39bff-8409-5222-baad-bcc0219d0634,HAS_EXCEPTION
3080174b-8c5e-561b-a2ab-5643dd4b72e1,adea21e8-ab19-5759-a839-ab24bcf12e06,HAS_EXCEPTION
394083a3-86cb-5ad3-8c49-4006e2016812,f6f61f87-7396-5dd1-9ef6-cf39740d0f80,HAS_EXCEPTION
66c57cbb-345f-5c13-86c7-4c19ae885d1d,93f5747e-0a33-5ae9-a518-b1a4a5d9d425,HAS_EXCEPTION
9300c5ca-bb6d-5ce1-bf05-db163a62570d,6cf4d380-5d7f-5776-aca5-34e2a15fa211,HAS_EXCEPTION
33c111a1-b3ca-51ef-a252-dd913964899f,97bcfbcc-bc0d-5f29-86b3-ca9be35d7241,HAS_EXCEPTION
4d766c9f-43e4-5f74-8ccb-0f0808998375,b35614d9-ab19-553c-b88b-1ddb00fcdc34,HAS_EXCEPTION
5e8ad57e-623b-5e4f-b43f-71b3d49c1f89,298e6c43-ee0c-51d0-a30b-8418c1a5dee5,HAS_EXCEPTION
66987841-1b10-52cb-b390-93083d1bfe7d,fe7fc510-cddd-5a63-8f59-04b386ea1253,HAS_EXCEPTION
1137031d-4450-55a8-9eeb-d9708e71d151,5a171d67-a13d-560c-addf-ef67290d4177,HAS_EXCEPTION
6180be39-dd98-568c-aa8b-8df6633bab0d,ce1fe264-b808-5646-a3dd-f174e83c13f8,HAS_EXCEPTION
96aacdd9-43db-5155-a659-f52e5849f2bd,ffc3f971-bdc5-53c1-8b00-854c2349ac5c,HAS_EXCEPTION
69e4a010-061f-5ad8-b8c4-47ee18cfeecc,3e8bab77-550b-5414-a45c-aae60f19da9f,HAS_EXCEPTION
cbaa4447-430c-5ddc-bcb4-8609bb1183be,5e5b5306-cc1d-509b-98aa-71db19704589,HAS_EXCEPTION
f97ea9d4-1352-5403-8f7c-2c01fa406926,0412f63f-fab9-5268-9459-5d71b43094fe,HAS_EXCEPTION
bdacddd2-2f4e-5c3d-b954-5a9dc8c8c2d4,be7a6263-05b9-50d3-b96d-d8ede521611e,HAS_EXCEPTION
45f64f43-2d7b-589d-bfaf-4a14f5b4b435,e62407ea-1172-587b-9343-e4e2f8cda424,HAS_EXCEPTION
0da66852-2e59-5061-9141-6b32f9f1ec02,be82b2eb-6090-53d8-bfb9-914bc1dda945,HAS_EXCEPTION
4c7b1b05-4f6f-511f-9e52-8a5e3ac7fb58,78707ace-062a-5948-9f81-b8c60102372c,HAS_EXCEPTION
d6250b31-3ba6-5e4b-8ef6-d2cd7026c579,7c849d82-6203-50bd-8a7f-c0ae02667c7d,HAS_EXCEPTION
37d1ae06-0c4d-5876-ad3f-4429396013ab,7c7a4fb6-6247-5f82-a9df-a07501354fdb,HAS_EXCEPTION
77e7dcb9-0cdd-5d37-ae5f-9fef12ba36a7,0d62ecd9-4a5e-5f4d-bec3-cb12dc5e18ef,HAS_EXCEPTION
ba7c94fa-d1bb-54d1-bed1-cbb5f580d7b4,db025dde-1940-5965-a4b0-69b525cde431,HAS_EXCEPTION
dba1ebd1-2c49-5901-9644-dc31fc0e5664,7852c926-13da-5f27-b451-4c9e646989d4,HAS_EXCEPTION
9fe4516b-9c5d-52a2-9311-054f0ca0300f,1e6ca562-2195-5151-bf9f-2e059de69c93,HAS_EXCEPTION
3058a2c3-d95a-5dc6-a0fd-7774477b4b94,1e8fe8cd-8ed9-5f16-adf9-9bffe16a1e26,HAS_EXCEPTION
21d74af1-9091-5009-8114-4af930ecb215,ed1c026e-07cf-5862-aae9-1f4938820dd1,HAS_EXCEPTION
e3839466-6bf3-58d7-a08c-eea68605d89a,3116795a-fa04-5ce2-a407-00c2e9b485af,HAS_EXCEPTION
d32124ff-c539-5fcb-90c1-fdb540b6ff8a,b3cf0a76-e908-5f2b-a150-dab96ac55d4c,HAS_EXCEPTION
8b3eeca6-fdb8-5c66-9d35-aec0613e71aa,f7311a5e-b412-5c3d-9c56-21375238e0c9,HAS_EXCEPTION
dcdc1dcc-cd93-5a33-a7e9-e8e1b2997cc6,dad4a3b8-c053-5579-b86f-afe696b80378,HAS_EXCEPTION
d23cc6c0-fbf3-5338-a4d5-502167105381,f399fcd1-3207-50b3-b29f-bad6b94d5b80,HAS_EXCEPTION
12d8ccac-2d25-5c29-85c7-cfa45f2981ed,72f165a4-4d6e-5a94-ad22-cfa0fcc55528,HAS_EXCEPTION
c5148872-f091-5990-959c-5cd0acd250d9,00541abb-90a1-5a05-8251-2d8b273b7100,HAS_EXCEPTION
1622ba35-e458-5f87-87de-61806f85b755,8fb2d810-f4de-53ef-9e47-76d88e42a5be,HAS_EXCEPTION
bc5ec93c-b66a-5ed4-82e6-15af6adfbcf8,86426992-eafa-5fa9-99bd-b2e1d8c67c8d,HAS_EXCEPTION
310c9dda-e8eb-5dbe-807c-eaba97796e1f,3a292f20-e19a-53cc-b8f6-8744d2e97f9b,HAS_EXCEPTION
6488fc87-88c1-5caa-9048-e64b9c084007,78803613-64a8-5bba-a9c6-0971b6b82e4f,HAS_EXCEPTION
4cf2a2cd-e0fb-5626-8a18-0b5946c6b583,bc2064db-02f4-59ea-8bf0-1429d785de22,HAS_EXCEPTION
9e31f970-da53-568d-b659-c8900fa9df94,5c2bf1a6-20dc-5867-a4dc-48c13a25e4a2,HAS_EXCEPTION
a280e9da-02eb-564e-a448-151fbebad9df,32d3c252-ce93-5311-9d98-ecb94d0a96a3,HAS_EXCEPTION
22d8c3b8-0a41-5f1e-b59a-e506b09a267c,89355bdc-8b2d-523c-97f8-9fd0d8ed5d1f,HAS_EXCEPTION
3ce55b00-b591-5242-bb43-dbab12d50f9c,b6a7669f-8c6f-57e4-917a-9e73c3cd83cb,HAS_EXCEPTION
f2fad968-664b-56c4-8041-5ba44be0238c,42581fc1-0ce6-5c91-b06a-e4fbb647896f,HAS_EXCEPTION
117f6f19-2b29-5975-a3e1-9d08b495378f,7b6ae55d-a6aa-5918-ab30-c81d9d0239f3,HAS_EXCEPTION
c6c7aa48-0386-5c31-82bf-963a80bf183d,627cf055-affa-57bc-ae5b-fbf6a9a76367,HAS_EXCEPTION
94180cfd-f484-5d3a-92e4-f2d34c26b864,ed6ed2cb-28ef-5568-afae-e9a4f78492ee,HAS_EXCEPTION
aec63f49-175b-517e-9f3d-7b7eb6c2de2a,a83d6663-edc9-5cb3-9c62-e2c9258c75e2,HAS_EXCEPTION
cae2ed7f-4012-5493-b978-287321329b58,d26957c0-b0c8-58e1-a289-9045fa3ce7db,HAS_EXCEPTION
5007b79a-1a00-5ccf-b97b-3f0efc27b7f6,f2024f56-b68a-593d-a81d-ed5e9e4d4cad,HAS_EXCEPTION
127cb696-eda0-5ec5-a727-0e8d74a03757,2843dfd3-7a36-5c3c-a8e0-41096b3fe3eb,HAS_EXCEPTION
c58d7d72-7d99-5e5b-a1a2-4786e966e2bc,c5003eb3-7d04-5506-a32f-a2a7130b84b9,HAS_EXCEPTION
fde695ba-c57c-53fc-9793-341f0aba8858,33fe6048-cda7-5daa-922f-9a6400e0b6c9,HAS_EXCEPTION
fdadb5ce-7140-595f-8352-7e320b731ae1,c6fb9a0d-0478-574d-bf62-e87d5c916ca3,HAS_EXCEPTION
92017e2c-3e05-5993-a7bb-2696bc2993da,ffb5efe1-7867-50c6-a95e-0d479af7118f,HAS_EXCEPTION
f22cda67-1557-5191-9a9e-7529ab9f0e33,73fac4d8-830e-549f-9412-382edb8f59e2,HAS_EXCEPTION
b532dbc3-51a1-55e0-99bf-0493f5ef93bc,de6eb3d3-0675-5774-ab83-a80fe0277b7b,HAS_EXCEPTION
1ae99be0-1a44-538c-bf13-a76b4a661f5f,181cfd58-a879-5a4c-935f-feadaa484bdc,HAS_EXCEPTION
04586653-1909-5d3f-8bae-c3e7ed495d7b,2de4448e-d746-55b4-9b70-c08686bff055,HAS_EXCEPTION
c118f39b-5b85-5c65-a0a3-a900c0b57d71,428dd26c-1f9a-52b3-8318-9aca5ed5daec,HAS_EXCEPTION
094cf5ed-5f7f-5fc2-b6cd-82bea0291899,aaf4b730-155d-512f-879b-cc2db892a6cb,HAS_EXCEPTION
32421c5f-3e7f-513f-a17e-710e40c83112,00653fad-a699-5546-b911-6f0cd22298a4,HAS_EXCEPTION
7ebd2f8a-2943-515f-a450-91fba89fe1c2,1310552d-e747-594c-a6e7-c4e48b572d2f,HAS_EXCEPTION
b0095eef-9b75-5d0e-b630-86f375592773,18be4925-9874-5857-b88a-db8691305833,HAS_EXCEPTION
08828df1-dbb8-5e1d-a3f4-20ba2f122de2,f45b8f3e-f820-51ef-9fff-f09e67056503,HAS_EXCEPTION
dba47055-aa9b-526f-a544-744b718e49b5,bac2f0cb-8d7d-5f82-a63c-bc0553993a8b,HAS_EXCEPTION
4d433234-09d1-5455-b7fa-509a14cc123f,72a1347b-d8e0-5277-b8cd-7ba4ace3421c,HAS_EXCEPTION
2e3913e9-360b-557f-be99-34bec9f8d88a,47f3cf63-a19a-5f5d-974c-35316c30db1b,HAS_EXCEPTION
c92ed607-2fdf-521d-a7af-c4a4b5af1509,77a04a54-a642-5783-b073-48dcee25c751,HAS_EXCEPTION
dc1dec0f-9ad2-5e5e-81d8-1a094a75b267,d10fe73f-ce8f-59b7-be69-3798390ac732,HAS_EXCEPTION
b8ae5f54-19e9-56bc-ace7-0a098d1efdf1,a2cede53-4c22-530d-8cef-39fca2a52cbd,HAS_EXCEPTION
a257ff52-aab6-5927-9f2b-13ec5e84404a,d50fd7e3-c7fb-5d5c-a27e-bf5de2e1d834,HAS_EXCEPTION
ce4c74d7-0d6e-595b-a202-3fdf0f38b63e,615494db-5c63-5e58-954d-145a241a6d1b,HAS_EXCEPTION
df7ef0d7-4209-53dd-883f-2675628b26da,8f339e69-9029-529c-b4e0-e081c23abde4,HAS_EXCEPTION
b67c4463-099f-5eb3-b222-73d49e2c176a,2de309c7-a6dd-51db-b08d-e7c1d1413ecf,HAS_EXCEPTION
e8b673cd-d1f1-56c3-8407-1572501f392b,f450c811-bf46-58e6-af48-9bb830c9bc8a,HAS_EXCEPTION
24f5c821-efa9-59ac-a351-9a7d2d08ddb1,9a24780e-7d3c-533e-ac00-b5cd7e6661b0,HAS_EXCEPTION
f468a848-dac9-5e7e-91a2-e2d5f42ada81,846390aa-67fc-5847-8ffe-f9dbfe5b32e2,HAS_EXCEPTION
a5f8376d-9dc6-5b6c-85fe-cd76664f01bc,1538fc63-5d7f-5a75-ba50-fcad2ae78ece,HAS_EXCEPTION
f9b9e410-6a13-55f3-a4f1-3a99ed93aa9c,b9420725-a402-5ff8-9565-f7354e527f5c,HAS_EXCEPTION
3b0c0548-bfcf-5246-bfb3-bd4a53e92561,e1a50994-35c0-59ee-8391-c3b6834bfb34,HAS_EXCEPTION
83464079-167b-551c-825e-7134fe85a94c,a8926511-2d91-5a18-ad2f-5c0f9dec4fa5,HAS_EXCEPTION
d15e9b77-b761-59c4-9f97-a14ce29855e4,25853fdb-6a71-5ab8-a62a-d9c24193f319,HAS_EXCEPTION
1fa7694f-39ac-5db4-a41b-3beb8e6964c1,27905631-ed6d-5d8f-b7f4-94715a56d6e3,HAS_EXCEPTION
1f9d9d28-d8a4-5e11-a329-e93f06eaf363,42a42e41-fba0-58d9-aaa5-b750c9133936,HAS_EXCEPTION
037c9859-39a8-543a-9174-3f514aae184d,841f1df8-12bf-5ab0-8c91-dae6d6466444,HAS_EXCEPTION
879d03e3-84ba-54ba-af7d-bc98bdb2589c,903e2393-9de6-5d1f-9af4-efa47afee892,HAS_EXCEPTION
775de06f-5751-5b4f-acea-acea7f71d038,aa5a7c3f-7d20-50aa-bc61-a4e08d4e96c9,HAS_EXCEPTION
4b8d786d-6667-5085-979c-c0403fc8eae9,4cb8bf81-a2f6-5c47-9153-20ed847fc197,HAS_EXCEPTION
e7ade2cc-d42f-5476-ae05-1bf5698ec279,9e22f6cf-6c6a-5981-99b4-3ac31233bf0d,HAS_EXCEPTION
964f152b-4329-5a56-919a-492510da709f,d8e91be7-aff5-5765-ade5-b9d3eca2ea82,HAS_EXCEPTION
f9e1538f-0628-5516-bfe8-d96d07a35027,9932b987-d2a8-5301-8c75-6623d1de37cb,HAS_EXCEPTION
43a30115-c3a3-56f8-8219-80842b6a16be,029ac210-ffc1-5e6c-a245-8ce9f337c156,HAS_EXCEPTION
349b722b-477a-5979-ad4c-2186c91145cc,b9bb7e00-e4fe-5370-89a6-f144dc0ac777,HAS_EXCEPTION
e973994d-1047-5325-93f6-209e4e1da428,bc445322-16a9-5775-80da-1ad4a30251a8,HAS_EXCEPTION
8bf8f41b-503d-5eff-a1a1-0505614cfdb0,c56b796f-550b-5234-844e-1b8610f8d041,HAS_EXCEPTION
fe89a677-4add-566b-9035-017b55e7dacc,bd5f4543-fd3c-5685-b25c-732835880795,HAS_EXCEPTION
4df3b435-1bb0-578f-8961-7909a1136c3b,5f50d502-a1ef-5bfe-8fe2-0ac9d2d28482,HAS_EXCEPTION
90ad1d02-eaaa-512c-90d3-1f4cca58622c,74b71618-c20a-5069-8d87-853bc2fa74c5,HAS_EXCEPTION
d3b94434-038e-5d18-bef1-49b720aa3898,0567d95a-1407-5efc-95ca-c0ae1fea5fe7,HAS_EXCEPTION
adf91218-21ee-5fc3-b780-ba086f76d1fd,9c8a037f-6a6f-5265-b039-f3764be4c67c,HAS_EXCEPTION
adf91218-21ee-5fc3-b780-ba086f76d1fd,7fda0de0-526b-5423-85b8-d184039338df,HAS_EXCEPTION
77665d97-9e0b-5aa6-9831-ebce0354df6c,c7727270-830c-569b-833c-f252f72bf196,HAS_EXCEPTION
287ef7c7-3517-5fe3-979a-006df8c1a42f,06802b3e-8fc7-5bea-8f6b-9cd222ae05d8,HAS_EXCEPTION
6de5f784-cac6-5401-9014-af4e1f2055e2,158c6f31-49ad-5973-a6ab-c1947e1ac18c,HAS_EXCEPTION
437ed63e-3c7d-572e-b186-b285bb88615f,6daea231-f8b1-59e5-92e2-af8031678989,HAS_EXCEPTION
f235aaa1-442b-5d92-9666-f618c4f840e3,d491c581-a0ad-5835-8520-d7195263d1df,HAS_EXCEPTION
726ac3a1-eb18-5500-9dfa-f9b193dcea6f,7f919043-6cf4-5969-852b-a9c8685e11e7,HAS_EXCEPTION
c54a9792-5516-58bb-8155-71bec14720eb,fdf462f7-882f-57e5-abce-d3b8802ede4c,HAS_EXCEPTION
969fd68d-a19d-5f62-8983-ea19d2b80691,2a104fb8-d609-5ab6-818c-7d67f497e9d6,HAS_EXCEPTION
64156566-27ee-5817-8681-580f9b7e02f7,2be3b7b1-a03a-5e92-b9a2-9d02889ba93e,HAS_EXCEPTION
c6f9295b-3576-5f55-953c-9abff492ff0b,578328e6-ee1f-5911-8b1f-c60583fe6093,HAS_EXCEPTION
8904b3b6-878d-5bce-b772-9dbb2f484246,958765ff-f692-5570-95ab-4571b9625b41,HAS_EXCEPTION
fdb63bf6-bb55-5d11-956f-68766775ed96,b7936fc4-4bfa-5fa9-be89-f9d51ce35465,HAS_EXCEPTION
4ea2a1c8-bae1-59bc-b063-4ebd229aef2b,c4b85f66-8d99-5ad6-b2ad-ed1d439d5774,HAS_EXCEPTION
583c8805-3f26-57f0-8285-016a5d5628f5,ec72a568-dc79-5405-8252-2c89b686ad09,HAS_EXCEPTION
3e41dedd-4233-5a9e-8654-fe511547a152,14cd48ec-1829-555a-ac66-523aadb0ede7,HAS_EXCEPTION
64bc5458-8a84-5926-b24c-f138c82876ce,b79a4a68-f6a9-5012-b136-cd044fd2a1e8,HAS_EXCEPTION
2a4996c0-bd8f-57ab-a5f5-c59e9c8bdd04,380baf76-127f-5815-9b12-c6c9084eff9e,HAS_EXCEPTION
2b0bbb0a-d83a-5412-8a5b-2556c33a635c,76517c03-52f6-5be9-8c3f-a068fd2ceb1b,HAS_EXCEPTION
516e5fdb-94c0-51de-91ee-2e347cca9055,38131a29-549b-50d7-ad4d-c3813c2d725b,HAS_EXCEPTION
2d02677e-f589-5c10-909b-eda156985c73,600564c5-1e4d-51a8-b983-3a0e8e30a14c,HAS_EXCEPTION
5816e440-6c0d-5493-9be1-912d17f89413,9f2a68da-21ba-5a2a-9bfe-93ed51b7670e,HAS_EXCEPTION
583c0ff4-c9f9-52fd-ac65-e42ce9297875,d42709b8-d432-5cc9-b6b3-154f8f26dde9,HAS_EXCEPTION
41825b91-2b9b-5f0f-8cc7-c9045a8ae58f,50a3da13-dade-5b5b-9f4a-ace870b28030,HAS_EXCEPTION
cfea1b01-69a9-5acd-8e2b-e574b9deae15,03c2cf11-3638-5e75-9db8-9730df9225d1,HAS_EXCEPTION
f9cd3acd-00ce-575b-b1b2-39bdb944bff6,1ab37e23-614c-5e3a-8315-48365c8c35db,HAS_EXCEPTION
145a5693-a297-52c2-baa3-457d50167538,1dca2dfe-e91f-5de3-ad8a-38ee1f321c38,HAS_EXCEPTION
4b3f0179-8901-5e9e-a945-10a1c36a320f,92113851-7311-52f8-b1d7-0c2eaeb65032,HAS_EXCEPTION
72418252-941e-54c8-99e2-b528e0811738,8b327359-2310-5281-b54f-4a9cb33c7e95,HAS_EXCEPTION
0dbe5fa4-d508-5159-bd25-bab7ba095183,02b13328-d816-538a-b4db-38e8c842fbc3,HAS_EXCEPTION
d90b9393-1665-5eeb-8010-f24231c6e7c1,e1a6603a-65d5-5aa0-8240-dd2021dee1d0,HAS_EXCEPTION
a6bfce29-9447-5b84-bd96-343917adfc15,c827cf0a-16f8-541e-9205-184cbcf27efc,HAS_EXCEPTION
a570cd04-d669-5038-a97e-09d7cf127308,b3315f35-7444-59ce-aa81-b894bd894b5a,HAS_EXCEPTION
d7c302cd-5916-5e38-b59b-f706d443fdc8,95108c00-6ad1-5d5f-b61b-5639e35b48f4,HAS_EXCEPTION
9a53b150-e22c-55aa-9806-ca40547c6ba0,f1523127-a501-5112-accc-431c832fda7b,HAS_EXCEPTION
c920a12a-4750-5a4d-a4b8-422138830b2d,3ce75ebe-1e2e-5f68-b174-5079ce4f6809,HAS_EXCEPTION
c7182bac-0053-50b4-9987-8d999d8b88c4,cb0aaaf7-1f92-58ae-bfc8-27dc8cc0cc1c,HAS_EXCEPTION
74b58b5d-3a43-5e1d-9fde-9bffabe272c0,9401c51a-5cda-5094-a347-a8a0368e4f0f,HAS_EXCEPTION
bbde8d02-fff3-5519-86f6-6d398d3850da,b24771fd-0370-5027-9014-2f4924bbd519,HAS_EXCEPTION
a51b433d-7c67-5491-aa7e-7200881d8a25,2b3ddca9-913e-57c2-a6a2-e1671b1ec814,HAS_EXCEPTION
fce6f92e-7e97-5323-9e70-af0fe517517f,825654d5-2e5d-587c-9f44-48cd98d4527c,HAS_EXCEPTION
fce6f92e-7e97-5323-9e70-af0fe517517f,b554c286-7aa3-5820-8580-fc00d60ecc46,HAS_EXCEPTION
46a5d891-ef87-5198-8465-5b8dfefad0a8,1eb001df-0cf4-50f9-bc69-564e669cf334,HAS_EXCEPTION
d3955441-1ccc-58f9-8e61-c1f83de6f3fe,6df10481-f1ca-52ef-98a8-9e92210c5221,HAS_EXCEPTION
4d1b0be6-7358-5f3e-a6a8-a403d482c4cc,5549179d-d432-56fc-97d4-5dcf2e8acc6d,HAS_EXCEPTION
3ae53433-5b24-58c0-a48a-b903235df0f2,20dade7b-8d7e-5569-ba40-b0130c498378,HAS_EXCEPTION
5afb02bd-7a2d-5236-b2fa-8e339b283505,7feb2440-0ea3-533b-8500-a264a6520e80,HAS_EXCEPTION
60ff47e4-5a20-55e6-bdf0-43aad603119a,41a7d29c-22e3-505d-8cb6-5d58a4c6e81e,HAS_EXCEPTION
d97fe591-aa4c-5e8a-b908-75693e12e96d,6d1b5583-c326-5633-9271-4357b453949a,HAS_EXCEPTION
1066fb17-e79a-5b79-a9f0-544a4333c76d,d8bc1bb6-e734-5421-88ef-99694cbef4dc,HAS_EXCEPTION
d312f9b9-6450-5241-8348-4d3681774b01,e867bb37-7103-5b24-bf7b-0a65c79e5ac9,HAS_EXCEPTION
8a7242c1-b9ac-57c3-aec4-b9ed42100bd3,6286e74a-11ef-5bc6-bd3d-ca35df881b3b,HAS_EXCEPTION
f09c36d6-fc10-5b86-b45d-f1bc16812d6e,3fc354aa-1202-54e7-8dd8-313bf5eb44ac,HAS_EXCEPTION
68e025d1-3c76-512b-b80e-6bce50cd205e,c1d98784-ce6f-566b-bf8a-b0d3d50f3abe,HAS_EXCEPTION
d9caea3f-fc13-571d-8a96-421b808e411d,97bae80b-d87a-548f-86ec-e43b43f2bb21,HAS_EXCEPTION
79dd84c4-61d8-53aa-b87f-a1841c656d9b,ea03b5f6-8b85-5cab-90fd-1f58f0a19345,HAS_EXCEPTION
80ff53ab-d4fa-56b2-a549-70b17efeb7fe,be9c9a12-ec6c-5f82-8508-504662ca7b19,HAS_EXCEPTION
28574e79-e546-5e61-8537-74b66ccb868a,6487937d-b2d9-5d66-9730-1c77f412c3f1,HAS_EXCEPTION
98b94a81-7751-5839-b144-085d2bd22cda,5ceafaac-ba6b-5e26-994f-80b60dea5e50,HAS_EXCEPTION
7c321d7f-41e6-56e4-afcc-13e427abb200,f5454ee9-3fda-5a58-819c-0b399a552414,HAS_EXCEPTION
042793ed-db22-53a1-b775-23faac7e014b,7d6e95a4-5683-5728-8fa2-fcaf430f0c36,HAS_EXCEPTION
9e6edc84-e446-5f87-bf19-7aeb5cd7fa5a,ce6abfa0-a9f8-5e13-9010-0291e9caba78,HAS_EXCEPTION
f44aca17-7da8-5b01-8285-ae71f323c8d1,8e08b5fc-d7a1-5497-95d8-100d7fae8f01,HAS_EXCEPTION
75648bb8-4bd2-5e0d-8171-1c0f9470daa9,1147a5e0-13d2-55e6-b2ea-b7ce454b4015,HAS_EXCEPTION
c83b3744-f06c-5b6f-816a-ca7ad8b95683,990faef8-4b13-5bf8-9fb8-76356c45d300,HAS_EXCEPTION
55263bd3-805f-5f12-b8ad-01a744f6a5c0,3d5c9c75-d773-5b7a-8ca5-3f48a95e0a33,HAS_EXCEPTION
d38d5286-07cb-5292-9894-e52c7d98e583,0b259514-3c38-5ba0-b5de-414df8c07670,HAS_EXCEPTION
12a1f868-c751-53f9-8f67-27c44129d7cb,37bcb419-f9f0-56a7-9ad6-d231c11c7b63,HAS_EXCEPTION
af27d829-e80f-532d-bab5-d1e6195cc0e5,fde9e85b-b4cb-5deb-875a-0f277bd7a1e6,HAS_EXCEPTION
78aca09f-aa8a-59c0-b831-2e5dd6c012f9,ce49963c-9db1-5e67-81bb-e8eefd2686fb,HAS_EXCEPTION
062b1afa-d42b-5ba3-88be-23ff8b7c8cb8,b6751add-41c0-5425-b6d7-ad4b1cc611ee,HAS_EXCEPTION
f6938ed7-4184-5c07-8ac4-3cf99ddbae0f,44404810-1fe6-572c-b5af-e5389a2c0e34,HAS_EXCEPTION
6c96a169-3198-56a2-8b3b-468865f1485b,5024bdff-ed67-5448-bda5-dd485905288f,HAS_EXCEPTION
c8e1deba-b126-57fb-bfde-40e8a0c7850e,9cd36630-6c62-58d1-9a16-d7b53bbf84ee,HAS_EXCEPTION
7b8eb3f7-6f9f-5c78-a511-f0a9ed71dfcf,a70ab151-0002-5eff-bc76-d88f15d61b0a,HAS_EXCEPTION
433f085d-173c-59ee-8804-6f8584a35e3a,2cff65c5-dc62-50de-9a39-db1ecab786ee,HAS_EXCEPTION
39310b4f-44fe-5dc9-82a2-e83d1d3b749b,c97c691f-f0f9-5348-acf2-c2cf8d0e2b6e,HAS_EXCEPTION
65c20168-ca93-5d23-88b9-8af58b45e997,6f74fded-4245-5f39-bd95-53c8f885675b,HAS_EXCEPTION
6f5ddbda-8fc5-5a20-adca-971ed0a8a377,1e1d8f56-f223-5e87-8d80-2361c960eaf9,HAS_EXCEPTION
340b680d-ecf7-5392-9845-2912bf43597b,28d47294-1b68-5450-8468-be91a3c6486a,HAS_EXCEPTION
b50557ba-3624-5bf5-a319-8d80a6ce0728,e97cab8b-7147-5165-81a1-4e96e572355b,HAS_EXCEPTION
8f5995e5-36ea-5c81-8a54-7fd3b459bd9d,db958c0d-3ecd-59d5-b721-f7db47200761,HAS_EXCEPTION
bc72629f-d008-5c1b-a38f-5e0b3a9dea87,ca3816f7-7ba8-5238-9231-8ac78ef8ec6c,HAS_EXCEPTION
bbab8220-cb0c-566c-b6fd-8005db6cad67,7f92143d-f62d-5189-bc50-1cf701efe8cf,HAS_EXCEPTION
e6d6844b-0b23-5930-9570-872c7a789b95,7d5f154d-0f90-529c-a2f2-2622c1985072,HAS_EXCEPTION
40bde7ba-e1ce-5e3d-811e-10442b727a66,f574246e-f6e1-5947-b478-d2f49ca5758f,HAS_EXCEPTION
f330d931-b4f2-544d-93aa-04451f30ff74,b82183aa-3809-5041-8f56-db256e91c2b2,HAS_EXCEPTION
5cbb14fb-9e5f-59d7-b577-2f0ef63bb40b,7425ef17-39a7-5220-bf24-acded8d6acd9,HAS_EXCEPTION
aeef637e-d20f-5991-838f-a2739d2ead86,7030826f-1649-5160-9556-9daa61b8abf9,HAS_EXCEPTION
5d02b517-2ec2-5259-a3d0-a82eb62b4db6,58dd1a15-2be3-54df-9879-c2a34afbbd39,HAS_EXCEPTION
13df7fa7-8d6d-569d-9009-ec3184d6a672,d56c4a2d-3ae2-5630-a8d1-43b103d634ce,HAS_EXCEPTION
868cea10-f79b-5e7e-91eb-852de42f12d9,f7a2672d-1f60-54ba-81bf-d42867668fde,HAS_EXCEPTION
f147c7a8-6c3d-590e-8e09-bff776c891c4,5a05ee94-ddbe-559d-a096-7b0a4b3fdca3,HAS_EXCEPTION
8ddd2625-6f0c-56f9-8335-28539ebe5826,6f907cd9-55e7-531a-b446-66ce84bf38f2,HAS_EXCEPTION
c20f52a7-053c-5388-8a04-c46fcc427a33,c184887f-d1a8-5714-83c0-b2685431c865,HAS_EXCEPTION
ec03af54-df08-54b9-8e8a-1f627ee35841,576f6ba6-29d6-507a-935f-146c164b14ba,HAS_EXCEPTION
985fa4f5-5677-52fe-81e9-c159334ddfa8,703c9353-2af1-55d1-9c83-20aeb36194f6,HAS_EXCEPTION
66fd5e9a-43be-587f-98ad-b8bde08814ca,f0bac7a3-b782-5111-a157-ea8361168560,HAS_EXCEPTION
ccdba096-8674-5890-a45e-9c32da882b47,d8693ab3-1b6f-5d97-b48f-5c675a826156,HAS_EXCEPTION
599c75b6-b35e-5226-92b0-698eb5b78487,64c8d321-b3a1-5d39-8eb9-aeb6e236ff70,HAS_EXCEPTION
be9273e0-fbb3-57e3-a55a-3b865b9f25a3,5a6a1ff6-b2db-5e63-8291-49907faaab81,HAS_EXCEPTION
90ed908a-7160-54fd-b45f-bb5c10cadcf7,682fa6b7-8438-5072-b210-a2d402c63d55,HAS_EXCEPTION
b6a64774-d25a-5b2a-b48f-d72a8e1230a9,38248a60-e115-5e1a-a11b-460696cf9d48,HAS_EXCEPTION
0a677bc4-e6c4-5520-a689-269e5e5306aa,5c93c489-bf7d-5233-b289-bbd470ee82c3,HAS_EXCEPTION
cae0f10c-6fac-55d6-af28-be8bd6712ce7,2bf8fda1-9e11-5528-89a8-9aecb73b75d6,HAS_EXCEPTION
860141ee-1db3-591a-8194-9f7717a5e784,a4c60932-9c05-53fd-bcff-bade66c45221,HAS_EXCEPTION
860141ee-1db3-591a-8194-9f7717a5e784,71c72c48-1ccf-5d3b-86fd-de1c831a677a,HAS_EXCEPTION
9883b462-136e-5102-ac2c-26a569aaf390,9769b00c-2c6f-5933-b0d8-66f81cdd2fa9,HAS_EXCEPTION
9883b462-136e-5102-ac2c-26a569aaf390,6f6eeef3-a358-5963-87d6-4d35d8e2fd77,HAS_EXCEPTION
4d82f4d0-a8c3-5dd2-a909-e95b24f743f2,fc4c5f15-9453-5e81-9542-ca3319defbcc,HAS_EXCEPTION
a7136c25-1b1f-5fa5-9eeb-4d1c2241a6f6,cbb8a2f0-40a1-595a-b73b-dfb8c3c68f83,HAS_EXCEPTION
e55f5b14-356a-5605-ba3f-dc4d305f0f2b,4f11948b-e66d-5166-ba1a-3992727a7512,HAS_EXCEPTION
63cab556-b032-5ef9-92ae-ca409e026dab,cf018303-273a-5536-8d99-883b170f0782,HAS_EXCEPTION
33f96b74-ae9c-5b19-8b80-761c5aebd981,afce3a04-7b94-5797-a5b2-842c3f197522,HAS_EXCEPTION
d7637e82-11d0-5f7c-a473-5275c050b859,ef50b537-7d59-5463-99d3-78f55ec0aee8,HAS_EXCEPTION
ac100d91-9bb2-54f6-b45a-b84f5694cb28,c90c8046-f783-5ecc-8e6e-42f8d7ad8bd5,HAS_EXCEPTION
f1db06bb-097c-5113-9e80-970cfaa278aa,f4b5f626-9ed0-5f67-beef-cb1bfb129b7d,HAS_EXCEPTION
4b43e145-c366-549f-8159-c8faaad2e16e,cbc15d42-ec8d-59b0-a112-d4c99499430f,HAS_EXCEPTION
37fb4645-e6f8-5a30-a7b5-3e0a1efc8c60,ac549a98-f527-527c-9949-f3aa1787f8e9,HAS_EXCEPTION
579fda16-befc-5306-87b3-2aa3bad79a0e,80627060-c407-5484-9ab3-7fb12153ca83,HAS_EXCEPTION
76fbde5f-763d-5a2c-b765-e1a960bc401a,4d30e699-962b-5238-9f4a-026a7cd12b27,HAS_EXCEPTION
2091d1d7-d7b8-5cef-809a-1b1c3425640c,70e74a6e-f676-552a-ba0c-c292102a62b0,HAS_EXCEPTION
ca4203a0-197c-519d-8ea1-e0b3ab39ea3b,c64a2c78-ffd8-5aba-988f-2f90ab53189e,HAS_EXCEPTION
abbf6daf-edbf-5a86-8745-a695de762f1c,b9ed272d-a7d1-58c4-8a01-a093ea171177,HAS_EXCEPTION
07130d17-39e1-5b28-bc9f-80255b9caeff,194983f8-9681-5fb9-a7f3-915abd1a4e32,HAS_EXCEPTION
c02f44f6-5299-5bd7-9159-d6a16cf34292,db0a122a-8045-5cb4-8359-091366c65a46,HAS_EXCEPTION
e07bab57-278a-58df-b095-4b74c77eef74,b312a762-a355-51d1-92b4-c448b1314e24,HAS_EXCEPTION
7d1afef1-c65b-5ef4-9b27-ee9da6db2e39,d86e38c9-01ee-5624-97ff-f1acb9717e68,HAS_EXCEPTION
a7fe6f5c-98ea-58ae-a05b-35d2e82cfb86,f7094480-cc5e-5d5c-a430-550b0e55c961,HAS_EXCEPTION
0149f75f-173f-59a0-a95a-c37dae403502,9765bd42-290c-5465-9fd7-72e6f3c73717,HAS_EXCEPTION
1c098028-04e4-5a75-a2f0-9b9035e51262,56ec5f3f-c6f2-5347-a413-7b643b499ade,HAS_EXCEPTION
b3330695-5072-55fe-9015-c4546554fd48,dd20b54b-0eab-500b-975c-f83624308b2e,HAS_EXCEPTION
b257b2df-ee67-50c1-a68b-d3219df55dbc,09720c87-45c9-5ef8-8d2a-e0bca12a42c9,HAS_EXCEPTION
d9173a12-4f26-5a18-bf13-402fcb8b9aa5,dd3eda69-2607-57fa-8f24-253d7d32b97b,HAS_EXCEPTION
8736b4b8-fecc-54cb-a3e4-3ad30b7c6e5c,13def1c1-413a-5f89-b8f3-bf485d5e7c94,HAS_EXCEPTION
1b548348-f6bb-531c-8509-f31e084dbbd3,6d4fe67d-ca40-55e6-b44b-f6773e9649fd,HAS_EXCEPTION
69877f32-d0a6-5665-8de1-27b956ddac86,3c715064-e094-5800-8c73-48e2cee028fc,HAS_EXCEPTION
1da37875-594c-51c2-821d-d7b76423fd42,3ed1de05-af2d-5270-a4ed-bda88bb09705,HAS_EXCEPTION
119a5aeb-fe1f-5ad3-a0e5-d54d8b305bc2,b9463e3c-4a69-5c57-8293-f28ad21187bf,HAS_EXCEPTION
1e78f674-5071-5ee3-b40d-d9348929686a,7be6a898-1694-58fe-a383-b83db007e296,HAS_EXCEPTION
bf202e64-17b1-5701-869e-b768266dcffc,b3a1f383-cb8f-5c4a-b9c1-f2ac0e7c7f5d,HAS_EXCEPTION
68c32fc7-8885-5b8c-8d32-0460ad69e2a2,1a04e74b-1965-5f2b-a608-e933f6839640,HAS_EXCEPTION
757cf241-ba58-500c-8302-0f21b2b311af,90ff3e0a-5e63-5995-894d-c587358cb968,HAS_EXCEPTION
eef9aa3d-5517-5ff9-8909-fad7f754c1f1,3add4554-4746-5523-bbb9-f1c303a8620f,HAS_EXCEPTION
88d636cf-6855-5375-b4ff-25634abbf2ae,5015c462-2d8b-5751-b00b-de04cff16577,HAS_EXCEPTION
02fde073-8eb4-5b5d-aef0-4daf9c9c2573,db635d0f-8d8f-5fa0-bccc-dd8dd15f1145,HAS_EXCEPTION
da292618-6998-5f0a-924d-991287872867,bfbf1ed8-ba24-52dc-99e8-5b35f27f7d8f,HAS_EXCEPTION
8f3917de-2b20-507b-a366-56f2bbab7f71,529a019a-cbe9-53b2-94a8-8ae806c23594,HAS_EXCEPTION
591788ab-c6e3-556f-8714-3f2065bebcc7,e52f97e1-1244-510f-8afb-69ec24bd76c6,HAS_EXCEPTION
e3a7a629-8c75-5ab5-8baf-842a9152ccf6,afebedf0-2fa8-557e-b77f-bc479823cb01,HAS_EXCEPTION
5a89e4f9-bac2-5b31-a6c7-3f52ce1b633e,e156a175-05d0-5216-b81a-9f82e260ad4b,HAS_EXCEPTION
bec08c83-5b35-5dcd-a43c-180f02acb199,5c6c9fc7-ca42-5572-96f4-bc158cae622c,HAS_EXCEPTION
90eb4fec-3a68-573a-b566-dfb2630ececd,b32cbd3b-452f-5a7f-9b3d-739e65baff6a,HAS_EXCEPTION
6f74f2fd-59a3-5886-9274-0736bdc4563c,f332b6b4-ee4d-5fd8-8c44-d3c1a0df99d1,HAS_EXCEPTION
c399d2ba-ac7b-5a2f-b04c-015ca1f352cc,bdebf31f-3f35-52ff-a8f4-423a34a1c3b7,HAS_EXCEPTION
90da559c-e0d1-5892-87c1-22cbd735070d,baa5100a-feee-5a04-aa8c-09cc000c06cf,HAS_EXCEPTION
f486cdfb-0e9a-58da-aeec-763f1f782fb1,a72dea2f-0483-5438-97c6-dffb2138103c,HAS_EXCEPTION
44122ef6-4939-5309-9185-35fb284ca550,b98b9f7e-87ce-56e3-9607-384e719d557c,HAS_EXCEPTION
a7baed04-ecd0-561b-8b7b-c06124e3e34d,eb157cca-7060-5874-83e3-4c2d1c73ff2d,HAS_EXCEPTION
2c0be2ea-3da6-57d0-81cb-63f703069a18,8d9460b7-d12a-5e8e-983f-ad51a3105e5a,HAS_EXCEPTION
14ea5be3-9518-59ec-b7e6-bd1250e13f7b,042591cf-513e-5f85-9bdd-b3b286b76507,HAS_EXCEPTION
4fb575a5-2d15-58f8-8522-e31f7b641121,114f8bfb-4abd-5d5a-99a6-8c7a597587cc,HAS_EXCEPTION
c4531dde-f318-57c3-b1d2-1315f2a7fba1,00871c2a-5894-5f3d-a3e7-9f8debeaf78f,HAS_EXCEPTION
3d42db73-6711-5c3f-8a43-76aa992682ee,c18a85db-874d-5f47-98f6-9f7b5bbfce86,HAS_EXCEPTION
8fcbf278-5a2a-582e-bd30-7eb50c960673,99fadb6c-f7c1-54c2-87e9-4dc727b603a9,HAS_EXCEPTION
be09de54-f6b8-5507-bfc1-e01ff85cef49,a8f7d5a5-2e79-5759-aa9a-247c1c71dbaf,HAS_EXCEPTION
46bf53ab-d1fe-5e5a-9205-388792341dad,c295d1b5-0aa1-57f4-8030-51fbcda9c389,HAS_EXCEPTION
ce52e541-a4ce-5ec3-afb8-a5fab80d1f97,70e03f79-2dcb-554c-88d6-d20274b2d1c9,HAS_EXCEPTION
ce52e541-a4ce-5ec3-afb8-a5fab80d1f97,437a3773-46e8-5a95-9b80-a73b22de2349,HAS_EXCEPTION
fc8c1709-5b7a-5e28-b34b-bc4c61975892,f9743cbe-06dd-59e3-b6cc-b4fd8108b636,HAS_EXCEPTION
ecc41f11-763d-5d31-9cc3-7d29bab474da,66b47839-3751-51fb-9c44-57a8a6e3cc03,HAS_EXCEPTION
7d3cf765-10ed-5868-b732-361e3be96946,b4a0f312-57ae-5b30-8c7d-8c3a324bea9f,HAS_EXCEPTION
2798bf98-4914-50ca-86d3-ee5d311dc135,e435c6e1-75b7-505c-b0f0-8b7ad882b6a5,HAS_EXCEPTION
7f672ddf-3c24-54f4-94c8-f3e67afbeb5a,aed9829e-ddd3-5c37-b250-c197badc9126,HAS_EXCEPTION
e836532d-2d0c-5e1d-ac30-d4035bcfa02e,aee92018-a5dd-5a66-8001-c89bc64af96b,HAS_EXCEPTION
e836532d-2d0c-5e1d-ac30-d4035bcfa02e,f7f35d7a-aeed-5cf0-9d9b-8ed325a59712,HAS_EXCEPTION
1c5f7285-cd24-58a7-8fb4-b3a84d978109,c73680a7-6c56-5535-bee3-16fdd7571f6c,HAS_EXCEPTION
86bc5908-f3f6-591a-914d-8b51326ff75a,2469d5cf-6e70-5bba-9b8c-a34beb6b9fb9,HAS_EXCEPTION
f7fa5fcb-c078-572e-8125-bc064cbd4e38,15735934-78f6-5bb7-a2ce-d67841ec06b9,HAS_EXCEPTION
23a21d27-2fa6-5015-8c47-53009fb3cdd8,485710b7-039a-5da2-9378-68528845f20c,HAS_EXCEPTION
895124ee-8ae1-5416-a92c-c876685d13b0,be09143b-a61c-558c-b4d4-1238d90e789a,HAS_EXCEPTION
920ac3a4-6e61-5cec-a78e-5e3c5bf86f53,c76789f5-b525-574c-bf4d-67bb61c3e69a,HAS_EXCEPTION
bcadb973-5255-5153-988c-c5eb90f249fe,fc1c340a-b512-514d-b616-9fa77051258e,HAS_EXCEPTION
54c79bdb-54be-5bd6-afdd-eecbf5c7a301,e65bfcc4-f116-5df8-8055-bc73c2b2d6de,HAS_EXCEPTION
0fdec6ab-d47d-54b2-9e0a-64c3179663e3,4bf76f5a-9e0e-52b1-9886-bb64c801a36c,HAS_EXCEPTION
0f3d2a02-6eda-5910-bbfe-e51f2dec389a,c6824241-8f6b-5daf-8764-fe630155912a,HAS_EXCEPTION
82f90d06-5eda-5f47-b691-c580b30c22b9,f6866a62-3107-58d3-a837-2a060499c288,HAS_EXCEPTION
d4cf2202-35e5-58e8-871a-b1eab0f052eb,9b58974b-3b96-5951-87d6-f9bb1b1933af,HAS_EXCEPTION
17f1c277-0473-5e54-a9aa-5251d29e258c,ce9e1c58-6759-5699-9aab-775ce22ce4e5,HAS_EXCEPTION
90a2f694-9b8a-575d-b22e-50590c24f112,6a597b23-d2fe-523f-a81a-6d50aafa988c,HAS_EXCEPTION
01c50e2b-f96c-53c2-ad1e-a22872b4acd8,7ebcef5d-f5c6-5cac-9b50-d82994f3941e,HAS_EXCEPTION
983759f0-9c52-5453-898f-9024105aa5a8,e44abad2-70f8-54a0-b880-def7d5a7a768,HAS_EXCEPTION
d19bc858-0ebe-5419-9c9f-207a177010a7,7c43b366-44e9-5739-8fda-b44af938f895,HAS_EXCEPTION
15071c2c-ea38-5ef0-b3f0-8eb42287faca,5b71b0e8-6dfb-5b91-8b10-8e24dc57a575,HAS_EXCEPTION
bb318131-c418-5d13-a6eb-00590073d219,9a0f8334-a89c-5d8f-96ae-a4266b53d1e5,HAS_EXCEPTION
aacfbd3c-a60e-5e14-94e3-351866794130,f3d5cd06-80b4-5f63-9c6a-cb043f4f6104,HAS_EXCEPTION
67487243-9581-541b-87db-b42ea38e66df,65d047f0-0e13-5743-8b3e-590c1cbc0d9c,HAS_EXCEPTION
2f45b3d7-e89f-5401-9e6a-0ce55c92a957,5463516d-ed70-56a0-b40f-c24b06f56136,HAS_EXCEPTION
4a6071b3-8ded-5ce6-b9cb-0fec90127cdb,011155bd-e477-5382-b83f-cf3973c8f95c,HAS_EXCEPTION
24293447-95a2-582d-9928-7b9f0e9c0b5a,2864329b-9d66-56a7-a7b7-744253132bee,HAS_EXCEPTION
36e42459-9f8e-5fb3-8d94-a5e02dfe0ecc,4e6f301f-9631-591e-b106-5fa998126a16,HAS_EXCEPTION
e27bf76c-52ae-5e95-8bff-e67a96963e12,62afb30a-55dd-5cd9-a60e-57632a670212,HAS_EXCEPTION
de50b5ac-b937-5cf2-be80-3edb87585499,7b2cc46a-33af-5d38-aa96-542a530a52f3,HAS_EXCEPTION
3058a2c3-d95a-5dc6-a0fd-7774477b4b94,ed528fb7-4ce8-5d9c-9346-3244d79ece6c,HAS_EXCEPTION
5d6d5e19-ef18-5acc-a2f1-34cb47fe5278,b440c4a8-ac6a-57f8-b389-172ae5ef4f1b,HAS_EXCEPTION
9b5be9b0-b9ac-5efd-aa84-414f4c20844a,69f783a9-0e6b-5881-ab33-21f6ce8db669,HAS_EXCEPTION
f64d637e-3898-55e0-b81b-132c61b0d74e,e30f1627-cc15-584b-b4f6-425503ea05b2,HAS_EXCEPTION
e679337a-d7ed-5fa3-891a-673a1830818b,17357f92-dd46-5359-9478-412db82191ed,HAS_EXCEPTION
310c9dda-e8eb-5dbe-807c-eaba97796e1f,b0191394-0efe-5346-9687-48453e70aaa7,HAS_EXCEPTION
4cf2a2cd-e0fb-5626-8a18-0b5946c6b583,0ee046d2-5d6b-53c0-8664-c5a0b2133304,HAS_EXCEPTION
a280e9da-02eb-564e-a448-151fbebad9df,afd28035-e72d-5a53-8a89-804e4281c7ef,HAS_EXCEPTION
fc67a171-b4c0-519d-a8b2-ee2b77a93cb2,90ab1e59-84af-54a0-bfbe-234da595ede0,HAS_EXCEPTION
f2fad968-664b-56c4-8041-5ba44be0238c,a0ea22af-5de2-54c6-b5df-fa748416bd48,HAS_EXCEPTION
c6c7aa48-0386-5c31-82bf-963a80bf183d,76450e24-2c65-5674-b1af-cbabade92bb8,HAS_EXCEPTION
9965839c-2dc1-57af-bfb8-424bfc685fcd,8838571b-2107-51a1-85c9-f2bca60566f8,HAS_EXCEPTION
75b87eab-2afa-5bf0-878c-ab56d0de6e17,51023456-723a-5851-bdef-4fb859711a67,HAS_EXCEPTION
918e0d21-7ae5-5537-a1bd-5232d4f9b5fd,e9e2125e-1875-5d24-8c10-ee58794d0787,HAS_EXCEPTION
c118f39b-5b85-5c65-a0a3-a900c0b57d71,409fe73f-7001-5fbe-886a-72265587740e,HAS_EXCEPTION
094cf5ed-5f7f-5fc2-b6cd-82bea0291899,472df78f-128c-539a-8090-801c7ee50b0f,HAS_EXCEPTION
594ccf0e-81b3-5d82-b106-fa9b9f3e356c,5fc1f4ea-9919-5452-ab8b-0c29b6ba8663,HAS_EXCEPTION
9ce4b7e1-25af-53b1-b2ff-a49908336e85,bd514c81-a179-5e11-b919-56fc5c710ac0,HAS_EXCEPTION
8b3cf822-72f7-5699-8f07-a9925d436b74,303cd553-52b3-5dad-86fc-8c9292fc9870,HAS_EXCEPTION
f9b9e410-6a13-55f3-a4f1-3a99ed93aa9c,0211e0f6-37c9-5eea-ba59-68875ed06465,HAS_EXCEPTION
62da2fe6-1577-5a5b-87f1-12a48a67d52b,37562de6-b1af-56b7-9ac4-60f6aaf22c59,HAS_EXCEPTION
a6ec6bb3-9be0-5fcc-8991-dc051b78ecba,125101c5-3fb2-5531-ac50-38e936b5134f,HAS_EXCEPTION
879d03e3-84ba-54ba-af7d-bc98bdb2589c,586516ff-373d-55d7-85be-0d26d0ea5a2a,HAS_EXCEPTION
9249d651-c2fd-5236-bc28-1fd8c63c441b,fbed83a0-85e6-5f0b-8229-cd6842778e7d,HAS_EXCEPTION
4b8d786d-6667-5085-979c-c0403fc8eae9,4f41e3dd-8430-5702-8848-be54b731570d,HAS_EXCEPTION
a2520003-bfae-5baa-abfc-9537eeb16737,01ea3afc-32f6-560d-8c6c-71c27e1437a6,HAS_EXCEPTION
5d1aa79e-e2c6-51f6-a186-17d185be1b9e,7e3e20e4-56b7-55a5-ac6e-915bdd30830f,HAS_EXCEPTION
c54a9792-5516-58bb-8155-71bec14720eb,77ba5fb7-7c76-57e9-b425-75af5f89f4de,HAS_EXCEPTION
fa2a6c65-48a3-56e7-ad2e-f6ec2fec7cd0,b9f58651-4490-5320-a907-3da870ef362a,HAS_EXCEPTION
a90a4d2a-3633-55e9-b3a0-ed4b949a6657,508dcc08-c88a-5dd6-b923-c2d4f2e64e6d,HAS_EXCEPTION
fba2c763-71a6-53d4-bab7-f22789ead56a,a893ab03-10a2-594d-9236-4f4571b1d4ba,HAS_EXCEPTION
a0974644-47a2-5a52-91cf-da916c8b759f,611f8ad2-24d4-5aae-b1c8-910e2b92a17c,HAS_EXCEPTION
34bba181-d8c8-543b-b5ee-334e0dec21b9,321a3ad6-fe11-57db-ada0-b08aa1df2709,HAS_EXCEPTION
97afd1d6-bddb-5eb6-961b-a0857ea06b2f,425a0cb0-a462-5848-a06e-e3a55014ddea,HAS_EXCEPTION
9a234935-cb5b-5785-a50e-14716b646118,e14ec4b3-9106-50ad-a806-ef0af0aa39e5,HAS_EXCEPTION
a8812b07-db52-5529-8543-c3430110c4a8,6b2fb618-d12d-5e44-a0ba-3525776c2808,HAS_EXCEPTION
6862649a-cb6e-546d-ab51-d7a71b50b7c8,f806013b-5a2a-5e0c-8077-3ce840042c30,HAS_EXCEPTION
1fb42c50-fe48-52f8-891c-1146a49340b2,c210550d-7fc1-5d30-b8ad-0d64cb38db2c,HAS_EXCEPTION
a9cc6c8c-8860-5ab8-a336-4571c6b8a495,b436d593-2e15-5b35-8ced-b65fd6c9c837,HAS_EXCEPTION
a37d0e81-ae79-5b2e-b3ac-164c7af49bbc,87faa3f8-c6df-574d-b3fb-53a8c7e6c218,HAS_EXCEPTION
edb8cb45-764b-560c-841d-6fef08444d46,30f1b3a8-4ad7-5485-ba81-cbeb4fa149e3,HAS_EXCEPTION
1ab3460d-8b5e-5a77-93d5-83e5b860a4f7,7d285ff4-e76e-5bd3-8764-f47e8ad26d3a,HAS_EXCEPTION
c2ac2b38-292d-5f4f-81b7-8c2df84717ad,fc85a9c0-66a2-5669-8abf-5aca2db6db9f,HAS_EXCEPTION
1d8a0da4-46cc-5312-ab3d-bd244a15bdef,5bafe063-134f-553a-bc51-e3cbf2dea11a,HAS_EXCEPTION
26c3f418-0f95-5954-a901-982a7046d699,29468a41-6672-5143-912c-01c7fc308381,HAS_EXCEPTION
fd90368b-0ae6-50a0-9117-7690bae2e53e,da9e7992-3a89-5921-9a9d-82faab2479eb,HAS_EXCEPTION
5acccbff-58b4-54d3-91b0-983a81baea5c,990f428c-0e0a-5d7b-9260-669182870361,HAS_EXCEPTION
71a8d082-7f67-52d3-a476-27897ed91d45,691dfb60-8515-5c52-bd5b-b30b16cd8ff3,HAS_EXCEPTION
1bec7bd9-ca58-53aa-a81d-767bab30847d,f3045391-2f7e-5208-949a-58d63529df8f,HAS_EXCEPTION
477f8285-0b57-523d-b95f-82e8cc0f471b,d7a9d859-1a13-5c84-99c6-abf25503bf4d,HAS_EXCEPTION
9f5dbb4e-9326-5981-b39e-8ac473ea0bde,87e0a55b-9dd0-5a72-b3bf-bd9f92ed6fc8,HAS_EXCEPTION
1040df09-4b08-50a2-8b16-d5f18d87a2f9,f6218183-2215-5ee9-bf56-2bd186e0fbd2,HAS_EXCEPTION
1b23dafd-792f-53b2-b0f5-8076cb89369e,d13630fd-0877-5302-b0ee-2a2cce995a7f,HAS_EXCEPTION
2b034bbd-7d64-5ebf-ac17-d4409f09c994,bcfd21c7-fc73-5954-a668-aaedbbeaba18,HAS_EXCEPTION
efe73af8-68c3-5189-96a3-8e09179d45e0,8ca12ab6-0d5b-5f05-ad8a-b1be8e91fd51,HAS_EXCEPTION
c501ca34-8b31-5d87-b533-1987144b3d0e,61b8b819-7b80-534f-8d24-2bd904f6921b,HAS_EXCEPTION
33b6f6dc-aa61-528e-aa5c-7c165b8eb5b5,fa952b99-78db-5d04-9a8e-6760381f7ea2,HAS_EXCEPTION
9afeb506-cffb-59c0-93a3-d3b026408c08,09d539a7-71f6-5b72-b6f4-35c8c3da1833,HAS_EXCEPTION
99f434a3-0e6d-51c1-8e25-ef94730c9f82,512c5ec1-33a6-53df-abdc-8e02f7bcb5a1,HAS_EXCEPTION
a4b04eb8-5e60-5e74-aa13-5d001d4fb366,d3dc5af7-fdee-5a63-bc15-81c57591718e,HAS_EXCEPTION
1cb62891-b28e-50f9-b913-66f37305df04,7d14b7e1-5118-5577-a2be-9205ab489655,HAS_EXCEPTION
49df386a-6d15-5d58-8442-125c931d1b75,5f533ec0-364f-5c03-b761-02336da19428,HAS_EXCEPTION
4feeed8c-d357-5067-8fd7-715753be5958,b34f7e00-3b51-510e-9f93-16009a99b5ba,HAS_EXCEPTION
2152ce70-4199-50b1-b6d9-81794891c7b2,6032f477-c764-5b6c-832c-ce25f95b9939,HAS_EXCEPTION
25f9fbbc-c63f-53fc-895b-d72066624f38,b6336ef3-9453-5ef8-b5f9-43fe0c0cb083,HAS_EXCEPTION
b65a2430-d1b3-5367-a78f-2493ad972cf5,20ca208d-2c80-5b8f-861a-cc85975d6df7,HAS_EXCEPTION
9a5de46b-8fc3-58ed-a07d-1d57205cdb5f,b1581962-d9ce-51bb-bcbb-cf683a28ecca,HAS_EXCEPTION
2ea3e4bd-37dd-57ee-8f7b-2b929dd31119,bb017818-eea6-5604-8616-ceea6ad3892f,HAS_EXCEPTION
d33beb7b-3963-5ee1-87d5-e4e73fefb21f,f1e56919-396d-50bb-89bc-b870a12d9142,HAS_EXCEPTION
e9870882-bc58-5bb1-a382-71689e049405,5ab484d8-acda-5078-91ab-b9fcea7ea7e0,HAS_EXCEPTION
4e1e130d-f6be-5522-98b5-895610c66cbf,3595b186-ba9e-521c-a52a-9615f194042b,HAS_EXCEPTION
9056a49b-7976-5ea0-bdac-db62bb4fe95d,9532893c-e550-5cde-8fc4-80eb1d704160,HAS_EXCEPTION
a75e0b13-13b1-59bc-9928-0739d42e6bb7,7a846c21-8e07-55ad-aace-7d86cc8f15d0,HAS_EXCEPTION
cf6bf5c4-d948-5c5a-ac36-fe20995101ce,a2e4ece7-a44c-5d6b-baaf-f9f49446d050,HAS_EXCEPTION
38ad6aa5-17ae-52e8-a7cb-5a615cfe0ee1,97e43cfe-b8ae-57f8-b226-da084a6971f4,HAS_EXCEPTION
f87ea5d5-220f-5eb6-8deb-48563023f177,08fbd382-8564-5014-a68b-78f1f8bc31c6,HAS_EXCEPTION
770df2c1-288c-582b-9f86-8457fa932e9c,e7cc8edb-3bc8-52d2-b7e3-457b6177adb7,HAS_EXCEPTION
0c9ab866-f868-5afc-a18b-444be3cf5c51,70ad5940-cdf7-572f-b1e1-ab8b8c06db22,HAS_EXCEPTION
432af9fb-d5d1-57d5-afdb-889e33b3ab82,687523d3-4fd9-52af-9d40-7abc0ee1a3d9,HAS_EXCEPTION
015a3f54-c451-5a94-ad1b-264df2fbb9a9,1c6be948-a007-5cea-b38c-a55386ec45f8,HAS_EXCEPTION
28e3254c-eddd-537f-8b67-eb4afe7c8c09,2cbb6d43-ee0c-56c4-b7d7-7fa84a7b5ede,HAS_EXCEPTION
15664d0f-ecdb-5217-9415-304126a3846d,5c435994-66ae-5708-aecc-1af3e943860a,HAS_EXCEPTION
a45d01ff-e768-5993-b1c4-2ac2c3dabd3d,95ab430b-8269-50e7-95ce-ab2be59ac711,HAS_EXCEPTION
e3f02df2-4e5a-5c10-9105-7f50038c0435,ea1ba596-007a-5188-900b-80c2ab748f87,HAS_EXCEPTION
bc72629f-d008-5c1b-a38f-5e0b3a9dea87,ddffc94b-91e1-5037-a15a-dcf91de2c51b,HAS_EXCEPTION
f330d931-b4f2-544d-93aa-04451f30ff74,d2529302-0e91-5a7b-8bb6-7d012dc305a3,HAS_EXCEPTION
7f6bf831-47d4-5114-8d01-f4ceeee3c9c5,05209acd-79ef-5a67-ab56-ef9087c7fc17,HAS_EXCEPTION
5cbb14fb-9e5f-59d7-b577-2f0ef63bb40b,d39483dc-e281-5973-8c15-77abc598ba0b,HAS_EXCEPTION
48e4e8ce-4091-5379-8394-6f304bcf41a6,3dd5012d-1475-53c3-87cb-bc4c722ac72c,HAS_EXCEPTION
a49b8e23-4829-58bb-ad0b-452501e867d2,5fa0d52f-08ec-565b-a914-7d67310137ee,HAS_EXCEPTION
7b172f0e-0ecf-52ea-8b71-fa6e54df7f41,33755ee7-0deb-57e9-a0ac-5399a3c864cd,HAS_EXCEPTION
da41ca46-c4f9-54aa-927f-21da5e682966,cd4133fd-03c9-585f-a538-60a0f2bdfc33,HAS_EXCEPTION
955ea238-390c-5cb2-b3c9-3a8716880084,2f86e9ed-7c0f-566b-bfe6-489c9eb39a01,HAS_EXCEPTION
8eedaae0-547e-51ef-a013-f4c647f77a8e,51cf44ce-2134-52f3-a275-0402befc09c8,HAS_EXCEPTION
f6704981-b0ab-54b4-a150-a862d6704774,ab0b96a2-dc8e-5126-9cea-d95d306cd7ff,HAS_EXCEPTION
18f75edc-aef6-5ba0-b473-7e43174d7cef,b8acce78-b054-557b-bd64-5e92aa0c7f0f,HAS_EXCEPTION
a8790310-4455-5d0c-b57d-0849f0fe2e3d,672648ca-bdba-595d-9671-fc06ad7905e6,HAS_EXCEPTION
24a39062-130d-57be-b5fc-9bfd28ae3ea0,244b8f36-4a1b-54d3-9cdc-3a083605f6fc,HAS_EXCEPTION
75c98183-67ea-57ae-b26a-9b9d148e2adf,f16a9adb-4c1d-5d17-a232-13a536f310ca,HAS_EXCEPTION
54d01d75-a3f7-592f-add2-592ae0e4f9e5,38bc2aad-6bc9-5ed5-95ff-10f1ec1e1bc7,HAS_EXCEPTION
7a833b7d-615d-5a88-beed-0942b2dfec65,464a2053-898e-565b-a7cb-2b8a99751dba,HAS_EXCEPTION
4c7a6d59-06d3-580a-993b-241fe0651d2b,e9bf0e8a-89f0-5b7c-ac26-087a1aab44a0,HAS_EXCEPTION
53996a05-3ba2-5b90-a583-d428b7cd3cf7,f9f9c189-5f55-592c-8574-a1f770d77df2,HAS_EXCEPTION
1bf7659a-770f-5282-b04e-1e645d23df98,eca4d899-d52c-5c25-8c6c-63da086941c7,HAS_EXCEPTION
ea953755-70ec-5886-9821-a7fab862c2c5,7d6c6f70-dc21-56b2-92c9-6ba28cf80393,HAS_EXCEPTION
a66dae25-9e73-50d9-9177-eb20019ed05d,d2add011-7ff1-59f7-af61-8968c8ff24c5,HAS_EXCEPTION
f84ba1b3-2539-5504-9be7-f2dc5a29fc27,557644e5-800c-547f-88e0-ee012618d091,HAS_EXCEPTION
ccbf3dc4-eaf4-5326-a2e6-6d70cf687d4f,f60d7690-2d44-5f6f-a142-013aed7844b4,HAS_EXCEPTION
27e995cf-9de0-5e5d-9dc4-05b78a21c637,6ef100d5-f791-5bbd-a112-dcd53333b2ce,HAS_EXCEPTION
e8f43eac-86bb-5fcf-998a-88b489320693,6c02473f-d13a-5224-8026-cd83972d86ac,HAS_EXCEPTION
0e302a50-6724-5f3d-8c87-a2fe8b112bed,ebd2a9bc-57ec-5327-b38e-3d957a9e995d,HAS_EXCEPTION
be9273e0-fbb3-57e3-a55a-3b865b9f25a3,9a8c03d3-671f-5216-8da6-14754de8aacc,HAS_EXCEPTION
90ed908a-7160-54fd-b45f-bb5c10cadcf7,da18cfab-54ee-5174-a2bc-da1c71d2b5da,HAS_EXCEPTION
2778f712-9884-52a2-bc5c-81e0eb312156,b2a848a0-b665-5f25-9232-f32f3d3346da,HAS_EXCEPTION
92251678-068f-5274-a7a9-78e7d6531976,3f920422-71de-5708-b434-80bc4141c9e5,HAS_EXCEPTION
26edc6bc-b65b-51b7-8bcd-588ecf642ba9,04dd89b8-f6c9-5f5f-9fd4-89b056df43f1,HAS_EXCEPTION
773b21ab-bbff-5d79-aeb0-2026b698f7c0,846c272b-e1af-5640-98bf-e2cc3aaeb3af,HAS_EXCEPTION
88012641-9f92-537e-9307-ad4c6080bd21,afb5c276-aeaa-53c4-b877-d816f8d1bfd0,HAS_EXCEPTION
e4479630-2edd-520b-9526-621c43652fdb,995ef72e-eb7a-5fc8-b4c6-5cd03f3c21a3,HAS_EXCEPTION
fb96864e-9850-5b43-aa83-0d1a85f07d63,76ddb8a3-44d6-53d0-a725-b91c223574f2,HAS_EXCEPTION
cc9f2149-7661-59a3-b1d9-a3e198048e52,46cc74ae-c230-5803-99c3-575d02002cba,HAS_EXCEPTION
e5232eaa-8351-595b-b0c8-958c269d7008,9aee58a5-e5c9-5ebd-9b0f-232e39dc2d30,HAS_EXCEPTION
b11a4f12-95d5-5160-bb21-87530ab3ffde,26008ace-3043-5cfc-9d75-a21f3914a8c1,HAS_EXCEPTION
dc11f13c-4b96-522a-81ef-b2703c8df832,951dbc8a-d795-5c70-ab3e-99dece7f2a4d,HAS_EXCEPTION
d8c88191-c735-5449-867a-45ee7aa5097a,cada1cd5-2d52-56ff-a702-9964dff3119f,HAS_EXCEPTION
77b9c403-f5dd-58c6-b6b0-66d8d529b0b2,5fb2f070-3304-5099-8319-de0473da322e,HAS_EXCEPTION
21c304c3-bbd7-506e-96fc-392e93a9f463,dcb3f603-7eea-5c09-a67f-f7c7c3880edf,HAS_EXCEPTION
ac100d91-9bb2-54f6-b45a-b84f5694cb28,c318737e-e856-53ff-a327-8f011c7e899d,HAS_EXCEPTION
f1db06bb-097c-5113-9e80-970cfaa278aa,e894edd7-2c9b-5c44-97a7-e955ceedd54b,HAS_EXCEPTION
a439c855-c959-55f5-a2ea-35ad1f67e839,023ce9eb-acad-5e6f-9aa3-83083bac348d,HAS_EXCEPTION
25eac564-3e7a-53d4-ae0b-e18d6b105711,02f27ba4-e7ee-5702-b38c-fa80d318d800,HAS_EXCEPTION
423a3603-099d-5be5-8e42-ef339ef49441,6916137e-afe7-5e42-803a-f7bee4a8c136,HAS_EXCEPTION
7e9c77ee-a94f-5160-b8c0-121f880c939c,fb196f6f-9b65-53c0-a396-ec1195130905,HAS_EXCEPTION
88a11014-8660-551c-a643-0869d4f360b6,517b3e9c-188a-56bd-a705-d334683f72b1,HAS_EXCEPTION
fe513493-c949-5ad1-b3eb-0b669c88447f,9e9821c2-74bb-5b75-b49f-a2662a67dd07,HAS_EXCEPTION
94780d94-1506-5679-92ad-4b72d0d5f63c,0936309a-4d8d-50d4-a0c1-1c63291193b3,HAS_EXCEPTION
1c617129-ecf7-5cbf-a0be-e486a63d5586,0605008d-6b66-5885-ae79-1f87e983d5e8,HAS_EXCEPTION
bc7ef78d-f255-592c-b58b-e6d1e55c65d2,cb751310-26e2-5f2d-a674-b6d5bd97d424,HAS_EXCEPTION
ca4203a0-197c-519d-8ea1-e0b3ab39ea3b,8ceb57bd-6a40-5ffc-94a4-d964e4c35f7c,HAS_EXCEPTION
329f30e3-c1f2-5fe6-afac-8dec4f2caaf6,d986b0d2-86ad-5b86-971d-6494852212d4,HAS_EXCEPTION
4f80d952-7d2a-5d6c-b1f7-8ab0d6c254ae,bb81762c-4a53-5ba2-8b34-7bd9aa81e9a0,HAS_EXCEPTION
2ee9ed21-a1cf-50f6-99e1-4e15ec5efffa,659c6140-db47-51fc-92ba-6c28043bcb0f,HAS_EXCEPTION
a6d48357-ff73-5ae7-82df-5fbac6e123b2,6da3b097-b844-5feb-bdfd-b04742e05e68,HAS_EXCEPTION
2caf979f-9d62-593d-a0bb-8dbb6e23b8dd,d1fbffe9-ac91-51ca-815f-b89b42defd06,HAS_EXCEPTION
540d751b-b639-5050-bda2-a4cb2e8f2f82,e8133de0-2060-58d2-8164-b3daa55805b9,HAS_EXCEPTION
de0203e1-719a-546c-b21d-71262964be38,e6c268d8-e0b4-5861-9400-db7df14861dc,HAS_EXCEPTION
05902fc3-21fa-5262-846f-53e272939d6a,3dae8cc2-c104-55c7-913d-441663e47ef3,HAS_EXCEPTION
5438ba23-1c77-57ba-9e2b-a73cdcd72b52,f5a9e5af-738a-5ca6-bfc7-c6ad9bdf75af,HAS_EXCEPTION
36c7348e-2d05-570e-91bd-a0b5c5e62748,a82b51d5-077b-54e5-83b1-4ca341ac5283,HAS_EXCEPTION
631c603d-3f8f-5d49-b23d-bccf28f0b74a,5315da01-467e-5140-93f1-029d4dcd23a0,HAS_EXCEPTION
c8a2cfa2-d387-5754-937d-86f77130c44f,b796f718-c290-5acc-88d4-54719a8deb53,HAS_EXCEPTION
70e2b5f3-0e58-5bf7-8029-df19f81e0054,c0530d6b-ad90-57cd-bf9c-aea40320b029,HAS_EXCEPTION
f404ef07-fd90-5c52-b8d1-073a9cdf0e18,f4feae84-31c1-54f6-af08-6f6fda7e3701,HAS_EXCEPTION
9b9e5b71-3353-588c-9fe4-6ecabd5287a2,f79d7f51-0bc8-52b0-9533-b6949cfd338d,HAS_EXCEPTION
d0b353cb-62bc-5c51-8f0e-60bb9423dfd1,db7fd8f3-1be7-539a-8869-6132c3f89313,HAS_EXCEPTION
8736b4b8-fecc-54cb-a3e4-3ad30b7c6e5c,79731acd-9beb-59ad-876f-01ea9c50f57a,HAS_EXCEPTION
1b548348-f6bb-531c-8509-f31e084dbbd3,950e643b-adf2-5e57-9312-aa09556ea892,HAS_EXCEPTION
1da37875-594c-51c2-821d-d7b76423fd42,846887d5-55b5-5e60-9dda-52f9361361a1,HAS_EXCEPTION
f8542134-71cc-5996-aa0b-9045a34e2024,18178b3e-8dee-5171-bbab-672c64175fc8,HAS_EXCEPTION
b704c7f0-20a9-5b84-99c5-e334546a2912,91dd44a2-0cd8-5e5b-8f95-109a807d4e79,HAS_EXCEPTION
fc956a6d-7eaa-51f4-9f67-d89b8cba91ef,b490e389-e36a-5858-a83e-21c1bbb93e56,HAS_EXCEPTION
68f55ecc-4037-5309-a581-46bc91af9658,af0c9fc3-f4b2-5cca-8fcc-f7ff5bd11c0e,HAS_EXCEPTION
5c0b144f-2545-58cd-80e8-557b3b967d4b,ff14e8ea-9e32-519e-a94b-a5877a557a00,HAS_EXCEPTION
8fd238e3-a7bd-5506-87d7-520f5614a90f,4229acf2-5117-55bf-b5b9-eb56309c97b4,HAS_EXCEPTION
5017c0f7-d892-5094-986f-0077205cf5ed,135c721b-a603-5c03-9502-bdb959d6ce7f,HAS_EXCEPTION
d1d5acc5-33aa-51e0-a9ff-0db8b4ecb05d,96171bb8-d719-5ba7-b9d9-179e6550cf1a,HAS_EXCEPTION
505f9f46-260a-5063-ae2f-b94fc669a6b8,196d1039-e2c5-52ae-a9c1-b566a7d1b74c,HAS_EXCEPTION
00f8e5a0-7d74-5825-869d-de646369b46a,da10bdb9-ff55-5434-997a-28820369ea25,HAS_EXCEPTION
85802d0d-d6c6-58ef-a18b-4768c770c3f0,4b868baa-34fc-53d8-8403-de04bee661f1,HAS_EXCEPTION
21337832-007b-5079-8da0-a4efa52e3e44,06877253-50d3-5993-bf2f-32c17cf79546,HAS_EXCEPTION
fc36172d-a48f-56c1-88e1-a1a9fb7d1cb7,a4e496eb-3287-555c-838c-69fa9846ce09,HAS_EXCEPTION
3b630b5c-3e7d-5d57-9380-94f3638d756d,30478fa4-2924-5682-bba2-a2fb404af800,HAS_EXCEPTION
3e75aee4-9304-5bbe-88e6-db54c09611f1,a82e1eae-887d-5e58-b871-c3f7312ebcb8,HAS_EXCEPTION
531088fd-5077-5b6c-90ee-754125e1493b,6b81978b-057e-5e6b-bebc-e8395669962d,HAS_EXCEPTION
f31c3e69-cbbc-52a2-8458-e451ce7a9fbc,2863f863-3633-58cb-8b9d-22dbf01e4943,HAS_EXCEPTION
1baf64d5-3aa8-5ae9-b887-18042dd070a8,de3a4a03-9027-5855-a85b-d0e8cda7d903,HAS_EXCEPTION
3ecb07ea-2de0-5b4d-8c0a-ab14ec430344,a157ecfd-ee0a-5135-8545-5d1921990de4,HAS_EXCEPTION
1d7102cb-61be-501f-89fa-f309209657af,db133996-7563-50b4-bb89-73942db444cd,HAS_EXCEPTION
97a47e87-b649-59af-b24a-61cb14cca374,85e6ae78-b07b-5260-a3cf-a0265ba89f68,HAS_EXCEPTION
40a144e0-0572-505d-a8b4-6829366506b3,f77174bc-9e27-5ee0-b4f1-1490af4b8fd1,HAS_EXCEPTION
fac2f6d9-d103-5adf-8fec-f871722f07cf,5eb238b4-20aa-594e-955b-cc788451fe19,HAS_EXCEPTION
ffe01611-6aa1-55c3-abff-5be075cc787d,5340afe6-6df5-5942-b367-60e5ce92b28e,HAS_EXCEPTION
50db7131-947f-5761-ae46-c7962e3ca56f,5a8ca0c8-8ddf-5090-8597-bb5348ef8541,HAS_EXCEPTION
7659b6b7-567b-5214-b94f-3b593317f853,2767ac95-a4e0-5dfb-adb6-cb0629305cc5,HAS_EXCEPTION
5b5661a7-522a-5891-8d14-a7e579a70665,5a4e2fe3-7725-59cf-b94f-c5d80c3e5d30,HAS_EXCEPTION
21493491-794f-5c97-817f-d768c5e6d812,b72ede58-d4e8-579f-bf8d-c4537f525ea3,HAS_EXCEPTION
ba56a883-e598-56c0-be26-c1f83786921b,acc207ce-fa3e-5b42-b8db-3841fa6405cb,HAS_EXCEPTION
dca065c8-8713-515c-a476-b644d3bc9a46,3159bad1-d98f-567d-abe0-104937a7be70,HAS_EXCEPTION
acf9b9fa-2b67-5d8b-b977-cd60ed5e21c8,ccbbdafe-b042-5ce2-bc08-35831ecfed87,HAS_EXCEPTION
ec8ba5c4-b24e-58e9-b68e-124400b0be88,6111be30-b289-5be6-a0a3-5908f2d84ab1,HAS_EXCEPTION
39bb1426-83e6-5a8d-a4e4-ee1c19995412,8bfe2c7a-57d2-5a7b-a08c-df63aa4b4fdf,HAS_EXCEPTION
44122ef6-4939-5309-9185-35fb284ca550,a4906b7f-0b2b-58ab-a152-6421becc891d,HAS_EXCEPTION
a7baed04-ecd0-561b-8b7b-c06124e3e34d,4f36bd0d-eda4-55b1-b930-5fcb7641e1d6,HAS_EXCEPTION
14ea5be3-9518-59ec-b7e6-bd1250e13f7b,7fdbd5ed-0b97-5d9a-a399-9ddee46c10f7,HAS_EXCEPTION
7bdc2c9d-0f02-527e-86c8-e8ad27cea1f7,21d4397a-3400-5e37-9e42-fe3ee17d9b27,HAS_EXCEPTION
6732bbca-93ea-5882-99b9-d44ca2239c19,6fbe4713-a0e9-59b9-be10-e9cc27d15ccb,HAS_EXCEPTION
965060bd-1fb5-5b87-b5a0-026c2965b77f,d42b48f5-fbfd-5fca-b501-d22bf77835e3,HAS_EXCEPTION
6a6c2bde-0653-5ee7-81be-ec2a90ed82ca,adbaae44-7936-5531-b08f-191d37711ecb,HAS_EXCEPTION
e07266b1-4341-5583-a963-b810d63e9ea3,163940d8-cc78-5cb0-bf16-efee1eab4118,HAS_EXCEPTION
ded98f89-55e8-541d-b309-1079bb5bc91c,2ac72dfe-5e4a-50b5-9a46-443da7ef9600,HAS_EXCEPTION
fa8cff89-b08e-55a4-a337-3de238a9bce9,c60892fa-ee0f-5a4f-ab7b-552488ede266,HAS_EXCEPTION
b28e9009-7fc2-5338-8e23-69782a36ad03,f37027f7-4746-5850-98ad-2d529714ffbe,HAS_EXCEPTION
0bb8f016-73aa-5258-bb01-6b8ea2217564,49487daa-c57e-5b35-b3a6-a058b78c9820,HAS_EXCEPTION
75e1de22-778f-5e91-8372-9b9913ec3327,e1d10375-90b1-5b51-aff4-2a554b84d6f3,HAS_EXCEPTION
10f1f9fe-face-535f-aa62-1dd944cd3cd0,db4e6363-8d9f-5fa4-9a9b-0d50714f6513,HAS_EXCEPTION
72a53b2c-6d86-5231-989e-5d7a17bfd78f,68327bee-f539-5f9b-bfea-10680ac2b7e6,HAS_EXCEPTION
18e858e4-af4c-598e-9d91-a5cd1df01e31,703faf39-2de1-570f-b130-9061dad055f8,HAS_EXCEPTION
51cc4be0-a8dd-5227-a837-3ba3e862e657,a4fb4a79-2cda-5f9e-971f-2ca84e7f45f2,HAS_EXCEPTION
8876aa10-c8a6-5dc4-aad0-9588a9386efd,75f934db-2cec-5d1b-9858-08c9fe9630a2,HAS_EXCEPTION
81a1c377-8b93-5a1d-89ba-5e50cffb0871,48c95642-8a06-5fac-8516-282c92dddbd6,HAS_EXCEPTION
a7b2d58a-49b4-5e8e-a2db-69d5d5c60612,abb415df-06ea-5700-8064-a767c86ac711,HAS_EXCEPTION
c16b360b-86ed-5e23-ae46-1d9aa03a9c30,ccb69eb4-fd1c-52b6-b36b-be3af9803eca,HAS_EXCEPTION
5874a098-283b-530b-a334-1531a7d4cc79,d15d807e-b01d-5a87-bb94-54498397efd8,HAS_EXCEPTION
dd2ac0eb-845b-596f-ba2a-db714d205b70,8d983869-fb65-525f-8c5c-8cf23a2b68a6,HAS_EXCEPTION
db1bf70d-c7d2-5ff2-8a08-ce7bb5eedf4a,bbe401fd-7678-57ff-8a39-5db00017a67c,HAS_EXCEPTION
5611b253-b71a-5c0b-a5fa-d985ffb68662,a7ea7100-b1d7-5163-af1a-fae6698eaa97,HAS_EXCEPTION
fb81443a-7bac-5bbd-8812-3158a975b9bc,5809d086-8b95-5ee2-a24b-603c63e2dcd9,HAS_EXCEPTION
8fcbf278-5a2a-582e-bd30-7eb50c960673,d6f45d6e-54b7-5385-8d48-aef5a6700410,HAS_EXCEPTION
670992aa-c8e2-5904-bf4c-2af7ee4ad6b0,039123ae-277f-5d07-b0c7-77d5015ae801,HAS_EXCEPTION
e836532d-2d0c-5e1d-ac30-d4035bcfa02e,91d3bfc8-d3cc-51f5-9fdc-4ef8160044a4,HAS_EXCEPTION
