from_rule_id,to_temporal_id,rel
0d3cf997-aa57-5891-8416-a45b43b1bb76,2f3beaf7-d2c6-5a6d-aabf-9d33b805928f,HAS_TEMPORAL_CONDITION
0d3cf997-aa57-5891-8416-a45b43b1bb76,76d6afa3-289e-535d-bed2-7735e573e299,HAS_TEMPORAL_CONDITION
0d3cf997-aa57-5891-8416-a45b43b1bb76,00c965bc-7da8-54e3-9267-c89bf3d2d242,HAS_TEMPORAL_CONDITION
0d3cf997-aa57-5891-8416-a45b43b1bb76,5f9aaa92-ada3-5185-bf57-e471e14eeb1e,HAS_TEMPORAL_CONDITION
0d3cf997-aa57-5891-8416-a45b43b1bb76,e54e8410-c463-5bf9-b4fb-84a082d1bdbe,HAS_TEMPORAL_CONDITION
0d3cf997-aa57-5891-8416-a45b43b1bb76,252ce7b5-43e4-502f-aef5-7a944903f2a9,HAS_TEMPORAL_CONDITION
0d3cf997-aa57-5891-8416-a45b43b1bb76,4df6f723-61d5-5ded-bdb9-68a57a4142fc,HAS_TEMPORAL_CONDITION
ad241709-9330-590f-89ce-a1add2bc2e33,16f9c038-460a-5070-b079-c1c7ad8dfb35,HAS_TEMPORAL_CONDITION
ad241709-9330-590f-89ce-a1add2bc2e33,87796f10-3f97-5e3b-9368-e3643a21fc6c,HAS_TEMPORAL_CONDITION
ad241709-9330-590f-89ce-a1add2bc2e33,2d21e5d7-d3d9-5585-adb7-17bff3703051,HAS_TEMPORAL_CONDITION
ad241709-9330-590f-89ce-a1add2bc2e33,4e2177ff-064e-5a95-93e1-ad437355e891,HAS_TEMPORAL_CONDITION
ad241709-9330-590f-89ce-a1add2bc2e33,3aad4bca-d315-5b01-ba19-0ed6291c4584,HAS_TEMPORAL_CONDITION
ad241709-9330-590f-89ce-a1add2bc2e33,58ace55d-652e-596d-8eb2-e3435f7bc5d7,HAS_TEMPORAL_CONDITION
ad241709-9330-590f-89ce-a1add2bc2e33,00b570bb-dd4c-5785-b764-c0277c1443ad,HAS_TEMPORAL_CONDITION
ad241709-9330-590f-89ce-a1add2bc2e33,49d3f745-9842-5013-9211-72b6973d483c,HAS_TEMPORAL_CONDITION
ad241709-9330-590f-89ce-a1add2bc2e33,b2ef00ac-0d7a-5bfc-91fa-3cf02dfec583,HAS_TEMPORAL_CONDITION
ad241709-9330-590f-89ce-a1add2bc2e33,690f816f-3554-50f4-8b36-99837d04419a,HAS_TEMPORAL_CONDITION
ad241709-9330-590f-89ce-a1add2bc2e33,f78180f8-2225-5060-9463-cd1760e9c8f2,HAS_TEMPORAL_CONDITION
ad241709-9330-590f-89ce-a1add2bc2e33,06e51d57-3dce-566c-88c1-63f47e282956,HAS_TEMPORAL_CONDITION
ad241709-9330-590f-89ce-a1add2bc2e33,f8730938-2f98-5460-bf1f-f8db2d06789a,HAS_TEMPORAL_CONDITION
ad241709-9330-590f-89ce-a1add2bc2e33,1d5a0f52-e2e2-5a83-9a59-4153c2bcc582,HAS_TEMPORAL_CONDITION
ad241709-9330-590f-89ce-a1add2bc2e33,fefa57eb-04d3-508f-8bbf-a41d32cb0d1a,HAS_TEMPORAL_CONDITION
ad241709-9330-590f-89ce-a1add2bc2e33,87765bc0-91ac-5aff-9b31-30fd89a8f6db,HAS_TEMPORAL_CONDITION
ad241709-9330-590f-89ce-a1add2bc2e33,35febd59-340c-5d9d-aeaa-fbe3342561a4,HAS_TEMPORAL_CONDITION
ad241709-9330-590f-89ce-a1add2bc2e33,4eec925f-3d56-5154-8ccb-351e5e5f9049,HAS_TEMPORAL_CONDITION
ad241709-9330-590f-89ce-a1add2bc2e33,27e32944-31e6-5bec-959b-0a3e3ff0477f,HAS_TEMPORAL_CONDITION
ad241709-9330-590f-89ce-a1add2bc2e33,33725fab-25de-57cf-ba48-a7e5250a72a2,HAS_TEMPORAL_CONDITION
ad241709-9330-590f-89ce-a1add2bc2e33,54d7af20-0413-51ed-88a2-b5f164459d25,HAS_TEMPORAL_CONDITION
ad241709-9330-590f-89ce-a1add2bc2e33,649e1bc5-fa77-543e-a759-41d160443d45,HAS_TEMPORAL_CONDITION
ad241709-9330-590f-89ce-a1add2bc2e33,b562935e-0bd7-5d7e-9b2f-3b8592740e4e,HAS_TEMPORAL_CONDITION
ad241709-9330-590f-89ce-a1add2bc2e33,cc9794fe-9360-59d0-8cf4-7754b4d39ce2,HAS_TEMPORAL_CONDITION
ad241709-9330-590f-89ce-a1add2bc2e33,55675ce6-3379-5cc2-b77d-ffb819c8dc88,HAS_TEMPORAL_CONDITION
ad241709-9330-590f-89ce-a1add2bc2e33,f0c774ec-8bcb-5ce3-8ab0-acd44dbb5850,HAS_TEMPORAL_CONDITION
ad241709-9330-590f-89ce-a1add2bc2e33,1f33edbf-b6f3-528e-9e2d-7bcdc3cdf55c,HAS_TEMPORAL_CONDITION
ad241709-9330-590f-89ce-a1add2bc2e33,95519af2-d1a7-5a3f-85f4-66f006100e34,HAS_TEMPORAL_CONDITION
ad241709-9330-590f-89ce-a1add2bc2e33,a0f4211c-542d-54e5-a6a1-c7b47b6967f0,HAS_TEMPORAL_CONDITION
ad241709-9330-590f-89ce-a1add2bc2e33,19f9d666-3278-5ba1-acea-0f5424b3212b,HAS_TEMPORAL_CONDITION
ad241709-9330-590f-89ce-a1add2bc2e33,7b4d50bd-e738-5896-9818-d11cf3ea6abb,HAS_TEMPORAL_CONDITION
ad241709-9330-590f-89ce-a1add2bc2e33,1328b854-3a4d-5ddf-87a7-89052a7321f8,HAS_TEMPORAL_CONDITION
ad241709-9330-590f-89ce-a1add2bc2e33,21de43e5-e224-5a10-8612-217f09ef51f3,HAS_TEMPORAL_CONDITION
ad241709-9330-590f-89ce-a1add2bc2e33,24eefd70-a6f0-552b-a0d8-6e61912b1c1b,HAS_TEMPORAL_CONDITION
ad241709-9330-590f-89ce-a1add2bc2e33,f0ea34af-a38f-5c81-af3f-d9317809d9b2,HAS_TEMPORAL_CONDITION
ad241709-9330-590f-89ce-a1add2bc2e33,d3632e24-3b04-5409-b07d-fcd15d07dd3e,HAS_TEMPORAL_CONDITION
ad241709-9330-590f-89ce-a1add2bc2e33,275a8a92-656a-5ee3-b5b5-ef4f03a671ad,HAS_TEMPORAL_CONDITION
ad241709-9330-590f-89ce-a1add2bc2e33,43047151-743e-585e-bd3b-2f9af3200d2c,HAS_TEMPORAL_CONDITION
ad241709-9330-590f-89ce-a1add2bc2e33,8ba6b7d9-9e77-5200-acc5-14de9995f8b7,HAS_TEMPORAL_CONDITION
ad241709-9330-590f-89ce-a1add2bc2e33,ec0bca58-3367-57d9-af23-66130cf9463a,HAS_TEMPORAL_CONDITION
ad241709-9330-590f-89ce-a1add2bc2e33,16913555-acbe-5a56-9b38-8ec903bca903,HAS_TEMPORAL_CONDITION
ad241709-9330-590f-89ce-a1add2bc2e33,2e67045b-6146-5917-8c16-fd014d94dcdf,HAS_TEMPORAL_CONDITION
ad241709-9330-590f-89ce-a1add2bc2e33,cffed994-9924-57b2-bfd6-99314d9654bf,HAS_TEMPORAL_CONDITION
ad241709-9330-590f-89ce-a1add2bc2e33,41a883da-04be-5e84-94c3-4574e47c010d,HAS_TEMPORAL_CONDITION
1fd45cd7-0030-5436-b32d-d4cddf1550f5,eeeed760-85d7-55b6-9e7d-a6154e41ad40,HAS_TEMPORAL_CONDITION
1fd45cd7-0030-5436-b32d-d4cddf1550f5,cf5c657f-472e-5fea-acc6-217ddb83956d,HAS_TEMPORAL_CONDITION
1fd45cd7-0030-5436-b32d-d4cddf1550f5,381969bb-3fb9-584a-b33e-b74fd5e7aab9,HAS_TEMPORAL_CONDITION
1fd45cd7-0030-5436-b32d-d4cddf1550f5,98c042da-e12f-59a2-aed5-bfc62e051859,HAS_TEMPORAL_CONDITION
1fd45cd7-0030-5436-b32d-d4cddf1550f5,3af210c8-1551-5ee3-b281-ce0e53e60cc3,HAS_TEMPORAL_CONDITION
1fd45cd7-0030-5436-b32d-d4cddf1550f5,a971035b-2267-5b81-8d86-2844b2d0d819,HAS_TEMPORAL_CONDITION
1fd45cd7-0030-5436-b32d-d4cddf1550f5,2c040059-7c7c-56a0-ae4e-d67ac3b5eef6,HAS_TEMPORAL_CONDITION
1fd45cd7-0030-5436-b32d-d4cddf1550f5,483b82fe-0b8b-5722-b60a-e0847ccef124,HAS_TEMPORAL_CONDITION
1fd45cd7-0030-5436-b32d-d4cddf1550f5,7bb51b0b-3896-576a-9a69-42f0001bce35,HAS_TEMPORAL_CONDITION
1fd45cd7-0030-5436-b32d-d4cddf1550f5,97b58725-90ae-5db4-ba32-1d49c7a12b95,HAS_TEMPORAL_CONDITION
1fd45cd7-0030-5436-b32d-d4cddf1550f5,379b94a6-a602-582a-a65c-093f287e3adb,HAS_TEMPORAL_CONDITION
1fd45cd7-0030-5436-b32d-d4cddf1550f5,d7d68a0a-62f1-5fb3-a85c-f454f6076e74,HAS_TEMPORAL_CONDITION
1fd45cd7-0030-5436-b32d-d4cddf1550f5,1b4f3a86-6ca6-58e0-8c3f-7bcba74c6eda,HAS_TEMPORAL_CONDITION
1fd45cd7-0030-5436-b32d-d4cddf1550f5,65dfd305-b564-52f1-9148-f9acb74c0e5a,HAS_TEMPORAL_CONDITION
1fd45cd7-0030-5436-b32d-d4cddf1550f5,57fc8560-23f2-5bfa-aab9-e52c867ab150,HAS_TEMPORAL_CONDITION
1fd45cd7-0030-5436-b32d-d4cddf1550f5,fab12575-d975-517f-b8a5-e52cd605f189,HAS_TEMPORAL_CONDITION
1fd45cd7-0030-5436-b32d-d4cddf1550f5,e2cfe696-e927-501f-a457-5575bd2a278e,HAS_TEMPORAL_CONDITION
1fd45cd7-0030-5436-b32d-d4cddf1550f5,c6ead972-6ebe-5787-9055-e03d3a623505,HAS_TEMPORAL_CONDITION
1fd45cd7-0030-5436-b32d-d4cddf1550f5,01fa7664-c04e-55bc-9d5e-56c91d5fc62f,HAS_TEMPORAL_CONDITION
1fd45cd7-0030-5436-b32d-d4cddf1550f5,7cf3810e-d56e-5e15-9cfe-f510f209674e,HAS_TEMPORAL_CONDITION
1fd45cd7-0030-5436-b32d-d4cddf1550f5,ed9f0945-5bd8-540b-9056-2894451677a2,HAS_TEMPORAL_CONDITION
8b4b4041-dc7d-5d88-833e-2f951be3ea4a,1dceab2f-2a21-58c6-b607-d6e086ed39af,HAS_TEMPORAL_CONDITION
8b4b4041-dc7d-5d88-833e-2f951be3ea4a,192c5962-782f-5231-85b8-5b99a38cec7b,HAS_TEMPORAL_CONDITION
8b4b4041-dc7d-5d88-833e-2f951be3ea4a,87828dd3-ab24-5be8-855f-68a58f9d60ed,HAS_TEMPORAL_CONDITION
8b4b4041-dc7d-5d88-833e-2f951be3ea4a,ece18878-fcbb-573f-a77e-34c95d504919,HAS_TEMPORAL_CONDITION
00084e1a-1e7b-582a-8ac5-e9d072a0629a,1b1f5190-f775-5ede-ae31-8e38aafa9282,HAS_TEMPORAL_CONDITION
bccb1a16-41f1-5f50-b717-6caec67ade26,1b1f5190-f775-5ede-ae31-8e38aafa9282,HAS_TEMPORAL_CONDITION
1fd45cd7-0030-5436-b32d-d4cddf1550f5,acaff9b7-a7b9-531f-92b6-787d4646e390,HAS_TEMPORAL_CONDITION
1fd45cd7-0030-5436-b32d-d4cddf1550f5,525bdef3-66d6-549d-9b9c-b0c1d744360d,HAS_TEMPORAL_CONDITION
1fd45cd7-0030-5436-b32d-d4cddf1550f5,a7759c8e-7181-52b5-8249-d1a1201aad28,HAS_TEMPORAL_CONDITION
1fd45cd7-0030-5436-b32d-d4cddf1550f5,39cb06b8-878d-5fbe-9907-7ea1758e7e83,HAS_TEMPORAL_CONDITION
1fd45cd7-0030-5436-b32d-d4cddf1550f5,e1df980f-38b4-57ba-ae1d-f5b87e8648f5,HAS_TEMPORAL_CONDITION
1fd45cd7-0030-5436-b32d-d4cddf1550f5,0efea428-10b7-558e-95c1-79535189643e,HAS_TEMPORAL_CONDITION
1fd45cd7-0030-5436-b32d-d4cddf1550f5,52ff1cf5-437c-5440-baca-a93cb443a5c2,HAS_TEMPORAL_CONDITION
1fd45cd7-0030-5436-b32d-d4cddf1550f5,ef160d7d-8219-5680-a20c-13f0d5aa22e2,HAS_TEMPORAL_CONDITION
1fd45cd7-0030-5436-b32d-d4cddf1550f5,36941da5-7af6-5641-ae3f-41a7e1976165,HAS_TEMPORAL_CONDITION
1fd45cd7-0030-5436-b32d-d4cddf1550f5,c2ddbe45-c2fc-5920-923f-921b5211ab56,HAS_TEMPORAL_CONDITION
1fd45cd7-0030-5436-b32d-d4cddf1550f5,31a0f820-1938-5b0d-b8d0-9b8eb1b56865,HAS_TEMPORAL_CONDITION
1fd45cd7-0030-5436-b32d-d4cddf1550f5,d588f04c-eded-574f-80ca-2d33ff848e6e,HAS_TEMPORAL_CONDITION
1fd45cd7-0030-5436-b32d-d4cddf1550f5,800a4a3a-05aa-599a-a620-df66669b04b9,HAS_TEMPORAL_CONDITION
1fd45cd7-0030-5436-b32d-d4cddf1550f5,c829c061-58c0-5790-9278-d181a5773bca,HAS_TEMPORAL_CONDITION
1fd45cd7-0030-5436-b32d-d4cddf1550f5,2e0fcafa-e9c4-547c-b135-5eb80b4e3eb8,HAS_TEMPORAL_CONDITION
1fb7aead-153d-5f38-8971-cabe3b976c53,c04474c2-bbde-577d-95ab-39e481e47851,HAS_TEMPORAL_CONDITION
f317b278-2181-5f2b-9b06-99e141980ee5,89cb40a5-7f7c-5b57-b92e-b6244967ae13,HAS_TEMPORAL_CONDITION
ef1fa6d3-6218-58aa-99ee-abe7d793984b,89cb40a5-7f7c-5b57-b92e-b6244967ae13,HAS_TEMPORAL_CONDITION
1fb7aead-153d-5f38-8971-cabe3b976c53,8fa15510-bf1a-5c2d-8041-09594d418c4b,HAS_TEMPORAL_CONDITION
1fb7aead-153d-5f38-8971-cabe3b976c53,d58daa70-1b86-54c3-b128-892dcb07eabc,HAS_TEMPORAL_CONDITION
1fb7aead-153d-5f38-8971-cabe3b976c53,12f0ff67-8742-5ea9-9afe-7907081eb3b4,HAS_TEMPORAL_CONDITION
1fb7aead-153d-5f38-8971-cabe3b976c53,fd2f8c30-d608-5caa-84fd-15211633a417,HAS_TEMPORAL_CONDITION
1fb7aead-153d-5f38-8971-cabe3b976c53,acdcbbed-9fae-5f97-8294-bee8637b43c6,HAS_TEMPORAL_CONDITION
1fb7aead-153d-5f38-8971-cabe3b976c53,585839c8-6419-5129-ab42-4795b24153f5,HAS_TEMPORAL_CONDITION
1fb7aead-153d-5f38-8971-cabe3b976c53,bbc2f5d7-0234-5dbc-ad08-52ea5efda891,HAS_TEMPORAL_CONDITION
21e0eb01-f728-5352-91b3-1e237985d32a,66e212ad-22f4-542f-9f2d-9fe870b0d2ba,HAS_TEMPORAL_CONDITION
c135ecb6-a6e3-5d17-b899-dbbf6d6b4da2,66e212ad-22f4-542f-9f2d-9fe870b0d2ba,HAS_TEMPORAL_CONDITION
5d4b4600-d27d-58e7-9cf3-7b2ac4c22c10,66e212ad-22f4-542f-9f2d-9fe870b0d2ba,HAS_TEMPORAL_CONDITION
21e0eb01-f728-5352-91b3-1e237985d32a,b5c327f5-9cd7-5778-9f9e-1a77eabd0f23,HAS_TEMPORAL_CONDITION
c135ecb6-a6e3-5d17-b899-dbbf6d6b4da2,b5c327f5-9cd7-5778-9f9e-1a77eabd0f23,HAS_TEMPORAL_CONDITION
5d4b4600-d27d-58e7-9cf3-7b2ac4c22c10,b5c327f5-9cd7-5778-9f9e-1a77eabd0f23,HAS_TEMPORAL_CONDITION
21e0eb01-f728-5352-91b3-1e237985d32a,d8878bdd-9b7f-502d-b5df-f3b17a13f4c6,HAS_TEMPORAL_CONDITION
c135ecb6-a6e3-5d17-b899-dbbf6d6b4da2,d8878bdd-9b7f-502d-b5df-f3b17a13f4c6,HAS_TEMPORAL_CONDITION
5d4b4600-d27d-58e7-9cf3-7b2ac4c22c10,d8878bdd-9b7f-502d-b5df-f3b17a13f4c6,HAS_TEMPORAL_CONDITION
608e2aef-45f3-55b5-b46a-1cb3abac880a,c6b7610e-062b-54ea-be6a-db1f7ece5739,HAS_TEMPORAL_CONDITION
49df386a-6d15-5d58-8442-125c931d1b75,c6b7610e-062b-54ea-be6a-db1f7ece5739,HAS_TEMPORAL_CONDITION
4feeed8c-d357-5067-8fd7-715753be5958,c6b7610e-062b-54ea-be6a-db1f7ece5739,HAS_TEMPORAL_CONDITION
2152ce70-4199-50b1-b6d9-81794891c7b2,c6b7610e-062b-54ea-be6a-db1f7ece5739,HAS_TEMPORAL_CONDITION
25f9fbbc-c63f-53fc-895b-d72066624f38,c6b7610e-062b-54ea-be6a-db1f7ece5739,HAS_TEMPORAL_CONDITION
ab35bda8-28e5-532d-b7e8-f5fd69a378ef,c6b7610e-062b-54ea-be6a-db1f7ece5739,HAS_TEMPORAL_CONDITION
608e2aef-45f3-55b5-b46a-1cb3abac880a,61f6b8a7-f5af-5a54-9d06-2f1b4413e839,HAS_TEMPORAL_CONDITION
49df386a-6d15-5d58-8442-125c931d1b75,61f6b8a7-f5af-5a54-9d06-2f1b4413e839,HAS_TEMPORAL_CONDITION
4feeed8c-d357-5067-8fd7-715753be5958,61f6b8a7-f5af-5a54-9d06-2f1b4413e839,HAS_TEMPORAL_CONDITION
2152ce70-4199-50b1-b6d9-81794891c7b2,61f6b8a7-f5af-5a54-9d06-2f1b4413e839,HAS_TEMPORAL_CONDITION
25f9fbbc-c63f-53fc-895b-d72066624f38,61f6b8a7-f5af-5a54-9d06-2f1b4413e839,HAS_TEMPORAL_CONDITION
ab35bda8-28e5-532d-b7e8-f5fd69a378ef,61f6b8a7-f5af-5a54-9d06-2f1b4413e839,HAS_TEMPORAL_CONDITION
608e2aef-45f3-55b5-b46a-1cb3abac880a,53864faf-5b26-56f6-9343-05fe0a9c14a9,HAS_TEMPORAL_CONDITION
49df386a-6d15-5d58-8442-125c931d1b75,53864faf-5b26-56f6-9343-05fe0a9c14a9,HAS_TEMPORAL_CONDITION
4feeed8c-d357-5067-8fd7-715753be5958,53864faf-5b26-56f6-9343-05fe0a9c14a9,HAS_TEMPORAL_CONDITION
2152ce70-4199-50b1-b6d9-81794891c7b2,53864faf-5b26-56f6-9343-05fe0a9c14a9,HAS_TEMPORAL_CONDITION
25f9fbbc-c63f-53fc-895b-d72066624f38,53864faf-5b26-56f6-9343-05fe0a9c14a9,HAS_TEMPORAL_CONDITION
ab35bda8-28e5-532d-b7e8-f5fd69a378ef,53864faf-5b26-56f6-9343-05fe0a9c14a9,HAS_TEMPORAL_CONDITION
608e2aef-45f3-55b5-b46a-1cb3abac880a,172ecf1f-59a3-55b9-8ce7-0f534c85f0b8,HAS_TEMPORAL_CONDITION
49df386a-6d15-5d58-8442-125c931d1b75,172ecf1f-59a3-55b9-8ce7-0f534c85f0b8,HAS_TEMPORAL_CONDITION
4feeed8c-d357-5067-8fd7-715753be5958,172ecf1f-59a3-55b9-8ce7-0f534c85f0b8,HAS_TEMPORAL_CONDITION
2152ce70-4199-50b1-b6d9-81794891c7b2,172ecf1f-59a3-55b9-8ce7-0f534c85f0b8,HAS_TEMPORAL_CONDITION
25f9fbbc-c63f-53fc-895b-d72066624f38,172ecf1f-59a3-55b9-8ce7-0f534c85f0b8,HAS_TEMPORAL_CONDITION
ab35bda8-28e5-532d-b7e8-f5fd69a378ef,172ecf1f-59a3-55b9-8ce7-0f534c85f0b8,HAS_TEMPORAL_CONDITION
608e2aef-45f3-55b5-b46a-1cb3abac880a,fd24eb1a-2d19-583e-b5af-190ad6907b5a,HAS_TEMPORAL_CONDITION
49df386a-6d15-5d58-8442-125c931d1b75,fd24eb1a-2d19-583e-b5af-190ad6907b5a,HAS_TEMPORAL_CONDITION
4feeed8c-d357-5067-8fd7-715753be5958,fd24eb1a-2d19-583e-b5af-190ad6907b5a,HAS_TEMPORAL_CONDITION
2152ce70-4199-50b1-b6d9-81794891c7b2,fd24eb1a-2d19-583e-b5af-190ad6907b5a,HAS_TEMPORAL_CONDITION
25f9fbbc-c63f-53fc-895b-d72066624f38,fd24eb1a-2d19-583e-b5af-190ad6907b5a,HAS_TEMPORAL_CONDITION
ab35bda8-28e5-532d-b7e8-f5fd69a378ef,fd24eb1a-2d19-583e-b5af-190ad6907b5a,HAS_TEMPORAL_CONDITION
1fb7aead-153d-5f38-8971-cabe3b976c53,3481c67b-5afc-5c92-96a6-077ba2910732,HAS_TEMPORAL_CONDITION
1fb7aead-153d-5f38-8971-cabe3b976c53,0b4975ab-536c-539d-ba9f-3187dea22168,HAS_TEMPORAL_CONDITION
1fb7aead-153d-5f38-8971-cabe3b976c53,3712f993-b045-522c-b342-72ce34c4321b,HAS_TEMPORAL_CONDITION
7816909f-f1a4-5308-ab9d-b2877f959fd2,570405dc-328d-54d4-b0f8-59dbb5267e35,HAS_TEMPORAL_CONDITION
7816909f-f1a4-5308-ab9d-b2877f959fd2,d0866fbf-f65d-5442-931c-ed96acffae45,HAS_TEMPORAL_CONDITION
7816909f-f1a4-5308-ab9d-b2877f959fd2,5a40a8fc-e3aa-5e51-a149-72e0a8e6e4b6,HAS_TEMPORAL_CONDITION
7816909f-f1a4-5308-ab9d-b2877f959fd2,d8c3a996-4176-58b2-926c-5b9f1a2894d8,HAS_TEMPORAL_CONDITION
7816909f-f1a4-5308-ab9d-b2877f959fd2,02b06776-0d18-5e59-a1c3-4ebdb26f9970,HAS_TEMPORAL_CONDITION
3abca9ad-23cc-579c-8c49-f2afb0493b1e,b3cf364a-8186-573a-8626-6f04192b9b1d,HAS_TEMPORAL_CONDITION
3abca9ad-23cc-579c-8c49-f2afb0493b1e,20b83143-4e70-55f2-9867-be0cd2d26938,HAS_TEMPORAL_CONDITION
3abca9ad-23cc-579c-8c49-f2afb0493b1e,b8fb1da3-689d-5cce-9929-b94ed2e83c9c,HAS_TEMPORAL_CONDITION
7adf74a4-d9b1-55c1-98c0-f97d31a58ac8,2265e27b-3b14-561c-89ee-bf4e11f357eb,HAS_TEMPORAL_CONDITION
ea75e432-ed68-5e7d-a46e-5bbb8695e1d1,2265e27b-3b14-561c-89ee-bf4e11f357eb,HAS_TEMPORAL_CONDITION
5e6e3b94-8c2f-5b22-ad61-b325b0926720,2265e27b-3b14-561c-89ee-bf4e11f357eb,HAS_TEMPORAL_CONDITION
7adf74a4-d9b1-55c1-98c0-f97d31a58ac8,ccc7e0b1-0210-5f0f-b28a-13df108e0a2a,HAS_TEMPORAL_CONDITION
ea75e432-ed68-5e7d-a46e-5bbb8695e1d1,ccc7e0b1-0210-5f0f-b28a-13df108e0a2a,HAS_TEMPORAL_CONDITION
5e6e3b94-8c2f-5b22-ad61-b325b0926720,ccc7e0b1-0210-5f0f-b28a-13df108e0a2a,HAS_TEMPORAL_CONDITION
7adf74a4-d9b1-55c1-98c0-f97d31a58ac8,94e28984-52f4-52c2-961c-f885a177f1d3,HAS_TEMPORAL_CONDITION
ea75e432-ed68-5e7d-a46e-5bbb8695e1d1,94e28984-52f4-52c2-961c-f885a177f1d3,HAS_TEMPORAL_CONDITION
5e6e3b94-8c2f-5b22-ad61-b325b0926720,94e28984-52f4-52c2-961c-f885a177f1d3,HAS_TEMPORAL_CONDITION
7adf74a4-d9b1-55c1-98c0-f97d31a58ac8,e623180f-11cd-5296-980e-a657e1a99bac,HAS_TEMPORAL_CONDITION
ea75e432-ed68-5e7d-a46e-5bbb8695e1d1,e623180f-11cd-5296-980e-a657e1a99bac,HAS_TEMPORAL_CONDITION
5e6e3b94-8c2f-5b22-ad61-b325b0926720,e623180f-11cd-5296-980e-a657e1a99bac,HAS_TEMPORAL_CONDITION
3abca9ad-23cc-579c-8c49-f2afb0493b1e,db22a9b2-7639-5fc7-bfd2-616923dc55a4,HAS_TEMPORAL_CONDITION
3abca9ad-23cc-579c-8c49-f2afb0493b1e,e23364e1-4e4d-5c05-b204-0ace8bc93d14,HAS_TEMPORAL_CONDITION
3abca9ad-23cc-579c-8c49-f2afb0493b1e,75d5bf63-84b1-5656-b6ba-3547ff8ebf69,HAS_TEMPORAL_CONDITION
3abca9ad-23cc-579c-8c49-f2afb0493b1e,9a45bbfa-b6c2-5ee0-b3e9-b8b1fa4cd403,HAS_TEMPORAL_CONDITION
3abca9ad-23cc-579c-8c49-f2afb0493b1e,dcd261a2-a951-53bc-882b-6931f467a466,HAS_TEMPORAL_CONDITION
3abca9ad-23cc-579c-8c49-f2afb0493b1e,89ffd71d-e37c-5e3d-8df7-4648762d775f,HAS_TEMPORAL_CONDITION
3abca9ad-23cc-579c-8c49-f2afb0493b1e,f6077253-8420-522b-b8ef-53704f926850,HAS_TEMPORAL_CONDITION
3abca9ad-23cc-579c-8c49-f2afb0493b1e,d0610d67-b503-567c-be0e-71cfbb133a31,HAS_TEMPORAL_CONDITION
3abca9ad-23cc-579c-8c49-f2afb0493b1e,9e9eaa4b-abce-592f-b856-5b2c1921691d,HAS_TEMPORAL_CONDITION
3abca9ad-23cc-579c-8c49-f2afb0493b1e,289b3c58-7bd9-5d00-babc-b630e9a493bd,HAS_TEMPORAL_CONDITION
3abca9ad-23cc-579c-8c49-f2afb0493b1e,39c505b9-2bfe-5ef8-bd1a-aafb3e2875ca,HAS_TEMPORAL_CONDITION
3abca9ad-23cc-579c-8c49-f2afb0493b1e,f47dd6dc-b221-5056-958a-24e6ae4eb2ed,HAS_TEMPORAL_CONDITION
3abca9ad-23cc-579c-8c49-f2afb0493b1e,05db4a4b-bdab-5d32-ad8b-6b2e0f8277e2,HAS_TEMPORAL_CONDITION
3abca9ad-23cc-579c-8c49-f2afb0493b1e,2beeadb4-6fae-57b3-962f-ab28dfe41858,HAS_TEMPORAL_CONDITION
3abca9ad-23cc-579c-8c49-f2afb0493b1e,9c3aa071-6188-531c-be6d-a2add32a25b7,HAS_TEMPORAL_CONDITION
3abca9ad-23cc-579c-8c49-f2afb0493b1e,64095d74-897d-5d6c-b7b1-bce7174629e7,HAS_TEMPORAL_CONDITION
3abca9ad-23cc-579c-8c49-f2afb0493b1e,4c0be5da-5fc2-5847-94f9-90935b958fde,HAS_TEMPORAL_CONDITION
3abca9ad-23cc-579c-8c49-f2afb0493b1e,a07ab6a4-902b-5485-b42e-eb6d9f32c6b5,HAS_TEMPORAL_CONDITION
3abca9ad-23cc-579c-8c49-f2afb0493b1e,0215c3e0-71eb-5399-9bad-6c093afbdd7a,HAS_TEMPORAL_CONDITION
3abca9ad-23cc-579c-8c49-f2afb0493b1e,d21d4908-f724-5a78-ae28-66615aa33e10,HAS_TEMPORAL_CONDITION
3abca9ad-23cc-579c-8c49-f2afb0493b1e,d518afb8-08e3-5f25-898d-6de2349148d2,HAS_TEMPORAL_CONDITION
3abca9ad-23cc-579c-8c49-f2afb0493b1e,d82350e4-c5ef-55f2-9d3c-3ac1116238d8,HAS_TEMPORAL_CONDITION
3abca9ad-23cc-579c-8c49-f2afb0493b1e,5250cc1b-9ae5-5cce-b7d0-706da4ac05f3,HAS_TEMPORAL_CONDITION
3abca9ad-23cc-579c-8c49-f2afb0493b1e,b7a3ce69-c7d0-55d4-910f-7bc2dafb9420,HAS_TEMPORAL_CONDITION
3abca9ad-23cc-579c-8c49-f2afb0493b1e,f7e6f15e-cb60-5ebf-8c58-2b32f0e6efc7,HAS_TEMPORAL_CONDITION
3abca9ad-23cc-579c-8c49-f2afb0493b1e,840f84d3-c23b-5294-910c-e5f0c19dd628,HAS_TEMPORAL_CONDITION
3abca9ad-23cc-579c-8c49-f2afb0493b1e,630e784d-b865-5168-ba9e-d9f8b1e2bf49,HAS_TEMPORAL_CONDITION
3abca9ad-23cc-579c-8c49-f2afb0493b1e,644d2b31-76df-57d4-bc06-f908f82fcbfd,HAS_TEMPORAL_CONDITION
3abca9ad-23cc-579c-8c49-f2afb0493b1e,7773fd04-47c5-54c7-a473-7cf3bf750a12,HAS_TEMPORAL_CONDITION
3abca9ad-23cc-579c-8c49-f2afb0493b1e,d7c58683-5f8f-54d0-8d83-86d0d2dc8134,HAS_TEMPORAL_CONDITION
3abca9ad-23cc-579c-8c49-f2afb0493b1e,d101e284-ac82-53b1-93f2-7c17575bd39c,HAS_TEMPORAL_CONDITION
3abca9ad-23cc-579c-8c49-f2afb0493b1e,444e0cbf-2aab-5925-a513-0016e24fd3b9,HAS_TEMPORAL_CONDITION
3abca9ad-23cc-579c-8c49-f2afb0493b1e,318a03c6-3a0c-5fdb-9963-b61e428b3c87,HAS_TEMPORAL_CONDITION
3abca9ad-23cc-579c-8c49-f2afb0493b1e,aa08172e-faaf-574d-aca3-55c3f27d4250,HAS_TEMPORAL_CONDITION
3abca9ad-23cc-579c-8c49-f2afb0493b1e,87b40d8b-f641-5b6d-af7b-8c5be40ae918,HAS_TEMPORAL_CONDITION
3abca9ad-23cc-579c-8c49-f2afb0493b1e,b0c2c488-3123-543c-a723-ba2469f08e02,HAS_TEMPORAL_CONDITION
3abca9ad-23cc-579c-8c49-f2afb0493b1e,3a648f77-3035-5a2e-badb-dc538efd769f,HAS_TEMPORAL_CONDITION
3abca9ad-23cc-579c-8c49-f2afb0493b1e,e5cabc68-0d9c-5c51-9b64-305b18331bd7,HAS_TEMPORAL_CONDITION
3abca9ad-23cc-579c-8c49-f2afb0493b1e,aa5c8ae9-5c3d-5652-ab8f-e49395e4a9e4,HAS_TEMPORAL_CONDITION
3abca9ad-23cc-579c-8c49-f2afb0493b1e,b0a75c1e-a17e-591d-8632-0451a3e30ba2,HAS_TEMPORAL_CONDITION
3abca9ad-23cc-579c-8c49-f2afb0493b1e,be02ec2d-23ea-5e68-bfa4-ae9dc4299e3a,HAS_TEMPORAL_CONDITION
3abca9ad-23cc-579c-8c49-f2afb0493b1e,ef8f9766-bd7b-51f5-ad8b-6a9831faf436,HAS_TEMPORAL_CONDITION
3abca9ad-23cc-579c-8c49-f2afb0493b1e,6972a5e4-e199-5fee-8968-b09d14dc70a1,HAS_TEMPORAL_CONDITION
3abca9ad-23cc-579c-8c49-f2afb0493b1e,2e3885f2-7141-53f1-bb76-c1a0ddb01bdb,HAS_TEMPORAL_CONDITION
3abca9ad-23cc-579c-8c49-f2afb0493b1e,e4e36b0b-8455-51e3-be5a-7d26438cef9c,HAS_TEMPORAL_CONDITION
3abca9ad-23cc-579c-8c49-f2afb0493b1e,26d5cde3-904b-5663-b3c8-6389ee664475,HAS_TEMPORAL_CONDITION
117f6f19-2b29-5975-a3e1-9d08b495378f,20fa6926-cf35-5ede-8d7b-95c98584419d,HAS_TEMPORAL_CONDITION
5fd1d117-f2cb-51f8-8bc5-442b42fed9a8,20fa6926-cf35-5ede-8d7b-95c98584419d,HAS_TEMPORAL_CONDITION
dd4571f4-9609-5e32-ade7-c3cca894cc61,20fa6926-cf35-5ede-8d7b-95c98584419d,HAS_TEMPORAL_CONDITION
607a0ded-a91d-513d-a557-8bd0d8d7ff6c,20fa6926-cf35-5ede-8d7b-95c98584419d,HAS_TEMPORAL_CONDITION
9a38b8cf-fda6-5d99-b0bb-460f0d0f4ef3,20fa6926-cf35-5ede-8d7b-95c98584419d,HAS_TEMPORAL_CONDITION
117f6f19-2b29-5975-a3e1-9d08b495378f,d1ca433e-d486-5171-8e86-a6a1d65b345a,HAS_TEMPORAL_CONDITION
5fd1d117-f2cb-51f8-8bc5-442b42fed9a8,d1ca433e-d486-5171-8e86-a6a1d65b345a,HAS_TEMPORAL_CONDITION
dd4571f4-9609-5e32-ade7-c3cca894cc61,d1ca433e-d486-5171-8e86-a6a1d65b345a,HAS_TEMPORAL_CONDITION
607a0ded-a91d-513d-a557-8bd0d8d7ff6c,d1ca433e-d486-5171-8e86-a6a1d65b345a,HAS_TEMPORAL_CONDITION
9a38b8cf-fda6-5d99-b0bb-460f0d0f4ef3,d1ca433e-d486-5171-8e86-a6a1d65b345a,HAS_TEMPORAL_CONDITION
117f6f19-2b29-5975-a3e1-9d08b495378f,27e9f857-b660-5036-9a1c-c7433bf7032d,HAS_TEMPORAL_CONDITION
5fd1d117-f2cb-51f8-8bc5-442b42fed9a8,27e9f857-b660-5036-9a1c-c7433bf7032d,HAS_TEMPORAL_CONDITION
dd4571f4-9609-5e32-ade7-c3cca894cc61,27e9f857-b660-5036-9a1c-c7433bf7032d,HAS_TEMPORAL_CONDITION
607a0ded-a91d-513d-a557-8bd0d8d7ff6c,27e9f857-b660-5036-9a1c-c7433bf7032d,HAS_TEMPORAL_CONDITION
9a38b8cf-fda6-5d99-b0bb-460f0d0f4ef3,27e9f857-b660-5036-9a1c-c7433bf7032d,HAS_TEMPORAL_CONDITION
117f6f19-2b29-5975-a3e1-9d08b495378f,4fb5ec9a-9bdb-5e9e-87d1-4f1d5da57b2a,HAS_TEMPORAL_CONDITION
5fd1d117-f2cb-51f8-8bc5-442b42fed9a8,4fb5ec9a-9bdb-5e9e-87d1-4f1d5da57b2a,HAS_TEMPORAL_CONDITION
dd4571f4-9609-5e32-ade7-c3cca894cc61,4fb5ec9a-9bdb-5e9e-87d1-4f1d5da57b2a,HAS_TEMPORAL_CONDITION
607a0ded-a91d-513d-a557-8bd0d8d7ff6c,4fb5ec9a-9bdb-5e9e-87d1-4f1d5da57b2a,HAS_TEMPORAL_CONDITION
9a38b8cf-fda6-5d99-b0bb-460f0d0f4ef3,4fb5ec9a-9bdb-5e9e-87d1-4f1d5da57b2a,HAS_TEMPORAL_CONDITION
117f6f19-2b29-5975-a3e1-9d08b495378f,f4807a8e-20c3-51f9-ab54-17de7aa713fa,HAS_TEMPORAL_CONDITION
5fd1d117-f2cb-51f8-8bc5-442b42fed9a8,f4807a8e-20c3-51f9-ab54-17de7aa713fa,HAS_TEMPORAL_CONDITION
dd4571f4-9609-5e32-ade7-c3cca894cc61,f4807a8e-20c3-51f9-ab54-17de7aa713fa,HAS_TEMPORAL_CONDITION
607a0ded-a91d-513d-a557-8bd0d8d7ff6c,f4807a8e-20c3-51f9-ab54-17de7aa713fa,HAS_TEMPORAL_CONDITION
9a38b8cf-fda6-5d99-b0bb-460f0d0f4ef3,f4807a8e-20c3-51f9-ab54-17de7aa713fa,HAS_TEMPORAL_CONDITION
117f6f19-2b29-5975-a3e1-9d08b495378f,e1e0c1f6-55f6-5422-9069-f06117d64821,HAS_TEMPORAL_CONDITION
5fd1d117-f2cb-51f8-8bc5-442b42fed9a8,e1e0c1f6-55f6-5422-9069-f06117d64821,HAS_TEMPORAL_CONDITION
dd4571f4-9609-5e32-ade7-c3cca894cc61,e1e0c1f6-55f6-5422-9069-f06117d64821,HAS_TEMPORAL_CONDITION
607a0ded-a91d-513d-a557-8bd0d8d7ff6c,e1e0c1f6-55f6-5422-9069-f06117d64821,HAS_TEMPORAL_CONDITION
9a38b8cf-fda6-5d99-b0bb-460f0d0f4ef3,e1e0c1f6-55f6-5422-9069-f06117d64821,HAS_TEMPORAL_CONDITION
73f06820-8d85-5e9b-a22c-6ee007c556d3,c176eadb-1187-5287-a263-1944dc2d12f2,HAS_TEMPORAL_CONDITION
be33d20d-29cf-548a-95c6-cf11a62d1ad0,c176eadb-1187-5287-a263-1944dc2d12f2,HAS_TEMPORAL_CONDITION
060e7a4b-4c99-526a-bd24-62ee2e9e64e2,c176eadb-1187-5287-a263-1944dc2d12f2,HAS_TEMPORAL_CONDITION
b0095eef-9b75-5d0e-b630-86f375592773,c176eadb-1187-5287-a263-1944dc2d12f2,HAS_TEMPORAL_CONDITION
c8e74454-7d85-564a-be37-b3afbafa7d94,c176eadb-1187-5287-a263-1944dc2d12f2,HAS_TEMPORAL_CONDITION
41d3f713-ab44-5dd0-b3cc-ebfb37783cae,c176eadb-1187-5287-a263-1944dc2d12f2,HAS_TEMPORAL_CONDITION
a0e61f1b-7ba8-5d43-aa96-6a722b0ade79,c176eadb-1187-5287-a263-1944dc2d12f2,HAS_TEMPORAL_CONDITION
f3f7667a-b40c-50f3-87a6-68a56367e091,c176eadb-1187-5287-a263-1944dc2d12f2,HAS_TEMPORAL_CONDITION
f5802f82-5ff9-5456-9731-064b58d375c6,c176eadb-1187-5287-a263-1944dc2d12f2,HAS_TEMPORAL_CONDITION
73f06820-8d85-5e9b-a22c-6ee007c556d3,299b2a3c-b03a-57bb-99e0-7a9dfe1df8b8,HAS_TEMPORAL_CONDITION
be33d20d-29cf-548a-95c6-cf11a62d1ad0,299b2a3c-b03a-57bb-99e0-7a9dfe1df8b8,HAS_TEMPORAL_CONDITION
060e7a4b-4c99-526a-bd24-62ee2e9e64e2,299b2a3c-b03a-57bb-99e0-7a9dfe1df8b8,HAS_TEMPORAL_CONDITION
b0095eef-9b75-5d0e-b630-86f375592773,299b2a3c-b03a-57bb-99e0-7a9dfe1df8b8,HAS_TEMPORAL_CONDITION
c8e74454-7d85-564a-be37-b3afbafa7d94,299b2a3c-b03a-57bb-99e0-7a9dfe1df8b8,HAS_TEMPORAL_CONDITION
41d3f713-ab44-5dd0-b3cc-ebfb37783cae,299b2a3c-b03a-57bb-99e0-7a9dfe1df8b8,HAS_TEMPORAL_CONDITION
a0e61f1b-7ba8-5d43-aa96-6a722b0ade79,299b2a3c-b03a-57bb-99e0-7a9dfe1df8b8,HAS_TEMPORAL_CONDITION
f3f7667a-b40c-50f3-87a6-68a56367e091,299b2a3c-b03a-57bb-99e0-7a9dfe1df8b8,HAS_TEMPORAL_CONDITION
f5802f82-5ff9-5456-9731-064b58d375c6,299b2a3c-b03a-57bb-99e0-7a9dfe1df8b8,HAS_TEMPORAL_CONDITION
73f06820-8d85-5e9b-a22c-6ee007c556d3,dbc814fa-aa15-5b4c-b230-72494e2b5a44,HAS_TEMPORAL_CONDITION
be33d20d-29cf-548a-95c6-cf11a62d1ad0,dbc814fa-aa15-5b4c-b230-72494e2b5a44,HAS_TEMPORAL_CONDITION
060e7a4b-4c99-526a-bd24-62ee2e9e64e2,dbc814fa-aa15-5b4c-b230-72494e2b5a44,HAS_TEMPORAL_CONDITION
b0095eef-9b75-5d0e-b630-86f375592773,dbc814fa-aa15-5b4c-b230-72494e2b5a44,HAS_TEMPORAL_CONDITION
c8e74454-7d85-564a-be37-b3afbafa7d94,dbc814fa-aa15-5b4c-b230-72494e2b5a44,HAS_TEMPORAL_CONDITION
41d3f713-ab44-5dd0-b3cc-ebfb37783cae,dbc814fa-aa15-5b4c-b230-72494e2b5a44,HAS_TEMPORAL_CONDITION
a0e61f1b-7ba8-5d43-aa96-6a722b0ade79,dbc814fa-aa15-5b4c-b230-72494e2b5a44,HAS_TEMPORAL_CONDITION
f3f7667a-b40c-50f3-87a6-68a56367e091,dbc814fa-aa15-5b4c-b230-72494e2b5a44,HAS_TEMPORAL_CONDITION
f5802f82-5ff9-5456-9731-064b58d375c6,dbc814fa-aa15-5b4c-b230-72494e2b5a44,HAS_TEMPORAL_CONDITION
73f06820-8d85-5e9b-a22c-6ee007c556d3,eace46ea-9926-51f2-8db0-cbe1df976b06,HAS_TEMPORAL_CONDITION
be33d20d-29cf-548a-95c6-cf11a62d1ad0,eace46ea-9926-51f2-8db0-cbe1df976b06,HAS_TEMPORAL_CONDITION
060e7a4b-4c99-526a-bd24-62ee2e9e64e2,eace46ea-9926-51f2-8db0-cbe1df976b06,HAS_TEMPORAL_CONDITION
b0095eef-9b75-5d0e-b630-86f375592773,eace46ea-9926-51f2-8db0-cbe1df976b06,HAS_TEMPORAL_CONDITION
c8e74454-7d85-564a-be37-b3afbafa7d94,eace46ea-9926-51f2-8db0-cbe1df976b06,HAS_TEMPORAL_CONDITION
41d3f713-ab44-5dd0-b3cc-ebfb37783cae,eace46ea-9926-51f2-8db0-cbe1df976b06,HAS_TEMPORAL_CONDITION
a0e61f1b-7ba8-5d43-aa96-6a722b0ade79,eace46ea-9926-51f2-8db0-cbe1df976b06,HAS_TEMPORAL_CONDITION
f3f7667a-b40c-50f3-87a6-68a56367e091,eace46ea-9926-51f2-8db0-cbe1df976b06,HAS_TEMPORAL_CONDITION
f5802f82-5ff9-5456-9731-064b58d375c6,eace46ea-9926-51f2-8db0-cbe1df976b06,HAS_TEMPORAL_CONDITION
3abca9ad-23cc-579c-8c49-f2afb0493b1e,c5573e26-9b16-53a9-b726-a016facc3639,HAS_TEMPORAL_CONDITION
3abca9ad-23cc-579c-8c49-f2afb0493b1e,2a1fa792-fa6d-5f16-8541-9836870d6542,HAS_TEMPORAL_CONDITION
