"source_path","target_path","file_name","category","role_summary","copy_status","note"
"","<knowledge-base-path>\neo4j_load\runs\_README.txt","_README.txt","readme","runs folder role README","CREATED","created during Neo4j artifact organization"
"","<knowledge-base-path>\neo4j_load\queries\_README.txt","_README.txt","readme","queries folder role README","CREATED","created during Neo4j artifact organization"
"","<knowledge-base-path>\neo4j_load\reports\_README.txt","_README.txt","readme","reports folder role README","CREATED","created during Neo4j artifact organization"
"","<knowledge-base-path>\neo4j_load\validation\_README.txt","_README.txt","readme","validation folder role README","CREATED","created during Neo4j artifact organization"
"","<knowledge-base-path>\neo4j_load\evidence_traversal\_README.txt","_README.txt","readme","evidence traversal folder role README","CREATED","created during Neo4j artifact organization"
"<knowledge-base-path>\manifests\neo4j_load_runs","<knowledge-base-path>\neo4j_load\runs\neo4j_load_runs","neo4j_load_runs","run_logs","Per-run loader query logs, summaries, validation outputs, and error logs when present","COPIED","copied run folder recursively; file_count=92; original retained"
"<knowledge-base-path>\manifests\neo4j_load_query_log.cypher","<knowledge-base-path>\neo4j_load\queries\neo4j_load_query_log.cypher","neo4j_load_query_log.cypher","query_logs","Latest Neo4j loader Cypher query template log","COPIED","copied from manifests; original retained"
"<knowledge-base-path>\manifests\neo4j_load_validation_queries.cypher","<knowledge-base-path>\neo4j_load\queries\neo4j_load_validation_queries.cypher","neo4j_load_validation_queries.cypher","query_logs","Latest post-load validation Cypher query log","COPIED","copied from manifests; original retained"
"<knowledge-base-path>\manifests\neo4j_load_run_summary.txt","<knowledge-base-path>\neo4j_load\reports\neo4j_load_run_summary.txt","neo4j_load_run_summary.txt","load_reports","Latest Neo4j load run summary","COPIED","copied from manifests; original retained"
"<knowledge-base-path>\manifests\source_hierarchy_dry_run_audit.txt","<knowledge-base-path>\neo4j_load\reports\source_hierarchy_dry_run_audit.txt","source_hierarchy_dry_run_audit.txt","load_reports","Source hierarchy dry-run audit report","COPIED","additional Neo4j source_hierarchy planning artifact copied; original retained"
"<knowledge-base-path>\manifests\source_hierarchy_plan_summary.txt","<knowledge-base-path>\neo4j_load\reports\source_hierarchy_plan_summary.txt","source_hierarchy_plan_summary.txt","load_reports","Latest source hierarchy limited load plan summary","COPIED","additional Neo4j source_hierarchy planning artifact copied; original retained"
"<knowledge-base-path>\manifests\neo4j_load_validation_result.txt","<knowledge-base-path>\neo4j_load\validation\neo4j_load_validation_result.txt","neo4j_load_validation_result.txt","validation_results","Latest Neo4j load validation result","COPIED","copied from manifests; original retained"
"<knowledge-base-path>\manifests\source_hierarchy_dry_run_checklist.csv","<knowledge-base-path>\neo4j_load\validation\source_hierarchy_dry_run_checklist.csv","source_hierarchy_dry_run_checklist.csv","validation_results","Source hierarchy dry-run checklist","COPIED","additional Neo4j source_hierarchy validation artifact copied; original retained"
"<knowledge-base-path>\manifests\neo4j_evidence_traversal_verification_report.txt","<knowledge-base-path>\neo4j_load\evidence_traversal\neo4j_evidence_traversal_verification_report.txt","neo4j_evidence_traversal_verification_report.txt","evidence_traversal","Read-only evidence traversal verification report","COPIED","copied from manifests; original retained"
"<knowledge-base-path>\manifests\neo4j_evidence_traversal_samples.csv","<knowledge-base-path>\neo4j_load\evidence_traversal\neo4j_evidence_traversal_samples.csv","neo4j_evidence_traversal_samples.csv","evidence_traversal","Read-only evidence traversal sample results CSV","COPIED","copied from manifests; original retained"
"<knowledge-base-path>\manifests\neo4j_evidence_traversal_queries.cypher","<knowledge-base-path>\neo4j_load\evidence_traversal\neo4j_evidence_traversal_queries.cypher","neo4j_evidence_traversal_queries.cypher","evidence_traversal","Read-only evidence traversal Cypher queries","COPIED","copied from manifests; original retained"
"","<knowledge-base-path>\neo4j_load\reports\neo4j_first_load_final_report.txt","neo4j_first_load_final_report.txt","load_reports","Neo4j first load final consolidated report","CREATED","created during Neo4j artifact organization"
"","<knowledge-base-path>\neo4j_load\reports\neo4j_second_load_candidate_review.txt","neo4j_second_load_candidate_review.txt","second_load_review","Second-load candidate review after Neo4j first load","CREATED","created during Neo4j artifact organization"
"","<knowledge-base-path>\manifests\NEO4J_ARTIFACTS_MOVED_README.txt","NEO4J_ARTIFACTS_MOVED_README.txt","readme","Pointer from manifests to official Neo4j artifact location","CREATED","created during Neo4j artifact organization"
"","<knowledge-base-path>\neo4j_load\neo4j_load_artifact_manifest.csv","neo4j_load_artifact_manifest.csv","load_reports","Manifest of organized Neo4j load artifacts","CREATED","created after all copy/create operations"
"","<knowledge-base-path>\neo4j_load\reports\neo4j_first_load_final_report.txt","neo4j_first_load_final_report.txt","load_reports","Neo4j final load report updated after ListItem source anchor enrichment","UPDATED","updated with listitem_source_anchor, ITEM_RESOLVES_TO counts, final relationship total, warnings, and final conclusion"
"","<knowledge-base-path>\neo4j_load\reports\neo4j_second_load_candidate_review.txt","neo4j_second_load_candidate_review.txt","second_load_review","Second-load candidate review updated after ListItem source anchor enrichment","UPDATED","ListItem -> SourceNode marked NOT_READY; ListItem -> source anchor marked completed; remaining candidates reprioritized"
"","<knowledge-base-path>\neo4j_load\reports\evidence_pack_assembler_design.md","evidence_pack_assembler_design.md","load_reports","Evidence Pack Assembler design document","CREATED","new design document for read-only Graph-RAG evidence pack assembly using Rule, SourceNode, source hierarchy, Annex, and ITEM_RESOLVES_TO paths"

