frontend_field,current_meaning,recommended_backend_field,required,notes
question,current /ask user question field,query,true,"Backend adapter should accept question as an alias for query."
query,Not currently sent by frontend,query,true,"Recommended canonical Graph-RAG field for future frontend update."
message,Not currently sent by frontend,query,false,"Optional compatibility alias if older chat UI uses message."
mode,Currently sent as qa,mode,false,"Keep mode. Default should be qa."
chat_history,Currently sent as role/content array,chat_history,false,"Already close to recommended schema. Limit recent history on backend if needed."
intent,Not currently sent,intent,false,"Backend should classify intent by default. Frontend may pass this only in debug mode."
options.include_evidence,Not currently sent,options.include_evidence,false,"Backend should default to true."
options.include_debug,Not currently sent,options.include_debug,false,"Backend should default to false. Frontend can expose only in developer mode."
options.top_k,Not currently sent,options.top_k,false,"Backend should default to 5."
answer,Currently rendered as assistant message text,answer,true,"Must remain stable for frontend compatibility."
response,Not currently used,answer,false,"Optional legacy alias only if needed."
status,Not currently displayed,status,true,"OK, OK_WITH_WARNINGS, NO_EVIDENCE, ERROR."
intent(response),Not currently displayed,intent,false,"Useful for debug badge or trace panel."
evidence_readiness,Not currently displayed,evidence_readiness,true,"READY, READY_WITH_WARNINGS, INDIRECT_ONLY, LIMITED_EVIDENCE, NOT_READY."
answer_policy,Not currently displayed,answer_policy,true,"ALLOW_DIRECT_ANSWER, ALLOW_WITH_CAUTION, INDIRECT_ONLY_RESPONSE, REFUSE_OR_REQUEST_MORE_EVIDENCE."
claim_check,Not currently displayed,claim_check,true,"Frontend needs a new badge/panel to display this well."
claim_check.status,Not currently displayed,claim_check.status,true,"PASS, PASS_WITH_WARNINGS, RESTRICTED, FAIL."
claim_check.answer_policy,Not currently displayed,claim_check.answer_policy,true,"Should mirror top-level answer_policy."
claim_check.issues,Not currently displayed,claim_check.issues,false,"Use in expandable warning/detail area."
claim_check.badges,Not currently displayed,claim_check.badges,false,"Recommended UI-ready badge list."
warnings,Not currently displayed,warnings,false,"Show above evidence chips or inside warning panel."
missing_evidence,Not currently displayed,missing_evidence,false,"High severity items should restrict answer display."
citations,Not currently displayed,citations,true,"CitationFormatter output. Use for citation list under answer."
sources,Not currently used,citations,false,"Optional alias for old source-oriented UIs."
evidence_chips,Not currently displayed,evidence_chips,true,"Main Graph-RAG evidence UI list."
evidences,Currently expected by frontend,evidence_chips or citations,false,"Keep as legacy alias. Backend should populate for transition."
evidences[].law_name,Currently used for chat reference label,evidence_chips[].law_name,false,"Can be copied directly from citation/evidence chip."
evidences[].title,Currently used as fallback chat reference label,evidence_chips[].label,false,"Backend should provide title alias from citation_text or label."
evidences[].node_id,Currently used for /law/{nodeId},source_node_id or source_anchor_id,false,"Backend should keep node_id alias until frontend source detail is updated."
evidences[].score,Optional legacy ranking score,evidence_chips[].score,false,"Graph-RAG score can be optional."
evidences[].source_text,Not consistently displayed,evidence_chips[].preview,false,"Use preview for chip/detail."
evidence_chips[].id,Not currently used,rule_id/list_item_id/source_anchor_id,true,"Frontend chip key."
evidence_chips[].label,Not currently used,citation_text or evidence label,true,"Human-readable chip label."
evidence_chips[].type,Not currently used,evidence_kind,true,"rule, list_item, source, threshold, exception, annex, article."
evidence_chips[].law_name,Not currently used,law_name,false,"Display on chip/citation."
evidence_chips[].article_no,Not currently used,article_no,false,"Display on chip/citation."
evidence_chips[].annex_title,Not currently used,annex_title,false,"Display on chip/citation."
evidence_chips[].source_node_id,Not currently used,source_node_id,false,"Useful for SourceNode detail compatibility."
evidence_chips[].source_anchor_id,Not currently used,source_anchor_id,false,"Recommended source detail id."
evidence_chips[].source_anchor_label,Not currently used,source_anchor_label,false,"Recommended source detail type."
evidence_chips[].preview,Not currently used,source_text_preview,false,"Short text under chip."
evidence_chips[].severity,Not currently used,evidence_readiness-derived severity,false,"normal, warning, indirect."
evidence_chips[].clickable,Not currently used,clickable,false,"Set true when source detail id exists."
node_id,Current detail fetch id,node_id compatibility alias,false,"Adapter should resolve to source_node_id/source_anchor_id/rule_id/list_item_id."
source_node_id,Not currently used,source_node_id,false,"Needed for Graph-RAG SourceNode detail."
source_anchor_id,Not currently used,source_anchor_id,false,"Needed for Article/Paragraph/LogicalRow detail."
source_anchor_label,Not currently used,source_anchor_label,false,"Needed with source_anchor_id."
law_name,Currently displayed from evidences[0],law_name,false,"Still useful in citations and chips."
article_no,Not currently displayed in chat,article_no,false,"Add to citation/chip display."
annex_title,Not currently displayed in chat,annex_title,false,"Add to citation/chip display for Annex evidence."
evidence_pack,Not currently displayed,evidence_pack,false,"Return only when include_debug is true or hide in developer panel."
debug,Not currently displayed,debug,false,"Developer mode only."
/law/{nodeId},Current source detail endpoint,/law/{nodeId} compatibility endpoint,true,"Keep initially to minimize frontend changes."
/source/{label}/{id},Not currently used,/source/{source_anchor_label}/{source_anchor_id},false,"Recommended future Graph-RAG source detail endpoint."
/source-detail?id&type,Not currently used,/source-detail?id=...&type=...,false,"Recommended adapter endpoint for mixed Rule/ListItem/SourceAnchor ids."
site_name,Checklist request field,site_name,false,"Checklist flow separate from /ask."
industry,Checklist request field,industry,false,"Checklist flow separate from /ask."
work_types,Checklist request field,work_types,false,"Checklist flow separate from /ask."
environments,Checklist request field,environments,false,"Checklist flow separate from /ask."
hazards,Checklist request field,hazards,false,"Checklist flow separate from /ask."
items,Checklist response item array,items,false,"Existing checklist UI expects this from /site-checklist-ui."
items[].node_id,Checklist law detail id,node_id compatibility alias,false,"Same compatibility concern as chat evidence."
