list_item_id,list_item_type,item_text,source_node_id,annex_title,target_label,target_id_col,target_id,match_status,note
de7162cd-f4de-5568-bcc4-f644e628abf8,ARTICLE_REFERENCE_LIST,① 법 제93조제3항에 따른 안전검사대상기계등의 안전검사 주기는 다음 각 호와 같다. <개정 2024.6.28>,51225dbb16cbe19b4582dd0359c726319b141ab4,,Paragraph,paragraph_id,51225dbb16cbe19b4582dd0359c726319b141ab4,PLANNED,ListItem.source_node_id matches Paragraph.paragraph_id
6d14609c-c03f-5c46-9c25-8e1fdd54cb07,ARTICLE_REFERENCE_LIST,"② 안전검사기관의 지정 신청에 관하여는 제16조제3항부터 제6항까지의 규정을 준용한다. 이 경우 ""고용노동부장관 또는 지방고용노동청장""은 ""고용노동부장관""으로, ""안전관리전문기관 또는 보건관리전문기관""은 ""안전검사기관""으로 본다.",d632cfedba363c9409edc66b4b33ba0706e6e77c,,Paragraph,paragraph_id,d632cfedba363c9409edc66b4b33ba0706e6e77c,PLANNED,ListItem.source_node_id matches Paragraph.paragraph_id
d7781600-a2a2-57a5-a20d-e189408fab50,ARTICLE_REFERENCE_LIST,"② 제1항에 따른 안전검사기관에 대한 평가 방법 및 평가 결과의 공개에 관한 사항은 제17조제2항부터 제8항까지의 규정을 준용한다. 이 경우 ""안전관리전문기관 또는 보건관리전문기관""은 ""안전검사기관""으로 본다.",94e294c937fbbfe0a8598b348b8ef8207b39be07,,Paragraph,paragraph_id,94e294c937fbbfe0a8598b348b8ef8207b39be07,PLANNED,ListItem.source_node_id matches Paragraph.paragraph_id
710e6331-0ee0-5c80-8301-9b806a1798ea,ARTICLE_REFERENCE_LIST,"③ 자율안전검사기관의 지정을 위한 심사, 지정서의 발급ㆍ재발급, 지정사항의 변경 및 지정서의 반납 등에 관하여는 제16조제3항부터 제6항까지의 규정을 준용한다. 이 경우 ""고용노동부장관 또는 지방고용노동청장""은 ""지방고용노동청장""으로, ""안전관리전문기관 또는 보건관리전문기관""은 ""자율안전검사기관""으로 본다.",4d0c134dab953412ca0fbd585b027c08eee689b1,,Paragraph,paragraph_id,4d0c134dab953412ca0fbd585b027c08eee689b1,PLANNED,ListItem.source_node_id matches Paragraph.paragraph_id
6ae3209b-2037-510b-8b98-d7171f2d030c,ARTICLE_REFERENCE_LIST,"② 제1항에 따른 자율안전검사기관에 대한 평가 방법 및 평가 결과의 공개에 관한 사항은 제17조제2항부터 제8항까지의 규정을 준용한다. 이 경우 ""안전관리전문기관 또는 보건관리전문기관""은 ""자율안전검사기관""으로 본다.",3243ae17c58f1f81efef5d48fd0dc7ec08c4b3c3,,Paragraph,paragraph_id,3243ae17c58f1f81efef5d48fd0dc7ec08c4b3c3,PLANNED,ListItem.source_node_id matches Paragraph.paragraph_id
93e07808-b54d-5441-ad17-46462b643214,INSPECTION_ITEM,② 제1항에 따른 제1차 검사항목 중 혈당ㆍγ-GTP 및 총콜레스테롤 검사는 고용노동부장관이 정하는 근로자에 대하여 실시한다.,2e445ab60b9173c5a720234aebeaa7e9241a44b7,,Paragraph,paragraph_id,2e445ab60b9173c5a720234aebeaa7e9241a44b7,PLANNED,ListItem.source_node_id matches Paragraph.paragraph_id
98fea4d6-7c9d-5e69-8505-155a0a084131,INSPECTION_ITEM,"③ 제1항에 따른 검사 결과 질병의 확진이 곤란한 경우에는 제2차 건강진단을 받아야 하며, 제2차 건강진단의 범위, 검사항목, 방법 및 시기 등은 고용노동부장관이 정하여 고시한다.",33bbd076806af6ac15a02816c9464d51bce67229,,Paragraph,paragraph_id,33bbd076806af6ac15a02816c9464d51bce67229,PLANNED,ListItem.source_node_id matches Paragraph.paragraph_id
e31e0a51-5942-5d95-a1a1-0906fb1d792a,ARTICLE_REFERENCE_LIST,④ 제196조 각 호 및 제200조 각 호에 따른 법령과 그 밖에 다른 법령에 따라 제1항부터 제3항까지의 규정에서 정한 검사항목과 같은 항목의 건강진단을 실시한 경우에는 해당 항목에 한정하여 제1항부터 제3항에 따른 검사를 생략할 수 있다.,b4a62574d7fe02e6e7fd9e15fe37653a8df6fa17,,Paragraph,paragraph_id,b4a62574d7fe02e6e7fd9e15fe37653a8df6fa17,PLANNED,ListItem.source_node_id matches Paragraph.paragraph_id
1a67c400-4b58-5d69-860e-edf3fd541c95,INSPECTION_ITEM,"⑤ 제1항부터 제4항까지의 규정에서 정한 사항 외에 일반건강진단의 검사방법, 실시방법, 그 밖에 필요한 사항은 고용노동부장관이 정한다.",4a9f58561d9aa52ce4baf214d8fb49aaff802dbd,,Paragraph,paragraph_id,4a9f58561d9aa52ce4baf214d8fb49aaff802dbd,PLANNED,ListItem.source_node_id matches Paragraph.paragraph_id
1e56100e-1ba3-54e4-8b03-dc501774e82d,ARTICLE_REFERENCE_LIST,"① 법 제130조에 따른 특수건강진단ㆍ배치전건강진단 및 수시건강진단의 검사항목은 제1차 검사항목과 제2차 검사항목으로 구분하며, 각 세부 검사항목은 별표 24와 같다.",9c2e285410d9834b6771641056563f9f8b879ccd,,Paragraph,paragraph_id,9c2e285410d9834b6771641056563f9f8b879ccd,PLANNED,ListItem.source_node_id matches Paragraph.paragraph_id
e87b3f12-0edb-52d1-ac19-7d003436e62c,INSPECTION_ITEM,"② 제1항에 따른 제1차 검사항목은 특수건강진단, 배치전건강진단 및 수시건강진단의 대상이 되는 근로자 모두에 대하여 실시한다.",b66a6a7dee42db409e9cd50bf86e4ff8621ea469,,Paragraph,paragraph_id,b66a6a7dee42db409e9cd50bf86e4ff8621ea469,PLANNED,ListItem.source_node_id matches Paragraph.paragraph_id
b2af1cd0-7601-5123-9d4f-a9cecf2411cb,ARTICLE_REFERENCE_LIST,④ 제196조 각 호 및 제200조 각 호에 따른 법령과 그 밖에 다른 법령에 따라 제1항 및 제2항에서 정한 검사항목과 같은 항목의 건강진단을 실시한 경우에는 해당 항목에 한정하여 제1항 및 제2항에 따른 검사를 생략할 수 있다.,254f596323e0a365fdf06e5eea231f1e0fec9b01,,Paragraph,paragraph_id,254f596323e0a365fdf06e5eea231f1e0fec9b01,PLANNED,ListItem.source_node_id matches Paragraph.paragraph_id
b687923f-de3b-52cc-8147-aa09009fe518,INSPECTION_ITEM,"⑤ 제1항부터 제4항까지의 규정에서 정한 사항 외에 특수건강진단ㆍ배치전건강진단 및 수시건강진단의 검사방법, 실시방법, 그 밖에 필요한 사항은 고용노동부장관이 정한다.",84e2f43888c71688e0f7ead09ba4cf5fdcf8bc79,,Paragraph,paragraph_id,84e2f43888c71688e0f7ead09ba4cf5fdcf8bc79,PLANNED,ListItem.source_node_id matches Paragraph.paragraph_id
bc3ab577-3331-553d-a3f7-53e0d213c775,INSPECTION_ITEM,② 임시건강진단의 검사항목은 별표 24에 따른 특수건강진단의 검사항목 중 전부 또는 일부와 건강진단 담당 의사가 필요하다고 인정하는 검사항목으로 한다.,d3bf624c5113d8b960d8ca007430ea6c20f41db2,,Paragraph,paragraph_id,d3bf624c5113d8b960d8ca007430ea6c20f41db2,PLANNED,ListItem.source_node_id matches Paragraph.paragraph_id
39af8618-d22a-50f1-9ce8-094d4d8d62ef,INSPECTION_ITEM,"③ 제2항에서 정한 사항 외에 임시건강진단의 검사방법, 실시방법, 그 밖에 필요한 사항은 고용노동부장관이 정한다.",c7eeb06aad50c1537f6e662365007ff699fb5757,,Paragraph,paragraph_id,c7eeb06aad50c1537f6e662365007ff699fb5757,PLANNED,ListItem.source_node_id matches Paragraph.paragraph_id
41beee4e-5cbf-502b-b75d-0eb2c1d8da2b,ARTICLE_REFERENCE_LIST,"① 사업주는 법 제129조부터 제130조에 따른 건강진단 결과 유기화합물ㆍ금속류 등의 유해물질에 중독된 사람, 해당 유해물질에 중독될 우려가 있다고 의사가 인정하는 사람, 진폐의 소견이 있는 사람 또는 방사선에 피폭된 사람을 해당 유해물질 또는 방사선을 취급하거나 해당 유해물질의 분진ㆍ증기 또는 가스가 발산되는 업무 또는 해당 업무로 인하여 근로자의 건강을 악화시킬 우려가 있는 업무에 종사하도록 해서는 안 된다.",fd08c3d886c4b3495d5f044b63bb2d31811e588c,,Paragraph,paragraph_id,fd08c3d886c4b3495d5f044b63bb2d31811e588c,PLANNED,ListItem.source_node_id matches Paragraph.paragraph_id
29b78923-75ce-5512-ab3d-fd854d49700c,ARTICLE_REFERENCE_LIST,"① 유해하거나 위험한 기계ㆍ기구ㆍ설비로서 대통령령으로 정하는 것(이하 ""안전검사대상기계등""이라 한다)을 사용하는 사업주(근로자를 사용하지 아니하고 사업을 하는 자를 포함한다. 이하 이 조, 제94조, 제95조 및 제98조에서 같다)는 안전검사대상기계등의 안전에 관한 성능이 고용노동부장관이 정하여 고시하는 검사기준에 맞는지에 대하여 고용노동부장관이 실시하는 검사(이하 ""안전검사""라 한다)를 받아야 한다. 이 경우 안전검사대상기계등을 사용하는 사업주와 소유자가 다른 경우에는 안전검사대상기계등의 소유자가 안전검사를 받아야 한다.",d6dbe5f0d6588a944a2625ab834a9efe2632e579,,Paragraph,paragraph_id,d6dbe5f0d6588a944a2625ab834a9efe2632e579,PLANNED,ListItem.source_node_id matches Paragraph.paragraph_id
700016ee-7945-5e6d-8460-d7eb62877761,INSPECTION_ITEM,② 제1항에도 불구하고 안전검사대상기계등이 다른 법령에 따라 안전성에 관한 검사나 인증을 받은 경우로서 고용노동부령으로 정하는 경우에는 안전검사를 면제할 수 있다.,337b655426529e7f99b1a0fdd2f49e25e2b24dd3,,Paragraph,paragraph_id,337b655426529e7f99b1a0fdd2f49e25e2b24dd3,PLANNED,ListItem.source_node_id matches Paragraph.paragraph_id
1a1a1eee-c136-54a1-bb8c-4e1cb73ac5dd,INSPECTION_ITEM,"③ 안전검사의 신청, 검사 주기 및 검사합격 표시방법, 그 밖에 필요한 사항은 고용노동부령으로 정한다. 이 경우 검사 주기는 안전검사대상기계등의 종류, 사용연한(使用年限) 및 위험성을 고려하여 정한다.",0a6a60bad6de0b5b29db297f00b0d91e1f81dfee,,Paragraph,paragraph_id,0a6a60bad6de0b5b29db297f00b0d91e1f81dfee,PLANNED,ListItem.source_node_id matches Paragraph.paragraph_id
16d97f56-a06c-5d25-9d6c-30e89d5ee874,INSPECTION_ITEM,① 고용노동부장관은 안전검사 업무를 위탁받아 수행하는 기관을 안전검사기관으로 지정할 수 있다.,81e1569877892aaad4667b3f3b54c23070af898e,,Paragraph,paragraph_id,81e1569877892aaad4667b3f3b54c23070af898e,PLANNED,ListItem.source_node_id matches Paragraph.paragraph_id
bada1578-d2e4-5818-8a63-ac527e8d4f33,INSPECTION_ITEM,"③ 고용노동부장관은 제1항에 따라 지정받은 안전검사기관(이하 ""안전검사기관""이라 한다)에 대하여 평가하고 그 결과를 공개할 수 있다. 이 경우 평가의 기준ㆍ방법 및 결과의 공개에 필요한 사항은 고용노동부령으로 정한다.",b94026b6c87fc1c7d7640d33bdc4ba96610b34f7,,Paragraph,paragraph_id,b94026b6c87fc1c7d7640d33bdc4ba96610b34f7,PLANNED,ListItem.source_node_id matches Paragraph.paragraph_id
c652fc3a-b465-5fa1-929c-72a4864a5242,ARTICLE_REFERENCE_LIST,"⑤ 안전검사기관에 관하여는 제21조제4항 및 제5항을 준용한다. 이 경우 ""안전관리전문기관 또는 보건관리전문기관""은 ""안전검사기관""으로 본다.",3526ce8f4c99229aa8bbc69c0b5f213ccb303d73,,Paragraph,paragraph_id,3526ce8f4c99229aa8bbc69c0b5f213ccb303d73,PLANNED,ListItem.source_node_id matches Paragraph.paragraph_id
9ffd6508-447d-5e9e-b5ac-c6ef3378e5a2,ARTICLE_REFERENCE_LIST,"① 제93조제1항에도 불구하고 같은 항에 따라 안전검사를 받아야 하는 사업주가 근로자대표와 협의(근로자를 사용하지 아니하는 경우는 제외한다)하여 같은 항 전단에 따른 검사기준, 같은 조 제3항에 따른 검사 주기 등을 충족하는 검사프로그램(이하 ""자율검사프로그램""이라 한다)을 정하고 고용노동부장관의 인정을 받아 다음 각 호의 어느 하나에 해당하는 사람으로부터 자율검사프로그램에 따라 안전검사대상기계등에 대하여 안전에 관한 성능검사(이하 ""자율안전검사""라 한다)를 받으면 안전검사를 받은 것으로 본다.",9a62ff7b73ce508ebc920eb7d117c76f408c533d,,Paragraph,paragraph_id,9a62ff7b73ce508ebc920eb7d117c76f408c533d,PLANNED,ListItem.source_node_id matches Paragraph.paragraph_id
266a78f0-b600-54fe-a330-ddb24ab69364,ARTICLE_REFERENCE_LIST,"④ 자율안전검사를 받으려는 사업주는 제100조에 따라 지정받은 검사기관(이하 ""자율안전검사기관""이라 한다)에 자율안전검사를 위탁할 수 있다.",f9e5f448d63d3a24d6d807a620fc344a00077e07,,Paragraph,paragraph_id,f9e5f448d63d3a24d6d807a620fc344a00077e07,PLANNED,ListItem.source_node_id matches Paragraph.paragraph_id
e38960ab-4f7a-5163-bd91-ff728afbd285,INSPECTION_ITEM,"⑤ 자율검사프로그램에 포함되어야 할 내용, 자율검사프로그램의 인정 요건, 인정 방법 및 절차, 그 밖에 필요한 사항은 고용노동부령으로 정한다.",1e3ca19f201db0c3e5a148510a23b2ce34458985,,Paragraph,paragraph_id,1e3ca19f201db0c3e5a148510a23b2ce34458985,PLANNED,ListItem.source_node_id matches Paragraph.paragraph_id
60c67b43-14e0-5770-9aeb-722e9b8e888a,INSPECTION_ITEM,② 사업주는 제1항에 따라 자율검사프로그램의 인정이 취소된 안전검사대상기계등을 사용해서는 아니 된다.,9d90e298fc92e5baf98b619cc11102f7846399ee,,Paragraph,paragraph_id,9d90e298fc92e5baf98b619cc11102f7846399ee,PLANNED,ListItem.source_node_id matches Paragraph.paragraph_id
67a10dd8-e33b-57a4-926d-e71ab94c433e,INSPECTION_ITEM,① 자율안전검사기관이 되려는 자는 대통령령으로 정하는 인력ㆍ시설 및 장비 등의 요건을 갖추어 고용노동부장관의 지정을 받아야 한다.,93b6457b07d630548221f13dc6ab539d63520115,,Paragraph,paragraph_id,93b6457b07d630548221f13dc6ab539d63520115,PLANNED,ListItem.source_node_id matches Paragraph.paragraph_id
99873e4e-8b5d-5c90-a3b9-21d4308438d7,INSPECTION_ITEM,② 고용노동부장관은 자율안전검사기관에 대하여 평가하고 그 결과를 공개할 수 있다. 이 경우 평가의 기준ㆍ방법 및 결과의 공개에 필요한 사항은 고용노동부령으로 정한다.,8fab73d7a01a29d1ca20770300651ef6da1dd739,,Paragraph,paragraph_id,8fab73d7a01a29d1ca20770300651ef6da1dd739,PLANNED,ListItem.source_node_id matches Paragraph.paragraph_id
04d86550-455c-58ca-8771-f2e972a001c3,ARTICLE_REFERENCE_LIST,"④ 자율안전검사기관에 관하여는 제21조제4항 및 제5항을 준용한다. 이 경우 ""안전관리전문기관 또는 보건관리전문기관""은 ""자율안전검사기관""으로 본다.",333cff8256c660cf90fe2f65c334bae541cc9765,,Paragraph,paragraph_id,333cff8256c660cf90fe2f65c334bae541cc9765,PLANNED,ListItem.source_node_id matches Paragraph.paragraph_id
ea918c8d-d946-55d3-bede-35d9c030caa4,INSPECTION_ITEM,"① 고용노동부장관은 사업장의 유해ㆍ위험기계등의 보유현황 및 안전검사 이력 등 안전에 관한 정보를 종합관리하고, 해당 정보를 안전인증기관 또는 안전검사기관에 제공할 수 있다.",b17a57181d4998510364c1dcf928b834c26672c1,,Paragraph,paragraph_id,b17a57181d4998510364c1dcf928b834c26672c1,PLANNED,ListItem.source_node_id matches Paragraph.paragraph_id
6687d106-d5dc-51f1-b6ab-88dcdb53f9d2,ARTICLE_REFERENCE_LIST,"② 법 제93조제1항에 따른 안전검사대상기계등의 세부적인 종류, 규격 및 형식은 고용노동부장관이 정하여 고시한다.",e56386320d7506349c859c1c9e4f5fa3bc468b32,,Paragraph,paragraph_id,e56386320d7506349c859c1c9e4f5fa3bc468b32,PLANNED,ListItem.source_node_id matches Paragraph.paragraph_id
5d14b609-78e4-55b3-a29d-d795b9e6ae83,ARTICLE_REFERENCE_LIST,"제81조(자율안전검사기관의 지정 요건) 법 제100조제1항에 따른 자율안전검사기관(이하 ""자율안전검사기관""이라 한다)으로 지정받으려는 자는 별표 25에 따른 인력ㆍ시설 및 장비를 갖추어야 한다.",e233d1b881b2ed035f603a5ff744a9562df3b345,,Paragraph,paragraph_id,e233d1b881b2ed035f603a5ff744a9562df3b345,PLANNED,ListItem.source_node_id matches Paragraph.paragraph_id
8688fe07-4550-5936-8b3e-ab2810d09c2d,ARTICLE_REFERENCE_LIST,"제36조(사용의 제한) 사업주는 법 제80조ㆍ제81조에 따른 방호조치 등의 조치를 하지 않거나 법 제83조제1항에 따른 안전인증기준, 법 제89조제1항에 따른 자율안전기준 또는 법 제93조제1항에 따른 안전검사기준에 적합하지 않은 기계ㆍ기구ㆍ설비 및 방호장치ㆍ보호구 등을 사용해서는 아니 된다. <개정 2019.12.26, 2021.5.28>",b305f888b719d44781ffb86aa01d830b8556399f,,Paragraph,paragraph_id,b305f888b719d44781ffb86aa01d830b8556399f,PLANNED,ListItem.source_node_id matches Paragraph.paragraph_id
97ffd3b3-7722-537a-8093-7073d457f7eb,EQUIPMENT_ITEM,③ 사업주는 제1항과 제2항에도 불구하고 방폭성능을 갖는 전기기계ㆍ기구에 대해서는 제1항의 상태 및 제2항 각 호의 조치를 하지 아니한 상태에서도 작동시킬 수 있다.,b1e4c1e1a7ee662905bee0306f976e380a2ee9e8,,Paragraph,paragraph_id,b1e4c1e1a7ee662905bee0306f976e380a2ee9e8,PLANNED,ListItem.source_node_id matches Paragraph.paragraph_id
c6a923d7-c88a-52eb-8b64-c8e8e2e601a6,ARTICLE_REFERENCE_LIST,"④ 제3항 각 호에 따른 검사주기에도 불구하고 안전밸브가 설치된 압력용기에 대하여 「고압가스 안전관리법」 제17조제2항에 따라 시장ㆍ군수 또는 구청장의 재검사를 받는 경우로서 압력용기의 재검사주기에 대하여 같은 법 시행규칙 별표22 제2호에 따라 산업통상부장관이 정하여 고시하는 기법에 따라 산정하여 그 적합성을 인정받은 경우에는 해당 안전밸브의 검사주기는 그 압력용기의 재검사주기에 따른다. <신설 2014.9.30, 2025.10.1>",7b5443798455cea58c93694cd3e7a7ad4fe08c06,,Paragraph,paragraph_id,7b5443798455cea58c93694cd3e7a7ad4fe08c06,PLANNED,ListItem.source_node_id matches Paragraph.paragraph_id
3458836d-4025-5001-9f6d-69784b00ec4a,ARTICLE_REFERENCE_LIST,10. 「건설기계관리법」 제3조 또는 「자동차관리법」 제5조에 따라 각각 등록한 건설기계 또는 자동차 중 법 제93조에 따라 안전검사를 받아야 하는 유해하거나 위험한 기계ㆍ기구ㆍ설비가 장착된 건설기계 또는 자동차에 관한 자료의 제공,e62e9b32e29c2d97e003f80cb7e24f542fb51f47,,Item,item_id,e62e9b32e29c2d97e003f80cb7e24f542fb51f47,PLANNED,ListItem.source_node_id matches Item.item_id
4b9d33dd-24b3-55d6-8f1e-ea7e61dd93c4,ARTICLE_REFERENCE_LIST,5. 안전보건규칙 제618조제1호에 따른 밀폐공간,b5557183812b00c8d96503eb20965dc855a27583,,Item,item_id,b5557183812b00c8d96503eb20965dc855a27583,PLANNED,ListItem.source_node_id matches Item.item_id
84af58df-8ab3-57f4-83e1-05ce08c5ecc3,BUSINESS_TYPE,1. 도급인인 사업주 자신이 선임해야 할 안전관리자 및 보건관리자를 둔 경우,97e241da93dbcd805098ec476a18e87ddf7ae320,,Item,item_id,97e241da93dbcd805098ec476a18e87ddf7ae320,PLANNED,ListItem.source_node_id matches Item.item_id
5c310392-833a-55e8-bbd7-cc7c2befc40b,EQUIPMENT_ITEM,"2. 상하수도 설비, 침대, 냉난방시설, 외부 연락용 직통전화, 구급용구 등",62792d723256e3d57fb2d8f455a6593036e89c63,,Item,item_id,62792d723256e3d57fb2d8f455a6593036e89c63,PLANNED,ListItem.source_node_id matches Item.item_id
874dc5e6-0ae2-5bb3-8f23-554687281733,ARTICLE_REFERENCE_LIST,1. 법 제41조제1항에 따른 폭언등을 하지 않도록 요청하는 문구 게시 또는 음성 안내,2db29e991a8e637055f69d2a4166b31455b79f5b,,Item,item_id,2db29e991a8e637055f69d2a4166b31455b79f5b,PLANNED,ListItem.source_node_id matches Item.item_id
f5fdbda7-097a-511b-aba3-9dbee43cbbac,WORK_TYPE,2. 고객과의 문제 상황 발생 시 대처방법 등을 포함하는 고객응대업무 매뉴얼 마련,0ffbe413a03fc5322bbf15e9399ecfcef02ca16c,,Item,item_id,0ffbe413a03fc5322bbf15e9399ecfcef02ca16c,PLANNED,ListItem.source_node_id matches Item.item_id
b4e656fc-040a-5de9-a6d9-f2354df5746e,DISEASE,3. 제2호에 따른 고객응대업무 매뉴얼의 내용 및 건강장해 예방 관련 교육 실시,a5ccf87b102a378bf247ed792faaad0e48a9ce8f,,Item,item_id,a5ccf87b102a378bf247ed792faaad0e48a9ce8f,PLANNED,ListItem.source_node_id matches Item.item_id
d46d18ea-6992-567c-b9a4-931cb85fa386,QUALIFICATION_ITEM,2. 건설안전기술사 또는 토목ㆍ건축 분야 기술사,173287866bb67a1dc8ad9030f96f930f40a6fd5b,,Item,item_id,173287866bb67a1dc8ad9030f96f930f40a6fd5b,PLANNED,ListItem.source_node_id matches Item.item_id
31c86493-01bb-529e-a814-2f8ff484d38a,HAZARD_FACTOR,1. 적정: 근로자의 안전과 보건을 위하여 필요한 조치가 구체적으로 확보되었다고 인정되는 경우,4f45b552905883b710dbef2f0eb3d7f565634825,,Item,item_id,4f45b552905883b710dbef2f0eb3d7f565634825,PLANNED,ListItem.source_node_id matches Item.item_id
51517948-4276-5111-8d50-c7ad6bb8177f,HAZARD_FACTOR,2. 조건부 적정: 근로자의 안전과 보건을 확보하기 위하여 일부 개선이 필요하다고 인정되는 경우,a29c184895b4fbf911f6bb789cdf846934ab9a83,,Item,item_id,a29c184895b4fbf911f6bb789cdf846934ab9a83,PLANNED,ListItem.source_node_id matches Item.item_id
0bb4e543-06f4-5209-b0fb-bbcc9d7ed133,HAZARD_FACTOR,3. 부적정: 건설물ㆍ기계ㆍ기구 및 설비 또는 건설공사가 심사기준에 위반되어 공사착공 시 중대한 위험이 발생할 우려가 있거나 해당 계획에 근본적 결함이 있다고 인정되는 경우,fec8a2a238dedf600620429858b6a2e0cdbfe374,,Item,item_id,fec8a2a238dedf600620429858b6a2e0cdbfe374,PLANNED,ListItem.source_node_id matches Item.item_id
6bc0c336-e8ce-5559-a72b-061179199871,HAZARD_FACTOR,"2. 공정위험성평가서 및 잠재위험에 대한 사고예방ㆍ피해 최소화 대책(공정위험성평가서는 공정의 특성 등을 고려하여 다음 각 목의 위험성평가 기법 중 한 가지 이상을 선정하여 위험성평가를 한 후 그 결과에 따라 작성해야 하며, 사고예방ㆍ피해최소화 대책은 위험성평가 결과 잠재위험이 있다고 인정되는 경우에만 작성한다)",9649a52da5b5cf4ce96b35b8dc89040328c534b0,,Item,item_id,9649a52da5b5cf4ce96b35b8dc89040328c534b0,PLANNED,ListItem.source_node_id matches Item.item_id
dc092c27-1b07-5685-9238-4ab82afbfa05,SUBSTANCE,2. 도급공정 사용 최대 유해화학 물질량,cff8bb8d8a1d39c431ca0d999559ab9e810c9502,,Item,item_id,cff8bb8d8a1d39c431ca0d999559ab9e810c9502,PLANNED,ListItem.source_node_id matches Item.item_id
3006d595-053b-572c-acd7-2feba2fe2459,UNKNOWN_LIST_ITEM,1. 산업재해 예방방법 및 산업재해가 발생한 경우의 대피방법,8ae611f98ced9e66078ffd6c85c1dddab4c0c028,,Item,item_id,8ae611f98ced9e66078ffd6c85c1dddab4c0c028,PLANNED,ListItem.source_node_id matches Item.item_id
7154bbf6-9367-5de1-902b-e20273e053fa,WORK_TYPE,"2. 작업의 시작시간, 작업 및 작업장 간의 연락방법",283dbd681c26ae0829ebd61b032b33ace808394a,,Item,item_id,283dbd681c26ae0829ebd61b032b33ace808394a,PLANNED,ListItem.source_node_id matches Item.item_id
