file_path,file_type,role,matched_keywords,notes
"05_code/frontend reference/index.html",html,Vite app shell,"src/main.jsx;root","Uses /src/main.jsx as entry."
"05_code/frontend reference/package.json",config,Package metadata and scripts,"vite;react;lucide-react","Vite React app. Scripts: dev, build, lint, preview."
"05_code/frontend reference/package-lock.json",lockfile,NPM dependency lock,"react;vite","Kept as source/config artifact."
"05_code/frontend reference/vite.config.js",config,Vite config,"@vitejs/plugin-react","Standard React plugin config."
"05_code/frontend reference/eslint.config.js",config,ESLint config,"react-hooks;react-refresh","Lint config only."
"05_code/frontend reference/.gitignore",config,Git ignore rules,"dist;node_modules","Kept."
"05_code/frontend reference/_IGNORED_LARGE_FOLDERS_README.txt",audit_note,Large folder exclusion note,"dist;node_modules;build;.vite;.cache;coverage","Created for cleanup audit. dist deletion was blocked by Windows access denied."
"05_code/frontend reference/public/favicon.svg",public_asset,Public favicon,"svg","Kept."
"05_code/frontend reference/public/icons.svg",public_asset,Public icon sprite,"svg","Kept."
"05_code/frontend reference/src/main.jsx",source_entry,React entry point,"App;index.css","Renders App into root."
"05_code/frontend reference/src/App.jsx",source_component,Main application and chat/checklist UI,"askChat;fetchLawDetail;evidences;question;mode;chat_history;/law;node_id;badge","Contains /ask call, /law detail call, current chat response parsing, checklist UI, history UI."
"05_code/frontend reference/src/api.js",source_api,API wrapper,"/ask;/law;fetch;Content-Type;VITE_API_BASE_URL","Defines askChat, fetchLawDetail, checklist/history endpoints. No streaming or timeout."
"05_code/frontend reference/src/index.css",style,Main application styles,"badge;warning;danger;success;info;law-button","Badge styles can be reused for claim/readiness UI."
"05_code/frontend reference/src/App.css",style,Default app styles,"#root;logo;card","Appears mostly template/default styling."
"05_code/frontend reference/src/mockData.js",source_mock,Mock checklist/dashboard data,"risk;law","Used for local UI seed/mock state."
"05_code/frontend reference/src/assets/hero.png",asset,UI image asset,"image","Kept."
"05_code/frontend reference/src/assets/react.svg",asset,Template asset,"svg","Kept."
"05_code/frontend reference/src/assets/vite.svg",asset,Template asset,"svg","Kept."
"05_code/frontend reference/dist",excluded_build,Generated build artifact,"dist","Excluded from audit. Deletion attempted but blocked by access denied."
