list_item_id,list_item_type,item_text,source_node_id,annex_title,source_node_type,source_text_preview,match_status,note
de7162cd-f4de-5568-bcc4-f644e628abf8,ARTICLE_REFERENCE_LIST,① 법 제93조제3항에 따른 안전검사대상기계등의 안전검사 주기는 다음 각 호와 같다. <개정 2024.6.28>,51225dbb16cbe19b4582dd0359c726319b141ab4,,Paragraph,① 법 제93조제3항에 따른 안전검사대상기계등의 안전검사 주기는 다음 각 호와 같다. <개정 2024.6.28>,SOURCE_NODE_UNMATCHED_SOURCE_ANCHOR_MATCHED,"ListItem.source_node_id does not match SourceNode, but matches source anchor id; direct ITEM_EXTRACTED_FROM is not ready."
6d14609c-c03f-5c46-9c25-8e1fdd54cb07,ARTICLE_REFERENCE_LIST,"② 안전검사기관의 지정 신청에 관하여는 제16조제3항부터 제6항까지의 규정을 준용한다. 이 경우 ""고용노동부장관 또는 지방고용노동청장""은 ""고용노동부장관""으로, ""안전관리전문기관 또는 보건관리전문기관""은 ""안전검사기관""으로 본다.",d632cfedba363c9409edc66b4b33ba0706e6e77c,,Paragraph,"② 안전검사기관의 지정 신청에 관하여는 제16조제3항부터 제6항까지의 규정을 준용한다. 이 경우 ""고용노동부장관 또는 지방고용노동청장""은 ""고용노동부장관""으로, ""안전관리전문기관 또는 보건관리전문기관""은 ""안전검사기관""으로 본다.",SOURCE_NODE_UNMATCHED_SOURCE_ANCHOR_MATCHED,"ListItem.source_node_id does not match SourceNode, but matches source anchor id; direct ITEM_EXTRACTED_FROM is not ready."
d7781600-a2a2-57a5-a20d-e189408fab50,ARTICLE_REFERENCE_LIST,"② 제1항에 따른 안전검사기관에 대한 평가 방법 및 평가 결과의 공개에 관한 사항은 제17조제2항부터 제8항까지의 규정을 준용한다. 이 경우 ""안전관리전문기관 또는 보건관리전문기관""은 ""안전검사기관""으로 본다.",94e294c937fbbfe0a8598b348b8ef8207b39be07,,Paragraph,"② 제1항에 따른 안전검사기관에 대한 평가 방법 및 평가 결과의 공개에 관한 사항은 제17조제2항부터 제8항까지의 규정을 준용한다. 이 경우 ""안전관리전문기관 또는 보건관리전문기관""은 ""안전검사기관""으로 본다.",SOURCE_NODE_UNMATCHED_SOURCE_ANCHOR_MATCHED,"ListItem.source_node_id does not match SourceNode, but matches source anchor id; direct ITEM_EXTRACTED_FROM is not ready."
710e6331-0ee0-5c80-8301-9b806a1798ea,ARTICLE_REFERENCE_LIST,"③ 자율안전검사기관의 지정을 위한 심사, 지정서의 발급ㆍ재발급, 지정사항의 변경 및 지정서의 반납 등에 관하여는 제16조제3항부터 제6항까지의 규정을 준용한다. 이 경우 ""고용노동부장관 또는 지방고용노동청장""은 ""지방고용노동청장""으로, ""안전관리전문기관 또는 보건관리전문기관""은 ""자율안전검사기관""으로 본다.",4d0c134dab953412ca0fbd585b027c08eee689b1,,Paragraph,"③ 자율안전검사기관의 지정을 위한 심사, 지정서의 발급ㆍ재발급, 지정사항의 변경 및 지정서의 반납 등에 관하여는 제16조제3항부터 제6항까지의 규정을 준용한다. 이 경우 ""고용노동부장관 또는 지방고용노동청장""은 ""지방고용노동청장""으로, ""안전관리전문기관 또는 보건관리전문기관""은 ""자율안전검사기관""으로 본다.",SOURCE_NODE_UNMATCHED_SOURCE_ANCHOR_MATCHED,"ListItem.source_node_id does not match SourceNode, but matches source anchor id; direct ITEM_EXTRACTED_FROM is not ready."
6ae3209b-2037-510b-8b98-d7171f2d030c,ARTICLE_REFERENCE_LIST,"② 제1항에 따른 자율안전검사기관에 대한 평가 방법 및 평가 결과의 공개에 관한 사항은 제17조제2항부터 제8항까지의 규정을 준용한다. 이 경우 ""안전관리전문기관 또는 보건관리전문기관""은 ""자율안전검사기관""으로 본다.",3243ae17c58f1f81efef5d48fd0dc7ec08c4b3c3,,Paragraph,"② 제1항에 따른 자율안전검사기관에 대한 평가 방법 및 평가 결과의 공개에 관한 사항은 제17조제2항부터 제8항까지의 규정을 준용한다. 이 경우 ""안전관리전문기관 또는 보건관리전문기관""은 ""자율안전검사기관""으로 본다.",SOURCE_NODE_UNMATCHED_SOURCE_ANCHOR_MATCHED,"ListItem.source_node_id does not match SourceNode, but matches source anchor id; direct ITEM_EXTRACTED_FROM is not ready."
93e07808-b54d-5441-ad17-46462b643214,INSPECTION_ITEM,② 제1항에 따른 제1차 검사항목 중 혈당ㆍγ-GTP 및 총콜레스테롤 검사는 고용노동부장관이 정하는 근로자에 대하여 실시한다.,2e445ab60b9173c5a720234aebeaa7e9241a44b7,,Paragraph,② 제1항에 따른 제1차 검사항목 중 혈당ㆍγ-GTP 및 총콜레스테롤  검사는 고용노동부장관이 정하는 근로자에 대하여 실시한다.,SOURCE_NODE_UNMATCHED_SOURCE_ANCHOR_MATCHED,"ListItem.source_node_id does not match SourceNode, but matches source anchor id; direct ITEM_EXTRACTED_FROM is not ready."
98fea4d6-7c9d-5e69-8505-155a0a084131,INSPECTION_ITEM,"③ 제1항에 따른 검사 결과 질병의 확진이 곤란한 경우에는 제2차 건강진단을 받아야 하며, 제2차 건강진단의 범위, 검사항목, 방법 및 시기 등은 고용노동부장관이 정하여 고시한다.",33bbd076806af6ac15a02816c9464d51bce67229,,Paragraph,"③ 제1항에 따른 검사 결과 질병의 확진이 곤란한 경우에는 제2차 건강진단을 받아야 하며, 제2차 건강진단의 범위, 검사항목, 방법 및 시기 등은 고용노동부장관이 정하여 고시한다.",SOURCE_NODE_UNMATCHED_SOURCE_ANCHOR_MATCHED,"ListItem.source_node_id does not match SourceNode, but matches source anchor id; direct ITEM_EXTRACTED_FROM is not ready."
e31e0a51-5942-5d95-a1a1-0906fb1d792a,ARTICLE_REFERENCE_LIST,④ 제196조 각 호 및 제200조 각 호에 따른 법령과 그 밖에 다른 법령에 따라 제1항부터 제3항까지의 규정에서 정한 검사항목과 같은 항목의 건강진단을 실시한 경우에는 해당 항목에 한정하여 제1항부터 제3항에 따른 검사를 생략할 수 있다.,b4a62574d7fe02e6e7fd9e15fe37653a8df6fa17,,Paragraph,④ 제196조 각 호 및 제200조 각 호에 따른 법령과 그 밖에 다른 법령에 따라 제1항부터 제3항까지의 규정에서 정한 검사항목과 같은 항목의 건강진단을 실시한 경우에는 해당 항목에 한정하여 제1항부터 제3항에 따른 검사를 생략할 수 있다.,SOURCE_NODE_UNMATCHED_SOURCE_ANCHOR_MATCHED,"ListItem.source_node_id does not match SourceNode, but matches source anchor id; direct ITEM_EXTRACTED_FROM is not ready."
1a67c400-4b58-5d69-860e-edf3fd541c95,INSPECTION_ITEM,"⑤ 제1항부터 제4항까지의 규정에서 정한 사항 외에 일반건강진단의 검사방법, 실시방법, 그 밖에 필요한 사항은 고용노동부장관이 정한다.",4a9f58561d9aa52ce4baf214d8fb49aaff802dbd,,Paragraph,"⑤ 제1항부터 제4항까지의 규정에서 정한 사항 외에 일반건강진단의 검사방법, 실시방법, 그 밖에 필요한 사항은 고용노동부장관이 정한다.",SOURCE_NODE_UNMATCHED_SOURCE_ANCHOR_MATCHED,"ListItem.source_node_id does not match SourceNode, but matches source anchor id; direct ITEM_EXTRACTED_FROM is not ready."
1e56100e-1ba3-54e4-8b03-dc501774e82d,ARTICLE_REFERENCE_LIST,"① 법 제130조에 따른 특수건강진단ㆍ배치전건강진단 및 수시건강진단의 검사항목은 제1차 검사항목과 제2차 검사항목으로 구분하며, 각 세부 검사항목은 별표 24와 같다.",9c2e285410d9834b6771641056563f9f8b879ccd,,Paragraph,"① 법 제130조에 따른 특수건강진단ㆍ배치전건강진단 및 수시건강진단의 검사항목은 제1차 검사항목과 제2차 검사항목으로 구분하며, 각 세부 검사항목은 별표 24와 같다.",SOURCE_NODE_UNMATCHED_SOURCE_ANCHOR_MATCHED,"ListItem.source_node_id does not match SourceNode, but matches source anchor id; direct ITEM_EXTRACTED_FROM is not ready."
e87b3f12-0edb-52d1-ac19-7d003436e62c,INSPECTION_ITEM,"② 제1항에 따른 제1차 검사항목은 특수건강진단, 배치전건강진단 및 수시건강진단의 대상이 되는 근로자 모두에 대하여 실시한다.",b66a6a7dee42db409e9cd50bf86e4ff8621ea469,,Paragraph,"② 제1항에 따른 제1차 검사항목은 특수건강진단, 배치전건강진단 및 수시건강진단의 대상이 되는 근로자 모두에 대하여 실시한다.",SOURCE_NODE_UNMATCHED_SOURCE_ANCHOR_MATCHED,"ListItem.source_node_id does not match SourceNode, but matches source anchor id; direct ITEM_EXTRACTED_FROM is not ready."
b2af1cd0-7601-5123-9d4f-a9cecf2411cb,ARTICLE_REFERENCE_LIST,④ 제196조 각 호 및 제200조 각 호에 따른 법령과 그 밖에 다른 법령에 따라 제1항 및 제2항에서 정한 검사항목과 같은 항목의 건강진단을 실시한 경우에는 해당 항목에 한정하여 제1항 및 제2항에 따른 검사를 생략할 수 있다.,254f596323e0a365fdf06e5eea231f1e0fec9b01,,Paragraph,④ 제196조 각 호 및 제200조 각 호에 따른 법령과 그 밖에 다른 법령에 따라 제1항 및 제2항에서 정한 검사항목과 같은 항목의 건강진단을 실시한 경우에는 해당 항목에 한정하여 제1항 및 제2항에 따른 검사를 생략할 수 있다.,SOURCE_NODE_UNMATCHED_SOURCE_ANCHOR_MATCHED,"ListItem.source_node_id does not match SourceNode, but matches source anchor id; direct ITEM_EXTRACTED_FROM is not ready."
b687923f-de3b-52cc-8147-aa09009fe518,INSPECTION_ITEM,"⑤ 제1항부터 제4항까지의 규정에서 정한 사항 외에 특수건강진단ㆍ배치전건강진단 및 수시건강진단의 검사방법, 실시방법, 그 밖에 필요한 사항은 고용노동부장관이 정한다.",84e2f43888c71688e0f7ead09ba4cf5fdcf8bc79,,Paragraph,"⑤ 제1항부터 제4항까지의 규정에서 정한 사항 외에 특수건강진단ㆍ배치전건강진단 및 수시건강진단의 검사방법, 실시방법, 그 밖에 필요한 사항은 고용노동부장관이 정한다.",SOURCE_NODE_UNMATCHED_SOURCE_ANCHOR_MATCHED,"ListItem.source_node_id does not match SourceNode, but matches source anchor id; direct ITEM_EXTRACTED_FROM is not ready."
bc3ab577-3331-553d-a3f7-53e0d213c775,INSPECTION_ITEM,② 임시건강진단의 검사항목은 별표 24에 따른 특수건강진단의 검사항목 중 전부 또는 일부와 건강진단 담당 의사가 필요하다고 인정하는 검사항목으로 한다.,d3bf624c5113d8b960d8ca007430ea6c20f41db2,,Paragraph,② 임시건강진단의 검사항목은 별표 24에 따른 특수건강진단의 검사항목 중 전부 또는 일부와 건강진단 담당 의사가 필요하다고 인정하는 검사항목으로 한다.,SOURCE_NODE_UNMATCHED_SOURCE_ANCHOR_MATCHED,"ListItem.source_node_id does not match SourceNode, but matches source anchor id; direct ITEM_EXTRACTED_FROM is not ready."
39af8618-d22a-50f1-9ce8-094d4d8d62ef,INSPECTION_ITEM,"③ 제2항에서 정한 사항 외에 임시건강진단의 검사방법, 실시방법, 그 밖에 필요한 사항은 고용노동부장관이 정한다.",c7eeb06aad50c1537f6e662365007ff699fb5757,,Paragraph,"③ 제2항에서 정한 사항 외에 임시건강진단의 검사방법, 실시방법, 그 밖에 필요한 사항은 고용노동부장관이 정한다.",SOURCE_NODE_UNMATCHED_SOURCE_ANCHOR_MATCHED,"ListItem.source_node_id does not match SourceNode, but matches source anchor id; direct ITEM_EXTRACTED_FROM is not ready."
41beee4e-5cbf-502b-b75d-0eb2c1d8da2b,ARTICLE_REFERENCE_LIST,"① 사업주는 법 제129조부터 제130조에 따른 건강진단 결과 유기화합물ㆍ금속류 등의 유해물질에 중독된 사람, 해당 유해물질에 중독될 우려가 있다고 의사가 인정하는 사람, 진폐의 소견이 있는 사람 또는 방사선에 피폭된 사람을 해당 유해물질 또는 방사선을 취급하거나 해당 유해물질의 분진ㆍ증기 또는 가스가 발산되는 업무 또는 해당 업무로 인하여 근로자의 건강을 악화시킬 우려가 있는 업무에 종사하도록 해서는 안 된다.",fd08c3d886c4b3495d5f044b63bb2d31811e588c,,Paragraph,"① 사업주는 법 제129조부터 제130조에 따른 건강진단 결과 유기화합물ㆍ금속류 등의 유해물질에 중독된 사람, 해당 유해물질에 중독될 우려가 있다고 의사가 인정하는 사람, 진폐의 소견이 있는 사람 또는 방사선에 피폭된 사람을 해당 유해물질 또는 방사선을 취급하거나 해당 유해물질의 분진ㆍ증기 또는 가스가 발산되는 업무 또는 해당 업무로 인하여 근로자의 건강을 악화시킬 우려가 있는 업무에 종사하도록 해서는 안 된다.",SOURCE_NODE_UNMATCHED_SOURCE_ANCHOR_MATCHED,"ListItem.source_node_id does not match SourceNode, but matches source anchor id; direct ITEM_EXTRACTED_FROM is not ready."
29b78923-75ce-5512-ab3d-fd854d49700c,ARTICLE_REFERENCE_LIST,"① 유해하거나 위험한 기계ㆍ기구ㆍ설비로서 대통령령으로 정하는 것(이하 ""안전검사대상기계등""이라 한다)을 사용하는 사업주(근로자를 사용하지 아니하고 사업을 하는 자를 포함한다. 이하 이 조, 제94조, 제95조 및 제98조에서 같다)는 안전검사대상기계등의 안전에 관한 성능이 고용노동부장관이 정하여 고시하는 검사기준에 맞는지에 대하여 고용노동부장관이 실시하는 검사(이하 ""안전검사""라 한다)를 받아야 한다. 이 경우 안전검사대상기계등을 사용하는 사업주와 소유자가 다른 경우에는 안전검사대상기계등의 소유자가 안전검사를 받아야 한다.",d6dbe5f0d6588a944a2625ab834a9efe2632e579,,Paragraph,"① 유해하거나 위험한 기계ㆍ기구ㆍ설비로서 대통령령으로 정하는 것(이하 ""안전검사대상기계등""이라 한다)을 사용하는 사업주(근로자를 사용하지 아니하고 사업을 하는 자를 포함한다. 이하 이 조, 제94조, 제95조 및 제98조에서 같다)는 안전검사대상기계등의 안전에 관한 성능이 고용노동부장관이 정하여 고시하는 검사기준에 맞는지에 대하여 고용노동부장관이 실시하는 검사(이하 ""안전검사""라 한다)를 받아야 한다. 이 경우 안전검사대상기계등을 사용하는 사업주와 소유자가 다른 경우에는 안전검사대상기계등의 소유자가 안전검사를 받아야 한다.",SOURCE_NODE_UNMATCHED_SOURCE_ANCHOR_MATCHED,"ListItem.source_node_id does not match SourceNode, but matches source anchor id; direct ITEM_EXTRACTED_FROM is not ready."
700016ee-7945-5e6d-8460-d7eb62877761,INSPECTION_ITEM,② 제1항에도 불구하고 안전검사대상기계등이 다른 법령에 따라 안전성에 관한 검사나 인증을 받은 경우로서 고용노동부령으로 정하는 경우에는 안전검사를 면제할 수 있다.,337b655426529e7f99b1a0fdd2f49e25e2b24dd3,,Paragraph,② 제1항에도 불구하고 안전검사대상기계등이 다른 법령에 따라 안전성에 관한 검사나 인증을 받은 경우로서 고용노동부령으로 정하는 경우에는 안전검사를 면제할 수 있다.,SOURCE_NODE_UNMATCHED_SOURCE_ANCHOR_MATCHED,"ListItem.source_node_id does not match SourceNode, but matches source anchor id; direct ITEM_EXTRACTED_FROM is not ready."
1a1a1eee-c136-54a1-bb8c-4e1cb73ac5dd,INSPECTION_ITEM,"③ 안전검사의 신청, 검사 주기 및 검사합격 표시방법, 그 밖에 필요한 사항은 고용노동부령으로 정한다. 이 경우 검사 주기는 안전검사대상기계등의 종류, 사용연한(使用年限) 및 위험성을 고려하여 정한다.",0a6a60bad6de0b5b29db297f00b0d91e1f81dfee,,Paragraph,"③ 안전검사의 신청, 검사 주기 및 검사합격 표시방법, 그 밖에 필요한 사항은 고용노동부령으로 정한다. 이 경우 검사 주기는 안전검사대상기계등의 종류, 사용연한(使用年限) 및 위험성을 고려하여 정한다.",SOURCE_NODE_UNMATCHED_SOURCE_ANCHOR_MATCHED,"ListItem.source_node_id does not match SourceNode, but matches source anchor id; direct ITEM_EXTRACTED_FROM is not ready."
16d97f56-a06c-5d25-9d6c-30e89d5ee874,INSPECTION_ITEM,① 고용노동부장관은 안전검사 업무를 위탁받아 수행하는 기관을 안전검사기관으로 지정할 수 있다.,81e1569877892aaad4667b3f3b54c23070af898e,,Paragraph,① 고용노동부장관은 안전검사 업무를 위탁받아 수행하는 기관을 안전검사기관으로 지정할 수 있다.,SOURCE_NODE_UNMATCHED_SOURCE_ANCHOR_MATCHED,"ListItem.source_node_id does not match SourceNode, but matches source anchor id; direct ITEM_EXTRACTED_FROM is not ready."
bada1578-d2e4-5818-8a63-ac527e8d4f33,INSPECTION_ITEM,"③ 고용노동부장관은 제1항에 따라 지정받은 안전검사기관(이하 ""안전검사기관""이라 한다)에 대하여 평가하고 그 결과를 공개할 수 있다. 이 경우 평가의 기준ㆍ방법 및 결과의 공개에 필요한 사항은 고용노동부령으로 정한다.",b94026b6c87fc1c7d7640d33bdc4ba96610b34f7,,Paragraph,"③ 고용노동부장관은 제1항에 따라 지정받은 안전검사기관(이하 ""안전검사기관""이라 한다)에 대하여 평가하고 그 결과를 공개할 수 있다. 이 경우 평가의 기준ㆍ방법 및 결과의 공개에 필요한 사항은 고용노동부령으로 정한다.",SOURCE_NODE_UNMATCHED_SOURCE_ANCHOR_MATCHED,"ListItem.source_node_id does not match SourceNode, but matches source anchor id; direct ITEM_EXTRACTED_FROM is not ready."
c652fc3a-b465-5fa1-929c-72a4864a5242,ARTICLE_REFERENCE_LIST,"⑤ 안전검사기관에 관하여는 제21조제4항 및 제5항을 준용한다. 이 경우 ""안전관리전문기관 또는 보건관리전문기관""은 ""안전검사기관""으로 본다.",3526ce8f4c99229aa8bbc69c0b5f213ccb303d73,,Paragraph,"⑤ 안전검사기관에 관하여는 제21조제4항 및 제5항을 준용한다. 이 경우 ""안전관리전문기관 또는 보건관리전문기관""은 ""안전검사기관""으로 본다.",SOURCE_NODE_UNMATCHED_SOURCE_ANCHOR_MATCHED,"ListItem.source_node_id does not match SourceNode, but matches source anchor id; direct ITEM_EXTRACTED_FROM is not ready."
9ffd6508-447d-5e9e-b5ac-c6ef3378e5a2,ARTICLE_REFERENCE_LIST,"① 제93조제1항에도 불구하고 같은 항에 따라 안전검사를 받아야 하는 사업주가 근로자대표와 협의(근로자를 사용하지 아니하는 경우는 제외한다)하여 같은 항 전단에 따른 검사기준, 같은 조 제3항에 따른 검사 주기 등을 충족하는 검사프로그램(이하 ""자율검사프로그램""이라 한다)을 정하고 고용노동부장관의 인정을 받아 다음 각 호의 어느 하나에 해당하는 사람으로부터 자율검사프로그램에 따라 안전검사대상기계등에 대하여 안전에 관한 성능검사(이하 ""자율안전검사""라 한다)를 받으면 안전검사를 받은 것으로 본다.",9a62ff7b73ce508ebc920eb7d117c76f408c533d,,Paragraph,"① 제93조제1항에도 불구하고 같은 항에 따라 안전검사를 받아야 하는 사업주가 근로자대표와 협의(근로자를 사용하지 아니하는 경우는 제외한다)하여 같은 항 전단에 따른 검사기준, 같은 조 제3항에 따른 검사 주기 등을 충족하는 검사프로그램(이하 ""자율검사프로그램""이라 한다)을 정하고 고용노동부장관의 인정을 받아 다음 각 호의 어느 하나에 해당하는 사람으로부터 자율검사프로그램에 따라 안전검사대상기계등에 대하여 안전에 관한 성능검사(이하 ""자율안전검사""라 한다)를 받으면 안전검사를 받은 것으로 본다.",SOURCE_NODE_UNMATCHED_SOURCE_ANCHOR_MATCHED,"ListItem.source_node_id does not match SourceNode, but matches source anchor id; direct ITEM_EXTRACTED_FROM is not ready."
266a78f0-b600-54fe-a330-ddb24ab69364,ARTICLE_REFERENCE_LIST,"④ 자율안전검사를 받으려는 사업주는 제100조에 따라 지정받은 검사기관(이하 ""자율안전검사기관""이라 한다)에 자율안전검사를 위탁할 수 있다.",f9e5f448d63d3a24d6d807a620fc344a00077e07,,Paragraph,"④ 자율안전검사를 받으려는 사업주는 제100조에 따라 지정받은 검사기관(이하 ""자율안전검사기관""이라 한다)에 자율안전검사를 위탁할 수 있다.",SOURCE_NODE_UNMATCHED_SOURCE_ANCHOR_MATCHED,"ListItem.source_node_id does not match SourceNode, but matches source anchor id; direct ITEM_EXTRACTED_FROM is not ready."
e38960ab-4f7a-5163-bd91-ff728afbd285,INSPECTION_ITEM,"⑤ 자율검사프로그램에 포함되어야 할 내용, 자율검사프로그램의 인정 요건, 인정 방법 및 절차, 그 밖에 필요한 사항은 고용노동부령으로 정한다.",1e3ca19f201db0c3e5a148510a23b2ce34458985,,Paragraph,"⑤ 자율검사프로그램에 포함되어야 할 내용, 자율검사프로그램의 인정 요건, 인정 방법 및 절차, 그 밖에 필요한 사항은 고용노동부령으로 정한다.",SOURCE_NODE_UNMATCHED_SOURCE_ANCHOR_MATCHED,"ListItem.source_node_id does not match SourceNode, but matches source anchor id; direct ITEM_EXTRACTED_FROM is not ready."
60c67b43-14e0-5770-9aeb-722e9b8e888a,INSPECTION_ITEM,② 사업주는 제1항에 따라 자율검사프로그램의 인정이 취소된 안전검사대상기계등을 사용해서는 아니 된다.,9d90e298fc92e5baf98b619cc11102f7846399ee,,Paragraph,② 사업주는 제1항에 따라 자율검사프로그램의 인정이 취소된 안전검사대상기계등을 사용해서는 아니 된다.,SOURCE_NODE_UNMATCHED_SOURCE_ANCHOR_MATCHED,"ListItem.source_node_id does not match SourceNode, but matches source anchor id; direct ITEM_EXTRACTED_FROM is not ready."
67a10dd8-e33b-57a4-926d-e71ab94c433e,INSPECTION_ITEM,① 자율안전검사기관이 되려는 자는 대통령령으로 정하는 인력ㆍ시설 및 장비 등의 요건을 갖추어 고용노동부장관의 지정을 받아야 한다.,93b6457b07d630548221f13dc6ab539d63520115,,Paragraph,① 자율안전검사기관이 되려는 자는 대통령령으로 정하는 인력ㆍ시설 및 장비 등의 요건을 갖추어 고용노동부장관의 지정을 받아야 한다.,SOURCE_NODE_UNMATCHED_SOURCE_ANCHOR_MATCHED,"ListItem.source_node_id does not match SourceNode, but matches source anchor id; direct ITEM_EXTRACTED_FROM is not ready."
99873e4e-8b5d-5c90-a3b9-21d4308438d7,INSPECTION_ITEM,② 고용노동부장관은 자율안전검사기관에 대하여 평가하고 그 결과를 공개할 수 있다. 이 경우 평가의 기준ㆍ방법 및 결과의 공개에 필요한 사항은 고용노동부령으로 정한다.,8fab73d7a01a29d1ca20770300651ef6da1dd739,,Paragraph,② 고용노동부장관은 자율안전검사기관에 대하여 평가하고 그 결과를 공개할 수 있다. 이 경우 평가의 기준ㆍ방법 및 결과의 공개에 필요한 사항은 고용노동부령으로 정한다.,SOURCE_NODE_UNMATCHED_SOURCE_ANCHOR_MATCHED,"ListItem.source_node_id does not match SourceNode, but matches source anchor id; direct ITEM_EXTRACTED_FROM is not ready."
04d86550-455c-58ca-8771-f2e972a001c3,ARTICLE_REFERENCE_LIST,"④ 자율안전검사기관에 관하여는 제21조제4항 및 제5항을 준용한다. 이 경우 ""안전관리전문기관 또는 보건관리전문기관""은 ""자율안전검사기관""으로 본다.",333cff8256c660cf90fe2f65c334bae541cc9765,,Paragraph,"④ 자율안전검사기관에 관하여는 제21조제4항 및 제5항을 준용한다. 이 경우 ""안전관리전문기관 또는 보건관리전문기관""은 ""자율안전검사기관""으로 본다.",SOURCE_NODE_UNMATCHED_SOURCE_ANCHOR_MATCHED,"ListItem.source_node_id does not match SourceNode, but matches source anchor id; direct ITEM_EXTRACTED_FROM is not ready."
ea918c8d-d946-55d3-bede-35d9c030caa4,INSPECTION_ITEM,"① 고용노동부장관은 사업장의 유해ㆍ위험기계등의 보유현황 및 안전검사 이력 등 안전에 관한 정보를 종합관리하고, 해당 정보를 안전인증기관 또는 안전검사기관에 제공할 수 있다.",b17a57181d4998510364c1dcf928b834c26672c1,,Paragraph,"① 고용노동부장관은 사업장의 유해ㆍ위험기계등의 보유현황 및 안전검사 이력 등 안전에 관한 정보를 종합관리하고, 해당 정보를 안전인증기관 또는 안전검사기관에 제공할 수 있다.",SOURCE_NODE_UNMATCHED_SOURCE_ANCHOR_MATCHED,"ListItem.source_node_id does not match SourceNode, but matches source anchor id; direct ITEM_EXTRACTED_FROM is not ready."
