heading_id,law_version_id,heading_no,text
"af36a3aad2f1ccf61f3ac3381706f9e08ff91454","104b2fb72ae4df8c22895fe3d3d4ba63abdcf2cd","1","제1장 총칙"
"3bbae8d7098480420da97c16c32824585753b9a8","104b2fb72ae4df8c22895fe3d3d4ba63abdcf2cd","3","제2장 중대산업재해"
"2cdd5a396fab4dbe7b73f21f6e9b67d2ecdd37f0","104b2fb72ae4df8c22895fe3d3d4ba63abdcf2cd","9","제3장 중대시민재해"
"d60546eeb007b863080844aa18f5339be55d7d17","104b2fb72ae4df8c22895fe3d3d4ba63abdcf2cd","12","제4장 보칙"
"e70be87e39cacdd7af7ebf9a7c0de756550bf3af","b6fa09bb4f2e711645b25f12207959d1ec27622c","1","                    제1장 총칙"
"72814df422ffd03f54ab1a8849b9d1eb30ab35f7","b6fa09bb4f2e711645b25f12207959d1ec27622c","9","                    제2장 안전보건관리체제 등"
"8c9b673ff4d219cb5a8abb81a67eaac8d1409fd8","b6fa09bb4f2e711645b25f12207959d1ec27622c","25","                        제2절 안전보건관리규정"
"ec36fb8ea5745d4f3132f5090c486ac19bd0d7c8","b6fa09bb4f2e711645b25f12207959d1ec27622c","26","                    제3장 안전보건교육"
"d988e618b4d569f12dd31b51add0842e341f33e7","b6fa09bb4f2e711645b25f12207959d1ec27622c","37","                    제4장 유해ㆍ위험 방지 조치"
"17486cb2710e33da29927be01980589bd659d62a","b6fa09bb4f2e711645b25f12207959d1ec27622c","74","                    제5장 도급 시 산업재해 예방"
"6bee96d2d2ab3312d0f770c5c89ce771652cea82","b6fa09bb4f2e711645b25f12207959d1ec27622c","79","                          제2절 도급인의 안전조치 및 보건조치"
"9361add18f7f695c086c4735214ed33fb5cd9a1c","b6fa09bb4f2e711645b25f12207959d1ec27622c","86","                          제3절 건설업 등의 산업재해 예방"
"3d40e8177a246dae2861b54bf96a15d9837c6f55","b6fa09bb4f2e711645b25f12207959d1ec27622c","95","                          제4절 그 밖의 고용형태에서의 산업재해 예방"
"a188703e028336edaadaa87c064a98ddb66f4a6c","b6fa09bb4f2e711645b25f12207959d1ec27622c","98","                    제6장 유해ㆍ위험 기계 등에 대한 조치"
"0557f5c1893532bffbb20464bcddea46e0d97a55","b6fa09bb4f2e711645b25f12207959d1ec27622c","107","                          제2절 안전인증"
"b21ff3ef37456189b06399b787c51d5e4a852a07","b6fa09bb4f2e711645b25f12207959d1ec27622c","119","                          제3절 자율안전확인의 신고"
"6f7e9212ffacc9fa038284ed754963ddd12dcad3","b6fa09bb4f2e711645b25f12207959d1ec27622c","124","                          제4절 안전검사"
"903398f82f6650bc45846c2a1a8c55ce3a8c832d","b6fa09bb4f2e711645b25f12207959d1ec27622c","136","                          제5절 유해ㆍ위험기계등의 조사 및 지원 등"
"54f27adf16176364a1f9f2724ad05c729c3d6979","b6fa09bb4f2e711645b25f12207959d1ec27622c","141","                    제7장 유해ㆍ위험물질에 대한 조치"
"00a0c05a24722104b990fcdb0ec4b10882a6fe3a","b6fa09bb4f2e711645b25f12207959d1ec27622c","175","                          제2절 석면에 대한 조치"
"85828417e59fc59c3856c91957a2050090ce2969","b6fa09bb4f2e711645b25f12207959d1ec27622c","186","                    제8장 근로자 보건관리"
"3abb850fcfe9e4f98c8c59910684bd90bf7d7ede","b6fa09bb4f2e711645b25f12207959d1ec27622c","195","                        제2절 건강진단 및 건강관리"
"d740014d98e69c9d0880f0429886e30fc9b924d1","b6fa09bb4f2e711645b25f12207959d1ec27622c","225","                    제9장 산업안전지도사 및 산업보건지도사"
"c41266cad61186bb14e3958e87e03ec15e7d68f0","b6fa09bb4f2e711645b25f12207959d1ec27622c","235","                    제10장 근로감독관 등"
"7b1f07b00659ed2f7db0dd55344cb56698e2976d","b6fa09bb4f2e711645b25f12207959d1ec27622c","237","                    제11장 보칙"
"de399541530c56b120daf8e97a1083ccf485f77a","843d76b6b9c38936d2ce1a1ce08009ee49a7ab86","1","                    제1장 총칙"
"bd8f8ed0bf4a9030476868be9bac9d3364304316","843d76b6b9c38936d2ce1a1ce08009ee49a7ab86","14","                    제2장 안전보건관리체제 등"
"558e89f593d6c6e281b452f0250ddf4e6502b989","843d76b6b9c38936d2ce1a1ce08009ee49a7ab86","25","                        제2절 안전보건관리규정"
"6eb6bd482693f7b6e63183e8f3eefb7bf58df1d7","843d76b6b9c38936d2ce1a1ce08009ee49a7ab86","29","                    제3장 안전보건교육"
"4b807341552b31f6186b71a4a442193f934e3d16","843d76b6b9c38936d2ce1a1ce08009ee49a7ab86","34","                    제4장 유해ㆍ위험 방지 조치"
"859b5dba55a88dcb73f19dfd5bd755fa962f3990","843d76b6b9c38936d2ce1a1ce08009ee49a7ab86","58","                    제5장 도급 시 산업재해 예방"
"583c3efb7050758dc16f137d03938ad44a409db4","843d76b6b9c38936d2ce1a1ce08009ee49a7ab86","62","                          제2절 도급인의 안전조치 및 보건조치"
"50d9e3cf342d70259e0eae427c39b5e816708095","843d76b6b9c38936d2ce1a1ce08009ee49a7ab86","67","                          제3절 건설업 등의 산업재해 예방"
"7ce63c619a5d61fa682f3f67003fdf3e593ba379","843d76b6b9c38936d2ce1a1ce08009ee49a7ab86","77","                          제4절 그 밖의 고용형태에서의 산업재해 예방"
"bc4b549a6ed7b837a1dba5eb5e0f46a3059f761e","843d76b6b9c38936d2ce1a1ce08009ee49a7ab86","80","                    제6장 유해ㆍ위험 기계 등에 대한 조치"
"d86bd3240298c1d69fbbbfa02847301146fb05dc","843d76b6b9c38936d2ce1a1ce08009ee49a7ab86","83","                          제2절 안전인증"
"2d123bc58298759564b625365485d7434bf9cca7","843d76b6b9c38936d2ce1a1ce08009ee49a7ab86","89","                          제3절 자율안전확인의 신고"
"598806bd3f85ceaafc8886221b7fa2911d19973b","843d76b6b9c38936d2ce1a1ce08009ee49a7ab86","93","                          제4절 안전검사"
"1e129027f9398140757b0b611a13798fad62c4a2","843d76b6b9c38936d2ce1a1ce08009ee49a7ab86","101","                          제5절 유해ㆍ위험기계등의 조사 및 지원 등"
"ccc908e20bcf3ff1de1294aa8d13d0f4e12f409b","843d76b6b9c38936d2ce1a1ce08009ee49a7ab86","104","                    제7장 유해ㆍ위험물질에 대한 조치"
"f4acfad3e488377570f690c4bfdae8ac461d7113","843d76b6b9c38936d2ce1a1ce08009ee49a7ab86","119","                          제2절 석면에 대한 조치"
"79f815bd3617a3e17e001e13ec08d82c84ed7646","843d76b6b9c38936d2ce1a1ce08009ee49a7ab86","125","                    제8장 근로자 보건관리"
"f771e8722ae5475d6b3475a4aed5088d0d7f3774","843d76b6b9c38936d2ce1a1ce08009ee49a7ab86","129","                        제2절 건강진단 및 건강관리"
"a5ed3d0a28625a389efb951b0484b0585b28e507","843d76b6b9c38936d2ce1a1ce08009ee49a7ab86","142","                    제9장 산업안전지도사 및 산업보건지도사"
"cfc3425489b3ef3ca9bd130cbd26f942306a4192","843d76b6b9c38936d2ce1a1ce08009ee49a7ab86","155","                    제10장 근로감독관 등"
"ddcd20ad3a53242c39567113a57331ae5aa3b131","843d76b6b9c38936d2ce1a1ce08009ee49a7ab86","158","                    제11장 보칙"
"931f831b78d37a81649d0742d8737c8819d58b3b","843d76b6b9c38936d2ce1a1ce08009ee49a7ab86","167","                    제12장 벌칙"
"43f7e5062178d670c175c988cb5ee9b1fd16752e","6829c042a13cbb8b01ddcbda35f6fd683c0f77c1","1","            제1장 총칙"
"96003e7bb44e01c7ea7a09c331f7a9822472349a","6829c042a13cbb8b01ddcbda35f6fd683c0f77c1","13","            제2장 안전보건관리체제 등"
"0c51a4415c2fff9c60d6413366800f5d202f3134","6829c042a13cbb8b01ddcbda35f6fd683c0f77c1","40","            제3장 안전보건교육"
"3679a3fcc2f7985f660ea9b411387a047702a645","6829c042a13cbb8b01ddcbda35f6fd683c0f77c1","41","            제4장 유해ㆍ위험 방지 조치"
"6b5d12918b15bb293ce586f623c8ba84f67f07fd","6829c042a13cbb8b01ddcbda35f6fd683c0f77c1","51","            제5장 도급 시 산업재해 예방"
"85bac09e0ffeca84a9803613a27b5e76921211ff","6829c042a13cbb8b01ddcbda35f6fd683c0f77c1","70","            제6장 유해ㆍ위험 기계 등에 대한 조치"
"ce50ae2244d009b246309eb926aa95ce1c5a0883","6829c042a13cbb8b01ddcbda35f6fd683c0f77c1","84","            제7장 유해ㆍ위험물질에 대한 조치"
"e0fa8e91f8bcaa6d9c93671b2fcdc291311fb555","6829c042a13cbb8b01ddcbda35f6fd683c0f77c1","95","            제8장 근로자 보건관리"
"95dd624170366183cdfcd5a617fb2828154179f0","6829c042a13cbb8b01ddcbda35f6fd683c0f77c1","101","            제9장 산업안전지도사 및 산업보건지도사"
"8b1503b9319d05bd2058ffd860aefb3a00a3ea72","6829c042a13cbb8b01ddcbda35f6fd683c0f77c1","109","            제10장 보칙"
"9029c28b6d9929f12ba91fba559fd3d465be9bbe","6829c042a13cbb8b01ddcbda35f6fd683c0f77c1","119","            제11장 벌칙"
"12986fa8bbd42905b5d13975dbcce45978a1deeb","1ed21550b572094228bbf31cf5c26cc088464029","1","            제1장 총칙"
"046a4d814693219481e96920bb449bfd6f78fa6d","1ed21550b572094228bbf31cf5c26cc088464029","4","            제2장 중대산업재해"
"6bd2259335d71d13c4283a5ea50d3b6d2cb062e8","1ed21550b572094228bbf31cf5c26cc088464029","8","            제3장 중대시민재해"
"8949e73893941a0750a2dc91249adf58891ed32c","1ed21550b572094228bbf31cf5c26cc088464029","12","            제4장 보칙"
"9410e6d3b1e3b6395688f9e875b5c2447c759c03","f436fcd219320b9a2e2544d19baad382633bea80","1","          제1편 총칙"
"950adf66b382f56d0bd8f420acb97539ff09642c","f436fcd219320b9a2e2544d19baad382633bea80","3","            제2장 작업장"
"d98d8fc99a8a149f16f87a2b8afd991d4e34669d","f436fcd219320b9a2e2544d19baad382633bea80","21","            제3장 통로"
"04473dee2f0ddd0cb8104c81208d3c2f0c55f823","f436fcd219320b9a2e2544d19baad382633bea80","31","            제4장 보호구"
"7815196544f692e02b224d56cbfa5506039c6d7e","f436fcd219320b9a2e2544d19baad382633bea80","35","            제5장 관리감독자의 직무, 사용의 제한 등"
"9064e675c992b3e3f65c11380cff95bd50332315","f436fcd219320b9a2e2544d19baad382633bea80","42","            제6장 추락 또는 붕괴에 의한 위험 방지"
"79858aca12d9e4b82c03d5976abb451b7791d9e1","f436fcd219320b9a2e2544d19baad382633bea80","50","                  제2절 붕괴 등에 의한 위험 방지"
"41439d6b104a55944b34964087fdd971bdaceba5","f436fcd219320b9a2e2544d19baad382633bea80","54","            제7장 비계"
"f8fe0007e039c8095b4c64c9d43a11ebbfed587c","f436fcd219320b9a2e2544d19baad382633bea80","57","                  제2절 조립ㆍ해체 및 점검 등"
"9910b788ed9926878516e61459a9feed8170ba68","f436fcd219320b9a2e2544d19baad382633bea80","59","                제3절 강관비계 및 강관틀비계"
"968629236f861c284ac693f147cddc697ed77cc3","f436fcd219320b9a2e2544d19baad382633bea80","63","                  제4절 달비계, 달대비계 및 걸침비계 <개정 2012.5.31>"
"416073d8b4abef02658f5cf56e8fd31fbc76ef25","f436fcd219320b9a2e2544d19baad382633bea80","67","                  제5절 말비계 및 이동식비계"
"bd3018d275a2fec59930088a2d2b7115b5a20780","f436fcd219320b9a2e2544d19baad382633bea80","69","                  제6절 시스템 비계"
"fb1e4dc53f99cd6109f3044092e0390f43357493","f436fcd219320b9a2e2544d19baad382633bea80","71","                  제7절 삭제 <2024.6.28>"
"ff3d75c7185bda4003f8e0877e97f10b8c121c34","f436fcd219320b9a2e2544d19baad382633bea80","72","            제8장 환기장치"
"e3d07e71d595e91274f8dc07b02ae2d7218e3331","f436fcd219320b9a2e2544d19baad382633bea80","79","            제9장 휴게시설 등"
"2ff0b47f666eff70f05ee19049d399354f89ff32","f436fcd219320b9a2e2544d19baad382633bea80","83","            제10장 잔재물 등의 조치기준"
"c85460f55b939e4c6546f4eaf9db29713af843b7","f436fcd219320b9a2e2544d19baad382633bea80","86","          제2편 안전기준"
"7ba555341f21ae0a437b4210b0ea8a5ddc90e59c","f436fcd219320b9a2e2544d19baad382633bea80","100","                  제2절 공작기계"
"889f1c4e558386572705f83f3f1e341963a4e569","f436fcd219320b9a2e2544d19baad382633bea80","103","                  제3절 프레스 및 전단기"
"d92234b472baf241f016849b086dc6a7dd846503","f436fcd219320b9a2e2544d19baad382633bea80","105","                  제4절 목재가공용 기계"
"65935b7fa17ca6eee22c57d96e6750c6d98dbd23","f436fcd219320b9a2e2544d19baad382633bea80","111","                  제5절 원심기 및 분쇄기등"
"56d7c13ec5d7ae8308305987f201b432fa4029ac","f436fcd219320b9a2e2544d19baad382633bea80","114","                  제6절 고속회전체"
"7fcaf0140102f6621a89a508b1fb3f3819819651","f436fcd219320b9a2e2544d19baad382633bea80","116","                  제7절 보일러 등"
"7eca71467b25b6dcb9b6e0f160d0c14ec4c98769","f436fcd219320b9a2e2544d19baad382633bea80","121","                  제8절 사출성형기 등"
"7d388f7cadfb29eb522cd97a23083a211928a29d","f436fcd219320b9a2e2544d19baad382633bea80","132","                  제9절 양중기"
"a49b544eb512c3f344c5cc84a23d120823de76c0","f436fcd219320b9a2e2544d19baad382633bea80","136","                제2관 크레인"
"40b773d81017fa330ef4cba659f885afc53bb219","f436fcd219320b9a2e2544d19baad382633bea80","147","                제3관 이동식 크레인"
"bc3f793562bd13e16c2fcc592b4b7bf915027bac","f436fcd219320b9a2e2544d19baad382633bea80","151","                제4관 리프트"
"dd437c7deec97a93bb7b6f8a54b294487809cee8","f436fcd219320b9a2e2544d19baad382633bea80","160","                제5관 곤돌라"
"cc059ba3e0110febfa63d250ffed9fd90b5b2a5b","f436fcd219320b9a2e2544d19baad382633bea80","161","                제6관 승강기"
"072dbc333395b963011710d436515d40bfd3876c","f436fcd219320b9a2e2544d19baad382633bea80","163","                제7관 양중기의 와이어로프 등"
"ccacc7f73a21aaaa54ea7289d46bed8b13f505df","f436fcd219320b9a2e2544d19baad382633bea80","171","                  제10절 차량계 하역운반기계등"
"0c35ac07eab5c7d82bee85f88e969054966ac406","f436fcd219320b9a2e2544d19baad382633bea80","179","                제2관 지게차"
"fc6e3879283dd8f8a22deaa7a38286c25337a462","f436fcd219320b9a2e2544d19baad382633bea80","184","                제3관 구내운반차"
"22aabfb3785c31f061c67a30cde918fc52055e76","f436fcd219320b9a2e2544d19baad382633bea80","186","                제4관 고소작업대"
"d6f6ade67a91e25519f96b6a6abb004444c4f0db","f436fcd219320b9a2e2544d19baad382633bea80","187","                제5관 화물자동차"
"70e0b725db15b106c2f5138cf3259f9a0065cc7e","f436fcd219320b9a2e2544d19baad382633bea80","191","                  제11절 컨베이어"
"d2e1a78a055341f806eae6daa37906104c3f8e89","f436fcd219320b9a2e2544d19baad382633bea80","196","                  제12절 건설기계 등"
"3672a247dfcb2f2ea7a838cf7739eb0c3d679891","f436fcd219320b9a2e2544d19baad382633bea80","207","                제2관 항타기 및 항발기"
"5e02d6b64678734c316c926322189749c0e86c99","f436fcd219320b9a2e2544d19baad382633bea80","221","                제3관 굴착기 <신설 2022.10.18>"
"533824fad014ae189c406d9900ab0446a7d64ed2","f436fcd219320b9a2e2544d19baad382633bea80","222","                  제13절 산업용 로봇"
"7345a10cf57fd5aceeba0429c6ad3747efaf0125","f436fcd219320b9a2e2544d19baad382633bea80","225","            제2장 폭발ㆍ화재 및 위험물누출에 의한 위험방지"
"90606df4cb2f0a9e1ec3951a7b55b43c9b6b2091","f436fcd219320b9a2e2544d19baad382633bea80","239","                제2절 화기 등의 관리"
"2ca8e99446105411defaa0076467ce3d113650b1","f436fcd219320b9a2e2544d19baad382633bea80","247","                  제3절 용융고열물 등에 의한 위험예방"
"9db37799554dfffa116f77d012751f35c048b549","f436fcd219320b9a2e2544d19baad382633bea80","255","                  제4절 화학설비ㆍ압력용기 등"
"73387e6a3f0939345e1c4d4ebbbf0b1bbd6a7dd8","f436fcd219320b9a2e2544d19baad382633bea80","280","                  제5절 건조설비"
"432b3e16fd01d793f8c93bfb31d88f70d97b62cf","f436fcd219320b9a2e2544d19baad382633bea80","285","            제6절 아세틸렌 용접장치 및 가스집합 용접장치"
"e378927455df54765f891489de91aa332b1636db","f436fcd219320b9a2e2544d19baad382633bea80","291","                제2관 가스집합 용접장치"
"a7b1277faafe8b4f10c33af84fb90d93ce36672f","f436fcd219320b9a2e2544d19baad382633bea80","296","                  제7절 폭발ㆍ화재 및 위험물 누출에 의한 위험방지"
"2c8ab80f97baceb956da8a1f4a5b554af3d9cf8a","f436fcd219320b9a2e2544d19baad382633bea80","301","            제3장 전기로 인한 위험 방지"
"abbdf8e975c7ba5f97a5942f64f46ce4c05015bc","f436fcd219320b9a2e2544d19baad382633bea80","313","                  제2절 배선 및 이동전선으로 인한 위험 방지"
"f68ef128e0ae1593763f496b12a9444ccb7843fe","f436fcd219320b9a2e2544d19baad382633bea80","318","                  제3절 전기작업에 대한 위험 방지"
"67e3ed6947d85a7b494f15e14d9407ee3ae2ecf5","f436fcd219320b9a2e2544d19baad382633bea80","325","                  제4절 정전기 및 전자파로 인한 재해 예방"
"723ea556f74d82916841698c88e0a4fa4f3ac686","f436fcd219320b9a2e2544d19baad382633bea80","328","            제4장 건설작업 등에 의한 위험 예방"
"0579fa999b85c9c823265564296f7884a700f82e","f436fcd219320b9a2e2544d19baad382633bea80","331","                제2관 조립 등"
"75b65ccb46a3ecc4ade93b6fd95d40311d371ccd","f436fcd219320b9a2e2544d19baad382633bea80","334","                제3관 콘크리트 타설 등 <신설 2023.11.14>"
"6ae4d5c70dbae1f668fbb8fa50d14371cf293263","f436fcd219320b9a2e2544d19baad382633bea80","338","              제2절 굴착작업 등의 위험 방지"
"0301cfef1a169a0849f4639ac12c6120594f69ba","f436fcd219320b9a2e2544d19baad382633bea80","345","                  제2속 흙막이 지보공"
"44f6706c60b7f5611f205d243617f8ee278b70f0","f436fcd219320b9a2e2544d19baad382633bea80","348","                제2관 발파작업의 위험방지"
"e638408e1388ab05c7c6affb7ec496707a152f2a","f436fcd219320b9a2e2544d19baad382633bea80","350","                제3관 터널작업"
"34a4a42fcc6ddde92ac274e3513e97cb60555b6a","f436fcd219320b9a2e2544d19baad382633bea80","351","                  제2속 낙반 등에 의한 위험의 방지"
"1079e02d53705c553e7932f792a6e2d26111a9da","f436fcd219320b9a2e2544d19baad382633bea80","361","                  제3속 터널 지보공"
"c556c745c921a254a01d00a23ef5b180afed3edb","f436fcd219320b9a2e2544d19baad382633bea80","367","                  제4속 터널 거푸집 및 동바리 <개정 2023.11.14>"
"73e8084d2d49816c9d7a7fa4c2c9193489839cd2","f436fcd219320b9a2e2544d19baad382633bea80","369","                제4관 교량작업"
"daaadff346909454699301e1328e946e7024fdb1","f436fcd219320b9a2e2544d19baad382633bea80","370","                제5관 채석작업"
"242132a44283a68ae64abb1ab122dd3334242341","f436fcd219320b9a2e2544d19baad382633bea80","376","                제6관 잠함 내 작업 등"
"13f7f2a4b2f3763eb919215e1bbb30f8e573084d","f436fcd219320b9a2e2544d19baad382633bea80","379","                제7관 가설도로"
"14e7548782525b8df4a70c656a667783d741a9bc","f436fcd219320b9a2e2544d19baad382633bea80","380","                  제3절 철골작업 시의 위험방지"
"ba1aee3da9744f6f0df9ae66538c46c854ad3d59","f436fcd219320b9a2e2544d19baad382633bea80","384","                  제4절 해체작업 시 위험방지 <개정 2023.11.14>"
"400e16bf53e190a38b16836f29950ba0241d7057","f436fcd219320b9a2e2544d19baad382633bea80","385","            제5장 중량물 취급 시의 위험방지"
"48c4a313aaf1a2c726ef50009155ca73a4643b6a","f436fcd219320b9a2e2544d19baad382633bea80","387","            제6장 하역작업 등에 의한 위험방지"
"b2b1575bb18986bde4a0f00fac6dc2d6e1b4fa1f","f436fcd219320b9a2e2544d19baad382633bea80","394","                  제2절 항만하역작업"
"bfeb7cbf824aeb0adb64344205f78a63062c0587","f436fcd219320b9a2e2544d19baad382633bea80","405","            제7장 벌목작업에 의한 위험 방지"
"68f4c0b339ef2725211656075f340db794dce15e","f436fcd219320b9a2e2544d19baad382633bea80","407","            제8장 궤도 관련 작업 등에 의한 위험 방지"
"6240a550224944e7740c7e4f696168a6bb36834c","f436fcd219320b9a2e2544d19baad382633bea80","410","                  제2절 궤도 보수ㆍ점검작업의 위험 방지"
"9528508c47ef61165672ac7ed0d44ed54466cdf1","f436fcd219320b9a2e2544d19baad382633bea80","414","                  제3절 입환작업 시의 위험방지"
"81ababdd8abf02ae68c20377ac3ed221903d3cf9","f436fcd219320b9a2e2544d19baad382633bea80","417","                  제4절 터널ㆍ지하구간 및 교량 작업 시의 위험방지"
"d941521825645d40f37987e71b94d95ffeede8b3","f436fcd219320b9a2e2544d19baad382633bea80","420","          제3편 보건기준"
"9b645adf4821782ed490227ccfb6f0b3c7e394c6","f436fcd219320b9a2e2544d19baad382633bea80","422","                  제2절 설비기준 등"
"24c6f08827a92dce062079f8073a5c540e2f36a8","f436fcd219320b9a2e2544d19baad382633bea80","429","            제3절 국소배기장치의 성능 등"
"1f5305d0ee83760aa0600f0af426c8ecb149e95d","f436fcd219320b9a2e2544d19baad382633bea80","436","                  제4절 작업방법 등"
"aaf9601837f10adb7a7e090901d45f0c12e61a01","f436fcd219320b9a2e2544d19baad382633bea80","441","                제5절 관리 등"
"f24f8c19aeb6e66c0efadf846eb86ffbd6e63022","f436fcd219320b9a2e2544d19baad382633bea80","450","                  제6절 보호구 등"
"8e2e892678070780b363ef2913a195ad8f772a67","f436fcd219320b9a2e2544d19baad382633bea80","452","            제2장 허가대상 유해물질 및 석면에 의한 건강장해의 예방"
"dd90920f956b9770e884c0bdafa67266ec906cb1","f436fcd219320b9a2e2544d19baad382633bea80","453","                  제2절 설비기준 및 성능 등"
"4d069a4c660c547eb85b2a112a67e30370b66873","f436fcd219320b9a2e2544d19baad382633bea80","456","                제3절 작업관리 기준 등"
"10380202a5357440c08ae91b3118b17e51ca0386","f436fcd219320b9a2e2544d19baad382633bea80","469","                  제4절 방독마스크 등"
"3a63ebfdb3f28166bea0d68fb012e1a3d40942df","f436fcd219320b9a2e2544d19baad382633bea80","471","                  제5절 베릴륨 제조ㆍ사용 작업의 특별 조치"
"83f71ba7723778a760523a7eb7dc610e4beef799","f436fcd219320b9a2e2544d19baad382633bea80","477","                제6절 석면의 해체ㆍ제거 작업 및 유지ㆍ관리 등의 조치기준 <개정 2024.6.28>"
"855853a11a6042eeab67043ca12602d3faa108d3","f436fcd219320b9a2e2544d19baad382633bea80","498","            제3장 금지유해물질에 의한 건강장해의 예방"
"5ec5e3d4c72e7e4f957a47d15921c48c95afc0b2","f436fcd219320b9a2e2544d19baad382633bea80","499","                  제2절 시설ㆍ설비기준 및 성능 등"
"60495a86f108ec2fbadb418caeb4a9e4f47118d9","f436fcd219320b9a2e2544d19baad382633bea80","502","                제3절 관리 등"
"4f590623bff7ecc75b1048f680a77fc0bc642988","f436fcd219320b9a2e2544d19baad382633bea80","510","                  제4절 보호구 등"
"3c98e2a57c2495b234a322d961da1b92310708b0","f436fcd219320b9a2e2544d19baad382633bea80","512","            제4장 소음 및 진동에 의한 건강장해의 예방"
"e5c5f9e4b8f9cad44ca6eead48f677dc861fab1d","f436fcd219320b9a2e2544d19baad382633bea80","513","                제2절 강렬한 소음작업 등의 관리기준"
"61197937e60f114ce23325095b11a465a8a15e3d","f436fcd219320b9a2e2544d19baad382633bea80","516","                  제3절 보호구 등"
"eaf27877ee2990845fa9b6491dddcc9182b697d9","f436fcd219320b9a2e2544d19baad382633bea80","518","                제4절 진동작업 관리"
"8e1d79b4af34d10ead3476f7ac8c163ef6c20781","f436fcd219320b9a2e2544d19baad382633bea80","522","            제5장 이상기압에 의한 건강장해의 예방"
"9843a22eaa9f2f064ed9b2abd6c74f03d24d9add","f436fcd219320b9a2e2544d19baad382633bea80","523","                  제2절 설비 등"
"14242823a92143ff2feb142d8443fad09ce0858d","f436fcd219320b9a2e2544d19baad382633bea80","532","                  제3절 작업방법 등"
"bb57827fa1660d6607320d51b54a81557300050c","f436fcd219320b9a2e2544d19baad382633bea80","549","                제4절 관리 등"
"d77f9998df92dce5d45a1e49b0c1c7a340cb5617","f436fcd219320b9a2e2544d19baad382633bea80","558","            제6장 온도ㆍ습도에 의한 건강장해의 예방"
"4c78c478ec3007ad47dda3c0f08ab26617a37849","f436fcd219320b9a2e2544d19baad382633bea80","560","                  제2절 설비 기준 등 <개정 2025.7.17>"
"58b414ba512df2367aa2035c9d3efc8cfd74b5b7","f436fcd219320b9a2e2544d19baad382633bea80","562","                제3절 작업관리 등"
"0bf475332a03270c034e3842e2fff2d94814f2cf","f436fcd219320b9a2e2544d19baad382633bea80","572","                  제4절 보호구 등"
"dddfabb956b3f63aa6a82378857a7524eec9fd3a","f436fcd219320b9a2e2544d19baad382633bea80","573","            제7장 방사선에 의한 건강장해의 예방"
"ddc4917cee53d6823906c67a9a62b7847c82d32a","f436fcd219320b9a2e2544d19baad382633bea80","574","                제2절 방사성물질 관리시설 등"
"ea82fb7ddc2937e7158d3c10bbfa0e798f3bd402","f436fcd219320b9a2e2544d19baad382633bea80","579","                제3절 시설 및 작업관리"
"2e0a6baa5634421b24c3704a9e9a7a43ae0c8ff0","f436fcd219320b9a2e2544d19baad382633bea80","587","                  제4절 보호구 등"
"f7b8eb529c9d6ceda3a295064e5af24812ba1d21","f436fcd219320b9a2e2544d19baad382633bea80","592","            제8장 병원체에 의한 건강장해의 예방"
"5297fd7eb97b6a8526a807f09706fd52df779a56","f436fcd219320b9a2e2544d19baad382633bea80","594","                제2절 일반적 관리기준"
"f2e8eb0dbce1679f13d12839e2ed6781bde574cd","f436fcd219320b9a2e2544d19baad382633bea80","597","                  제3절 혈액매개 감염 노출 위험작업 시 조치기준"
"095130d88840d16db74f3588489af22471fb0f33","f436fcd219320b9a2e2544d19baad382633bea80","601","                  제4절 공기매개 감염 노출 위험작업 시 조치기준"
"04c5ddb3a218ae32f385bfcdefc22204044b5577","f436fcd219320b9a2e2544d19baad382633bea80","603","                  제5절 곤충 및 동물매개 감염 노출 위험작업 시 조치기준"
"ffab10711193de5b1e96020008e500ddc9d5d95e","f436fcd219320b9a2e2544d19baad382633bea80","605","            제9장 분진에 의한 건강장해의 예방"
"1e65f4a146ac53c92c7aa77805d265a28e65547f","f436fcd219320b9a2e2544d19baad382633bea80","607","                  제2절 설비 등의 기준"
"1fe4d2fe54178155a63f35b70ce15f7327b9a2f8","f436fcd219320b9a2e2544d19baad382633bea80","612","                제3절 관리 등"
"d108b3b2497085f74ad5ba2386f7a45c1bf25852","f436fcd219320b9a2e2544d19baad382633bea80","617","                  제4절 보호구"
"4194b586f9db60502a89151e4840c099d23d5ba6","f436fcd219320b9a2e2544d19baad382633bea80","618","            제10장 밀폐공간 작업으로 인한 건강장해의 예방"
"1301389dde73d04bcae26d8ccca6446a87623dc4","f436fcd219320b9a2e2544d19baad382633bea80","619","                  제2절 밀폐공간 내 작업 시의 조치 등"
"ec15f18507402ef4a3a50d3fb56d13a6f4643c73","f436fcd219320b9a2e2544d19baad382633bea80","627","            제3절 유해가스 발생장소 등에 대한 조치기준"
"c0c9e77bbc24ee0825dcc2e33305592efd5109df","f436fcd219320b9a2e2544d19baad382633bea80","638","                제4절 관리 및 사고 시의 조치 등 <개정 2017.3.3>"
"7344df9f011ff8a9603a143a5d4b45b3d4aa85d1","f436fcd219320b9a2e2544d19baad382633bea80","646","            제11장 사무실에서의 건강장해 예방"
"9356e1e90fa508ff33ef6437fe150da9138e34d0","f436fcd219320b9a2e2544d19baad382633bea80","647","                  제2절 설비의 성능 등"
"890d3d1bd3307ae5bb6ce98861a0e5437409e5ce","f436fcd219320b9a2e2544d19baad382633bea80","649","                제3절 사무실공기 관리와 작업기준 등"
"e070418ed02a8665a967f3692fa3f331e964d952","f436fcd219320b9a2e2544d19baad382633bea80","654","                  제4절 공기정화설비등의 개ㆍ보수 시 조치"
"8376e3a13d8bc83e2c84a5a0341f4acd49b1da8f","f436fcd219320b9a2e2544d19baad382633bea80","656","            제12장 근골격계부담작업으로 인한 건강장해의 예방"
"3eb9e7aab2995671e4f35e3657073f39d154ab6a","f436fcd219320b9a2e2544d19baad382633bea80","657","                  제2절 유해요인 조사 및 개선 등"
"73e75eb5637d4235c495afc4271565fc77c129cc","f436fcd219320b9a2e2544d19baad382633bea80","663","                제3절 중량물을 인력(人力)으로 들어올리는 작업에 관한 특별 조치 <개정 2024.6.28>"
"7a16d33bb4bca184dfede49949e87b255761db1c","f436fcd219320b9a2e2544d19baad382633bea80","667","            제13장 그 밖의 유해인자에 의한 건강장해의 예방"
"808c4f690267dc70c9c045348b59a834530da40d","f436fcd219320b9a2e2544d19baad382633bea80","672","          제4편 특수형태근로종사자 등에 대한 안전조치 및 보건조치 <신설 2019.12.26>"
