addendum_id,law_version_id,promulgation_date,promulgation_no,text
"41ef6d90cee4c454c1066da6e8019b496229984e","104b2fb72ae4df8c22895fe3d3d4ba63abdcf2cd","20210126","17907","부칙 <제17907호,2021.1.26>
제1조(시행일) ① 이 법은 공포 후 1년이 경과한 날부터 시행한다. 다만, 이 법 시행 당시 개인사업자 또는 상시 근로자가 50명 미만인 사업 또는 사업장(건설업의 경우에는 공사금액 50억원 미만의 공사)에 대해서는 공포 후 3년이 경과한 날부터 시행한다. 
  ② 제1항에도 불구하고 제16조는 공포한 날부터 시행한다.
제2조(다른 법률의 개정) 법원조직법 중 일부를 다음과 같이 개정한다.
  제32조제1항제3호에 아목을 다음과 같이 신설한다.
      아. 「중대재해 처벌 등에 관한 법률」 제6조제1항ㆍ제3항 및 제10조제1항에 해당하는 사건"
"a1b69d10a8260e125a8b3fec2b6aadbd5b43b0b4","b6fa09bb4f2e711645b25f12207959d1ec27622c","20191226","00272","부칙 <제272호,2019.12.26>
제1조(시행일) 이 규칙은 2020년 1월 16일부터 시행한다. 다만, 제156조부터 제171조까지의 개정규정은 2021년 1월 16일부터 시행한다.
제2조(특수건강진단 주기에 관한 적용례 등) ① 제202조제2항제2호 단서의 개정규정은 2021년 1월 16일 이후 실시하는 특수건강진단부터 적용한다.
  ② 제202조제1항의 개정규정에도 불구하고 2021년 1월 1일 당시 별표 22 제1호가목22) 및 같은 호 나목14)의 개정규정에 따른 유해인자에 노출되는 업무에 종사하고 있는 근로자에 대해서는 2021년 3월 31일 전에 배치 후 첫 번째 특수건강진단을 실시해야 한다.
제3조(건강진단 결과의 보고에 관한 적용례) 제209조제5항의 개정규정은 2021년 1월 16일 이후에 하는 건강진단부터 적용한다.
제4조(건강진단에 따른 사후관리 조치결과 보고서 제출에 관한 특례) 제210조제4항의 개정규정에도 불구하고 2020년 6월 30일까지 실시되는 건강진단의 경우에는 제210조제4항 중 ""30일 이내""를 ""60일 이내""로 본다.
제5조(자체심사 및 확인업체 선정기준에 관한 적용례) 별표 11의 개정규정은 이 규칙 시행 이후 자체심사 및 확인업체를 선정하는 경우부터 적용한다. 다만, 별표 11제1호의 직전 3년간의 평균산업재해발생률은 다음 각 호에 따라 적용한다. 
  1. 2020년도: 직전 1년간의 사고사망만인율
  2. 2021년도: 직전 2년간의 사고사망만인율의 평균값. 단, 직전 2년도의 사고사망만인율을 산정하지 않은 경우에는 직전 1년도의 사고사망만인율로 한다.
제6조(작업환경측정 및 특수건강진단 대상 유해인자에 관한 적용례) 별표 21 제1호가목24), 같은 호 나목16), 별표 22 제1호가목22) 및 같은 호 나목14)의 개정규정은 2021년 1월 1일부터 적용한다.
제7조(특수건강진단 등의 검사항목에 관한 적용례) 별표 24 제1호가목1)의 91의 개정규정은 2020년 7월 1일부터 적용한다.
제8조(유해성ㆍ위험성 조사보고서 제출에 관한 특례) 제147조제1항 단서의 개정규정에도 불구하고 100킬로그램 이상 1톤 미만의 신규화학물질을 제조하거나 수입하려는 신규화학물질제조자등은 「화학물질의 등록 및 평가 등에 관한 법률 시행령」 별표 3에 따른 기간까지는 고용노동부장관에게 유해성ㆍ위험성 조사보고서를 제출해야 한다.
제9조(물질안전보건자료의 작성ㆍ제출에 관한 특례) 법률 제16272호 산업안전보건법 전부개정법률 부칙 제7조에서 ""고용노동부령으로 정하는 날""이란 다음 각 호의 구분에 따른 날을 말한다.
  1. 종전의 법(법률 제16272호로 개정되기 전의 것을 말한다. 이하 제2호에서 같다) 제41조제1항 또는 제6항에 따라 물질안전보건자료를 작성 또는 변경한 자가 물질안전보건자료대상물질을 최초로 제조하거나 수입한 자인 경우
    가. 제조ㆍ수입한 물질안전보건자료대상물질의 연간 제조ㆍ수입량이 1,000톤 이상: 2022년 1월 16일
    나. 제조ㆍ수입한 물질안전보건자료대상물질의 연간 제조ㆍ수입량이 100톤 이상 1,000톤 미만: 2023년 1월 16일
    다. 제조ㆍ수입한 물질안전보건자료대상물질의 연간 제조ㆍ수입량이 10톤 이상 100톤 미만: 2024년 1월 16일
    라. 제조ㆍ수입한 물질안전보건자료대상물질의 연간 제조ㆍ수입량이 1톤 이상 10톤 미만: 2025년 1월 16일
    마. 제조ㆍ수입한 물질안전보건자료대상물질의 연간 제조ㆍ수입량이 1톤 미만: 2026년 1월 16일
  2. 종전의 법 제41조제1항 또는 제6항에 따라 물질안전보건자료를 작성 또는 변경한 자가 그 대상화학물질을 제조하거나 수입한 자로부터 해당 대상화학물질을 양도받거나 제공받아 이를 혼합하는 방법으로 물질안전보건자료대상물질을 제조한 자인 경우: 2026년 1월 16일. 다만, 종전의 법 제41조제1항 또는 제6항에 따라 물질안전보건자료를 작성 또는 변경한 자가 2021년 1월 16일 이후에 그 대상화학물질을 제조하거나 수입한 자로부터 해당 대상화학물질에 대한 물질안전보건자료를 제공받은 경우(제160조제1항에서 정하는 방법으로 제공받은 경우로 한정한다)에는 그 물질안전보건자료를 제공받은 날부터 2개월이 되는 날을 말한다.
[전문개정 2021.11.19]
제10조(물질안전보건자료 제공에 관한 특례) 법률 제16272호 산업안전보건법 전부개정법률 부칙 제8조에서 ""고용노동부령으로 정하는 날""이란 부칙 제9조 각 호의 구분에 따른 날을 말한다.
제11조(물질안전보건자료의 일부 비공개 승인에 관한 특례) 법률 제16272호 산업안전보건법 전부개정법률 부칙 제9조에서 ""고용노동부령으로 정하는 날""이란 부칙 제9조 각 호의 구분에 따른 날을 말한다.
제12조(안전검사기관 종사자 등 직무교육에 관한 경과조치) 이 규칙 시행 당시 안전검사기관 및 자율안전검사기관에서 검사업무에 2년 이상 종사하고 있는 사람의 경우에는 제29조의 개정규정에도 불구하고 신규교육을 면제하되, 2020년 10월 31일까지 보수교육을 이수해야 하며, 그 보수교육을 이수한 날부터 매 2년이 되는 날을 기준으로 전후 3개월 사이에 보수교육을 받아야 한다.
제13조(건설업체 산업재해발생률 산정 기준에 관한 경과조치) 2018년 1월 1일부터 2018년 12월 31일까지 기간 동안의 건설업체 산업재해발생률의 산정 기준에 대해서는 별표 1의 개정규정에도 불구하고 종전의 「산업안전보건법 시행규칙」(고용노동부령 제239호로 개정되기 전의 것을 말한다)에 따른다.
제14조(타워크레인 신호업무 종사 근로자 교육에 관한 경과조치) 고용노동부령 제214호 산업안전보건법 시행규칙 일부개정령 시행 당시 종전의 「산업안전보건법 시행규칙」(고용노동부령 제214호로 개정되기 전의 것을 말한다)에 따라 크레인으로 하는 작업에 관한 특별교육을 받고 타워크레인 신호업무에 종사 중인 근로자를 계속하여 타워크레인 신호작업에 사용하려는 사업주가 고용노동부령 제214호 산업안전보건법 시행규칙 일부개정령 부칙 제1조 단서에 따른 같은 규칙 별표 8 및 별표 8의2의 개정규정의 시행일 이후 1개월 이내에 해당 근로자에게 같은 규칙 별표 8 및 별표 8의2의 개정규정에 따른 특별교육을 한 경우에는 별표 4 및 별표 5의 개정규정에 따른 특별교육을 한 것으로 본다.
제15조(재해예방 전문지도기관의 종사자에 대한 신규교육 면제에 관한 경과조치) 고용노동부령 제169호 산업안전보건법 시행규칙 일부개정령 시행 전에 채용된 재해예방 전문지도기관의 종사자에 대한 신규교육 면제는 종전의 「산업안전보건법 시행규칙」(고용노동부령 제169호로 개정되기 전의 것을 말한다)에 따른다.
제16조(안전관리전문기관ㆍ보건관리전문기관 및 석면조사기관의 종사자의 직무교육에 관한 경과조치) 고용노동부령 제169호 산업안전보건법 시행규칙 일부개정령 시행 당시 안전관리전문기관ㆍ보건관리전문기관 및 석면조사기관에 재직하고 있는 종사자로서 2017년 10월 27일까지 보수교육을 이수한 사람은 최초 보수교육을 이수한 날부터 매 2년이 되는 날을 기준으로 전후 3개월 사이에 보수교육을 받아야 한다.
제17조(유해ㆍ위험방지계획서 확인에 관한 경과조치) 고용노동부령 제18호 산업안전보건법 시행규칙 일부개정령 시행 전에 유해ㆍ위험방지계획서를 제출한 공사의 확인은 「산업안전보건법 시행규칙」(고용노동부령 제18호로 개정되기 전의 것을 말한다) 제124조제1항을 따른다.
제18조(종전 부칙의 적용범위에 관한 경과조치) 종전의 「산업안전보건법 시행규칙」의 개정에 따라 규정했던 종전의 부칙은 이 규칙 시행 전에 그 효력이 이미 상실된 경우를 제외하고는 이 규칙의 규정에 위배되지 않는 범위에서 이 규칙 시행 이후에도 계속하여 적용한다.
제19조(다른 법령의 개정) ① 고용보험 및 산업재해보상보험의 보험료징수 등에 관한 법률 시행규칙 일부를 다음과 같이 개정한다.
  제43조제2항 중 ""「산업안전보건법 시행규칙」 제98조의3""을 ""「산업안전보건법」 제135조제1항""으로 하고, ""「산업안전보건법」 제43조제5항""을 ""「산업안전보건법」 제132조제4항""으로 한다.
  ② 고용보험법 시행규칙 일부를 다음과 같이 개정한다.
  별표 2 제8호 중 ""「산업안전보건법」 제2조제7호""를 ""「산업안전보건법」 제2조제2호""로 한다.
  ③ 진폐의 예방과 진폐근로자의 보호 등에 관한 법률 시행규칙 일부를 다음과 같이 개정한다.
  제9조제1호 중 ""「산업안전보건법」 제34조""를 ""「산업안전보건법」 제84조""로 한다.
  ④ 파견근로자보호 등에 관한 법률 시행규칙 일부를 다음과 같이 개정한다.
  제18조 중 ""「산업안전보건법 시행규칙」 제98조제1호""를 ""「산업안전보건법」 제129조제1항""으로 한다.
제20조(다른 법령과의 관계) 이 규칙 시행 당시 다른 법령에서 종전의 「산업안전보건법 시행규칙」의 규정을 인용하고 있는 경우 이 규칙 중 그에 해당하는 규정이 있을 때에는 종전의 규정을 갈음하여 이 규칙의 해당 규정을 인용한 것으로 본다."
"61a4c52b466dc265e204aa6c5f9925cc6895e4c9","b6fa09bb4f2e711645b25f12207959d1ec27622c","20210119","00308","부칙 <제308호,2021.1.19>
이 규칙은 공포한 날부터 시행한다."
"f094b040c07be39e58509f119999a9ad07fbb5e4","b6fa09bb4f2e711645b25f12207959d1ec27622c","20210713","00268","부칙(어려운 법령용어 정비를 위한 3개 법령의 일부개정에 관한 고용노동부령) <제268호,2021.7.13>
이 규칙은 공포한 날부터 시행한다."
"af0594e3bad58e8fb52b212276872faf57198d06","b6fa09bb4f2e711645b25f12207959d1ec27622c","20210713","00328","부칙(어려운 법령용어 정비를 위한 3개 법령의 일부개정에 관한 고용노동부령) <제328호,2021.7.13>
이 규칙은 공포한 날부터 시행한다."
"70939bb9f2c5ff9bf648b0d1cc8bd566d277cbe5","b6fa09bb4f2e711645b25f12207959d1ec27622c","20211119","00336","부칙 <제336호,2021.11.19>
제1조(시행일) 이 규칙은 2021년 11월 19일부터 시행한다.
제2조(보조ㆍ지원의 제한에 관한 적용례) 제237조제2항의 개정규정은 이 규칙 시행 이후 보조ㆍ지원을 받는 경우부터 적용한다."
"ed7e3aa316d5d7f1f05942789d2598622d3ad289","b6fa09bb4f2e711645b25f12207959d1ec27622c","20220818","00363","부칙 <제363호,2022.8.18>
제1조(시행일) 이 규칙은 공포한 날부터 시행한다. 다만, 별표 5 제2호의 개정규정은 2023년 1월 1일부터 시행한다.
제2조(물질안전보건자료 비공개 승인 시 제출 서류에 관한 적용례) 제161조제1항제5호 단서의 개정규정은 이 규칙 시행 전에 법 제112조제1항 본문에 따라 물질안전보건자료 비공개 승인 신청을 하여 승인 심사 중인 자에 대해서도 적용한다.
제3조(자체심사 및 확인업체 즉시 제외에 관한 적용례) 별표 11 제1호 각 목 외의 부분 단서의 개정규정은 이 규칙 시행 이후 동시에 2명 이상의 근로자가 사망한 재해가 발생한 경우부터 적용한다.
제4조(건설업 기초안전보건교육 이수에 관한 경과조치) 이 규칙 시행 당시 종전의 별표 5 제2호에 따른 건설업 기초안전보건교육을 이수한 사람은 별표 5 제2호의 개정규정에 따른 건설업 기초안전보건교육을 이수한 사람으로 본다."
"0849ff95d2021ed351feb2f7a994ca1ec4adcaf6","b6fa09bb4f2e711645b25f12207959d1ec27622c","20230927","00393","부칙 <제393호,2023.9.27>
제1조(시행일) 이 규칙은 공포한 날부터 시행한다. 다만, 제228조의2의 개정규정, 별지 제90호의2서식 및 제90호의3서식의 개정 서식은 2023년 9월 28일부터 시행한다.
제2조(근로자 정기교육 시간 면제에 관한 적용례) 제27조제2항 전단의 개정규정은 이 규칙 시행 당시 종전의 규정에 따라 근로자 정기교육 시간을 면제받은 해당 분기가 종료되지 않은 근로자부터 적용한다.
제3조(안전보건관리책임자 등에 대한 보수교육에 관한 적용례) 제29조제1항의 개정규정은 이 규칙 시행 6개월 이전에 보수교육 주기가 도래한 경우부터 적용한다.
제4조(석면조사의 생략 등 확인 절차 특례의 적용례) 제175조제1항의 개정규정은 이 규칙 시행 이후 석면조사의 생략 등 확인신청서를 제출하는 경우부터 적용한다.
제5조(교육 시간 및 내용에 관한 적용례) 별표 4 및 별표 5의 개정규정은 이 규칙 시행 이후 실시하는 교육부터 적용한다."
"b49d8d9242bc73747c4f880cddadb2ca7b4c6ea0","b6fa09bb4f2e711645b25f12207959d1ec27622c","20240628","00419","부칙 <제419호,2024.6.28>
제1조(시행일) 이 규칙은 2024년 7월 1일부터 시행한다. 다만, 제203조제1호 및 제2호의 개정규정은 공포 후 6개월이 경과한 날부터 시행하고, 제209조제4항 및 제211조제5항의 개정규정은 2025년 1월 1일부터 시행하며, 제126조제1항제3호, 별표 5 제5호 및 별표 16의 개정규정은 2026년 6월 26일부터 시행한다.
제2조(기본안전보건대장 등의 작성 등에 관한 적용례) 제86조제1항부터 제3항까지의 개정규정은 이 규칙 시행 이후 건설공사발주자가 건설공사의 설계에 관한 계약을 체결하는 경우부터 적용한다.
제3조(건강진단 결과의 보고 등에 관한 적용례) 제209조제4항의 개정규정은 2025년 1월 1일 이후 실시하는 건강진단부터 적용한다.
제4조(안전검사의 주기에 관한 특례) 2026년 6월 26일 당시 사업장에 설치가 끝난 혼합기, 파쇄기 또는 분쇄기에 대해서는 제126조제1항제3호의 개정규정에도 불구하고 다음 각 호의 구분에 따라 최초 안전검사를 실시하되, 그 이후부터는 최초 안전검사를 받은 날부터 2년마다 안전검사를 받아야 한다.
  1. 2013년 3월 1일 전에 사업장에 설치가 끝난 혼합기, 파쇄기 또는 분쇄기: 2026년 6월 26일부터 2026년 12월 25일까지
  2. 2013년 3월 1일부터 2023년 6월 26일까지 사업장에 설치가 끝난 혼합기, 파쇄기 또는 분쇄기: 2026년 6월 26일부터 2027년 6월 25일까지
  3. 2023년 6월 27일부터 2026년 6월 25일까지 설치가 끝난 혼합기, 파쇄기 또는 분쇄기: 사업장에 설치가 끝난 날부터 3년이 되는 날을 기준으로 6개월 이내"
"ac7894a8b930ffc979fb713b906b44b7da743487","b6fa09bb4f2e711645b25f12207959d1ec27622c","20240926","00426","부칙 <제426호,2024.9.26>
이 규칙은 공포한 날부터 시행한다."
"21b756989f39f2624720d58e662760021414dcd7","b6fa09bb4f2e711645b25f12207959d1ec27622c","20250429","00440","부칙 <제440호,2025.4.29>
이 규칙은 공포한 날부터 시행한다."
"539e42e674ae5bd6f6cc15fd80398cd9f255e93c","b6fa09bb4f2e711645b25f12207959d1ec27622c","20250530","00443","부칙 <제443호,2025.5.30>
이 규칙은 2025년 6월 1일부터 시행한다. 다만, 별표 25의 개정규정은 2026년 1월 1일부터 시행한다."
"eba11139ee545de5eca490a099c89ed520b749d6","843d76b6b9c38936d2ce1a1ce08009ee49a7ab86","20190115","16272","부칙 <제16272호,2019.1.15>
제1조(시행일) 이 법은 공포 후 1년이 경과한 날부터 시행한다. 다만, 제14조 및 제175조제4항제2호의 개정규정은 공포 후 1년이 경과한 날이 속한 해의 다음 해 1월 1일부터 시행하고, 제35조제5호, 제110조부터 제116조까지, 제162조제9호 및 제10호, 제163조제1항제3호 및 제2항(제112조제8항에 관한 부분에 한정한다), 제165조제2항제25호부터 제27호까지, 제166조제1항제9호, 제175조제5항제3호(제114조제1항에 관한 부분에 한정한다) 및 제5호부터 제12호까지, 같은 조 제6항제2호(제35조제5호에 관한 부분에 한정한다) 및 제9호부터 제11호까지의 개정규정은 공포 후 2년이 경과한 날부터 시행한다.
제2조(산업재해 발생건수 등의 공표에 관한 적용례) 제10조제2항 및 제3항의 개정규정은 이 법 시행일이 속한 해의 다음해 1월 1일 이후 발생한 산업재해부터 적용한다.
제3조(건설공사발주자의 산업재해 예방 조치에 관한 적용례) 제67조의 개정규정은 이 법 시행 이후 건설공사발주자가 건설공사의 설계에 관한 계약을 체결하는 경우부터 적용한다.
제4조(타워크레인 설치ㆍ해체 작업에 관한 적용례) 제82조제2항의 개정규정은 이 법 시행 이후 사업주가 타워크레인 설치ㆍ해체 작업에 관한 계약을 체결하는 경우부터 적용한다.
제5조(건강진단에 따른 조치결과 제출에 관한 적용례) 제132조제5항의 개정규정은 이 법 시행 이후 실시하는 건강진단부터 적용한다.
제6조(역학조사 참석 등에 관한 적용례) 제141조제1항 후단, 같은 조 제3항 및 제4항의 개정규정은 이 법 시행 이후 실시하는 역학조사부터 적용한다.
제7조(물질안전보건자료의 작성ㆍ제출에 관한 특례) 부칙 제1조 단서에 따른 시행일 당시 종전의 제41조제1항 또는 제6항에 따라 물질안전보건자료를 작성 또는 변경한 자(대상화학물질을 양도하거나 제공한 자 중 그 대상화학물질을 제조하거나 수입한 자로 한정한다)는 제110조제1항 또는 제2항의 개정규정에도 불구하고 부칙 제1조 단서에 따른 시행일 이후 5년을 넘지 아니하는 범위 내에서 고용노동부령으로 정하는 날까지 물질안전보건자료 및 제110조제2항 본문에 따른 화학물질의 명칭 및 함유량에 관한 자료(같은 항 제2호에 따라 물질안전보건자료에 적힌 화학물질 외에는 제104조에 따른 분류기준에 해당하는 화학물질이 없음을 확인하는 경우에는 그 확인에 관한 서류를 말한다)를 고용노동부장관에게 제출하여야 한다.
제8조(물질안전보건자료의 제공에 관한 특례) 제111조제1항의 개정규정에도 불구하고 부칙 제7조에 따라 고용노동부장관에게 물질안전보건자료를 제출한 자는 부칙 제1조 단서에 따른 시행일 이후 5년을 넘지 아니하는 기간 내에서 고용노동부령으로 정하는 날까지 물질안전보건자료대상물질을 양도받거나 제공받은 자에게 물질안전보건자료를 제공(종전의 제41조제1항 또는 제6항에 따라 제공된 물질안전보건자료의 기재사항에서 변경된 사항이 없는 경우는 제외한다)하여야 한다.
제9조(물질안전보건자료의 일부 비공개 승인에 관한 특례) 부칙 제1조 단서에 따른 시행일 당시 종전의 제41조제2항에 따라 물질안전보건자료에 영업비밀로서 보호할 가치가 있다고 인정되는 화학물질 및 이를 함유한 제제의 사항을 적지 아니하고 같은 조 제1항에 따라 제공한 자(대상화학물질을 양도하거나 제공한 자 중 그 대상화학물질을 제조하거나 수입한 자로 한정한다)는 제112조의 개정규정에도 불구하고 부칙 제1조 단서에 따른 시행일 이후 5년을 넘지 아니하는 범위 내에서 고용노동부령으로 정하는 날까지 대체자료 기재에 관하여 고용노동부장관의 승인을 받아야 한다.
제10조(유해한 작업의 도급금지에 관한 경과조치) 이 법 시행 당시 종전의 규정에 따라 도급인가를 받은 사업주는 그 인가의 남은 기간이 3년을 넘지 아니하는 경우에는 그 남은 기간 동안, 3년을 초과하거나 그 인가기간이 정해지지 아니한 경우에는 이 법 시행 이후 3년까지 제58조제1항의 개정규정에도 불구하고 종전의 규정에 따른다.
제11조(안전보건조정자의 선임에 관한 경과조치) 이 법 시행 전에 건설공사에 관한 도급계약을 체결하여 건설공사가 행해지는 현장의 경우에는 제68조제1항의 개정규정에도 불구하고 종전의 규정에 따른다.
제12조(타워크레인 설치ㆍ해체업의 등록 등에 관한 경과조치) ① 이 법 시행 당시 타워크레인 설치ㆍ해체업을 영위하고 있는 자는 이 법 시행일부터 3개월까지는 등록을 하지 아니하고 타워크레인 설치ㆍ해체업을 영위할 수 있다. 
  ② 제82조제2항의 개정규정에도 불구하고 사업주는 이 법 시행일부터 3개월까지는 타워크레인 설치ㆍ해체업을 등록하지 아니한 자로 하여금 타워크레인을 설치하거나 해체하는 작업을 하도록 할 수 있다.
제13조(안전인증 신청에 관한 경과조치) 이 법 시행 전에 종전의 제34조의3에 따라 안전인증이 취소된 자는 제86조제3항의 개정규정에도 불구하고 종전의 규정에 따른다.
제14조(물질안전보건자료의 작성ㆍ비치 등에 관한 경과조치) 이 법 시행 후 물질안전보건자료의 작성ㆍ비치 등에 관하여는 제110조부터 제116조까지의 개정규정 시행일 전까지 종전의 제11조제2항제4호, 제41조, 제63조(제41조에 관한 부분에 한정한다), 제65조제2항제12호, 제72조제4항제3호(제41조에 관한 부분에 한정한다), 같은 조 제5항제1호(제41조에 관한 부분에 한정한다) 및 제2호, 같은 조 제6항제1호(제11조제2항제4호에 관한 부분에 한정한다) 및 제8호에 따른다.
제15조(과징금에 관한 경과조치) 이 법 시행 전에 종전의 제15조의3(종전의 제16조제3항, 제30조의2제3항, 제34조의5제4항, 제36조제10항, 제42조제10항 및 제43조제11항에 따라 준용되는 경우를 포함한다)을 위반한 행위에 대하여 과징금에 관한 규정을 적용할 때에는 종전의 규정에 따른다.
제16조(안전관리대행기관 등에 관한 경과조치) ① 법률 제4220호 산업안전보건법 시행일인 1990년 7월 14일 당시 노동부장관의 지정을 받은 안전관리대행기관 및 보건관리대행기관은 제21조의 개정규정에 따라 고용노동부장관의 지정을 받은 것으로 본다.
  ② 공단은 법률 제4220호 산업안전보건법에 따라 노동부장관이 지정하도록 되어 있는 지정교육ㆍ검사ㆍ측정 또는 진단기관으로 지정받은 것으로 본다.
제17조(산업위생지도사에 관한 경과조치) 법률 제11882호 산업안전보건법 일부개정법률 시행일인 2014년 3월 13일 당시 종전의 규정에 따른 산업위생지도사는 이 법에 따른 산업보건지도사로 본다.
제18조(지도사 연수교육에 관한 경과조치) 법률 제11882호 산업안전보건법 일부개정법률 시행일인 2014년 3월 13일 전에 등록한 지도사는 제146조의 개정규정에 따른 연수교육을 받은 것으로 본다.
제19조(벌칙과 과태료에 관한 경과조치) 이 법 시행 전의 행위에 대하여 벌칙이나 과태료에 관한 규정을 적용할 때에는 종전의 규정에 따른다. 다만, 제110조부터 제116조까지의 개정규정 시행 전의 행위에 대하여 제175조제5항제3호(제114조제1항에 관한 부분에 한정한다) 및 제5호부터 제12호까지, 같은 조 제6항제2호(제35조제5호에 관한 부분에 한정한다) 및 제9호부터 제11호까지에 관한 규정을 적용할 때에는 종전의 규정에 따른다.
제20조(다른 법률의 개정) ① 건설기술 진흥법 일부를 다음과 같이 개정한다.
  제31조제1항제8호 중 ""「산업안전보건법」 제2조제7호""를 ""「산업안전보건법」 제2조제2호""로 한다.
  ② 고용보험 및 산업재해보상보험의 보험료징수 등에 관한 법률 일부를 다음과 같이 개정한다.
  제15조제6항제2호 본문 중 ""「산업안전보건법」 제2조제7호""를 ""「산업안전보건법」 제2조제2호""로 한다.
  ③ 근로기준법 일부를 다음과 같이 개정한다.
  제2조제1항제8호 중 ""「산업안전보건법」 제46조""를 ""「산업안전보건법」 제139조제1항""으로 한다.
  ④ 기업활동 규제완화에 관한 특별조치법 일부를 다음과 같이 개정한다.
  제28조제1항제1호 중 ""「산업안전보건법」 제17조제1항""을 ""「산업안전보건법」 제22조제1항""으로 한다.
  제29조제1항 각 호 외의 부분, 같은 조 제2항 각 호 외의 부분 및 같은 조 제3항제1호 중 ""「산업안전보건법」 제15조""를 각각 ""「산업안전보건법」 제17조""로 하고, 같은 조 제4항제3호 중 ""「산업안전보건법」 제16조""를 ""「산업안전보건법」 제18조""로 한다.
  제30조제1항 각 호 외의 부분 중 ""「산업안전보건법」 제15조에""를 ""「산업안전보건법」 제17조에""로, ""「산업안전보건법」 제15조제4항에 따라 안전관리대행기관""을 ""「산업안전보건법」 제17조제4항에 따라 안전관리전문기관""으로 하고, 같은 조 제2항제1호 및 같은 조 제3항 각 호 외의 부분 중 ""「산업안전보건법」 제15조""를 각각 ""「산업안전보건법」 제17조""로 한다.
  제31조제1항제1호 중 ""「산업안전보건법」 제15조""를 ""「산업안전보건법」 제17조""로 한다.
  제36조 전단 중 ""「산업안전보건법」 제15조 및 제16조""를 ""「산업안전보건법」 제17조 및 제18조""로 한다.
  제40조제1항제1호 중 ""「산업안전보건법」 제15조""를 ""「산업안전보건법」 제17조""로 하고, 같은 항 제2호 중 ""「산업안전보건법」 제16조""를 ""「산업안전보건법」 제18조""로 한다.
  제47조제1항 각 호 외의 부분 중 ""「산업안전보건법」 제34조제2항""을 ""「산업안전보건법」 제84조제1항""으로, ""같은 법 제35조제1항""을 ""같은 법 제89조제1항""으로, ""같은 법 제36조제1항""을 ""같은 법 제93조제1항""으로 하고, 같은 조 제3항 중 ""「산업안전보건법」 제36조제1항""을 ""「산업안전보건법」 제93조제1항""으로 하며, 같은 조 제4항 각 호 외의 부분 전단 중 ""「산업안전보건법」 제34조제2항ㆍ제35조제1항""을 ""「산업안전보건법」 제84조제1항ㆍ제89조제1항""으로 하고, 같은 항 제2호 중 ""「산업안전보건법」 제34조제2항""을 ""「산업안전보건법」 제84조제1항""으로, ""같은 법 제35조제1항""을 ""같은 법 제89조제1항""으로 한다.
  제48조제1항 전단 및 같은 조 제2항 전단 중 ""「산업안전보건법」 제48조""를 각각 ""「산업안전보건법」 제42조제1항""으로 한다.
  제52조제2항제3호 중 ""「산업안전보건법」 제12조""를 ""「산업안전보건법」 제37조제1항""으로 한다.
  제55조의6 각 호 외의 부분 중 ""「산업안전보건법」에 따른 안전보건관리규정""을 ""「산업안전보건법」 제25조에 따른 안전보건관리규정""으로 하고, 같은 조 제2호 중 ""「산업안전보건법」 제20조""를 ""「산업안전보건법」 제25조""로 한다.
  ⑤ 도시가스사업법 일부를 다음과 같이 개정한다.
  제29조제1항 각 호 외의 부분 후단 중 ""「산업안전보건법」 제15조""를 ""「산업안전보건법」 제17조""로 한다.
  ⑥ 산업재해보상보험법 일부를 다음과 같이 개정한다.
  제96조제1항제4호 중 ""「산업안전보건법」 제61조의3""을 ""「산업안전보건법」 제12조""로 한다.
  ⑦ 산업집적활성화 및 공장설립에 관한 법률 일부를 다음과 같이 개정한다.
  제14조제15호 중 ""「산업안전보건법」 제48조제4항""을 ""「산업안전보건법」 제42조제4항""으로, ""같은 법 제49조의2제3항""을 ""같은 법 제45조제1항""으로 한다.
  제16조제6항제8호 중 ""「산업안전보건법」 제38조제1항""을 ""「산업안전보건법」 제118조제1항""으로 한다.
  ⑧ 산업표준화법 일부를 다음과 같이 개정한다.
  제26조제3호 중 ""「산업안전보건법」 제34조제2항""을 ""「산업안전보건법」 제84조제1항""으로, ""제35조제1항""을 ""같은 법 제89조제1항""으로 한다.
  ⑨ 석면안전관리법 일부를 다음과 같이 개정한다.
  제9조제1항 중 ""「산업안전보건법」 제38조의2제2항 본문""을 ""「산업안전보건법」 제119조제2항 각 호 외의 부분 본문""으로 한다.
  제21조제1항제2호 중 ""「산업안전보건법」 제38조의2제2항 본문""을 ""「산업안전보건법」 제119조제2항 각 호 외의 부분 본문""으로 하고, 같은 조 제2항 중 ""「산업안전보건법」 제38조의2제7항""을 ""「산업안전보건법」 제119조제5항""으로 한다.
  제24조제1항 단서 중 ""「산업안전보건법」 제31조제1항 또는 제32조제1항에 따른 안전ㆍ보건에 관한 교육""을 ""「산업안전보건법」 제29조제1항 또는 제32조제1항 각 호 외의 부분 본문에 따른 안전보건교육""으로 한다.
  제26조 중 ""「산업안전보건법」 제38조의2 및 제38조의3""을 ""「산업안전보건법」 제119조, 제120조 및 제123조""로 한다.
  제27조 중 ""「산업안전보건법」 제38조의4제1항""을 ""「산업안전보건법」 제122조제1항""으로 한다.
  제30조의2제1항제2호 중 ""「산업안전보건법」 제38조의5제1항""을 ""「산업안전보건법」 제124조제1항""으로 하고, 같은 조 제2항제3호 중 ""「산업안전보건법」 제38조의5제3항""을 ""「산업안전보건법」 제124조제3항""으로 한다.
  ⑩ 석면피해구제법 일부를 다음과 같이 개정한다.
  제33조제1항 중 ""「산업안전보건법」 제38조제1항""을 ""「산업안전보건법」 제118조제1항""으로 한다.
  ⑪ 응급의료에 관한 법률 일부를 다음과 같이 개정한다.
  제14조제1항제5호 중 ""「산업안전보건법」 제32조제1항에 따른 안전ㆍ보건에 관한 교육""을 ""「산업안전보건법」 제32조제1항 각 호 외의 부분 본문에 따른 안전보건교육""으로 한다.
  ⑫ 중소기업창업 지원법 일부를 다음과 같이 개정한다.
  제35조제2항제14호 중 ""「산업안전보건법」 제48조제4항""을 ""「산업안전보건법」 제42조제4항""으로, ""같은 법 제49조의2제3항""을 ""같은 법 제45조제1항""으로 한다.
  ⑬ 진폐의 예방과 진폐근로자의 보호 등에 관한 법률 일부를 다음과 같이 개정한다.
  제17조 중 ""「산업안전보건법」 제43조""를 ""「산업안전보건법」 제129조부터 제131조까지의 규정""으로 한다.
  ⑭ 집단에너지사업법 일부를 다음과 같이 개정한다.
  제22조제1항 전단 중 ""「산업안전보건법」 제48조""를 ""「산업안전보건법」 제42조 및 제43조""로 한다.
  ⑮ 파견근로자보호 등에 관한 법률 일부를 다음과 같이 개정한다.
  제5조제3항제4호 중 ""「산업안전보건법」 제28조의 규정""을 ""「산업안전보건법」 제58조""로 한다.
  제22조제2항 중 "" 산업안전보건법 또는 동법에 의한""을 ""「산업안전보건법」 또는 같은 법에 따른""으로 한다.
  제35조의 제목 중 ""산업안전보건법""을 ""「산업안전보건법」""으로 하고, 같은 조 제1항 전단 중 ""산업안전보건법 제2조제3호의 규정에 의한""을 ""「산업안전보건법」 제2조제4호에 따른""으로 하며, 같은 항 후단 중 ""동법 제31조제2항의 규정""을 ""「산업안전보건법」 제29조제2항""으로, ""동항중""을 ""같은 항 중""으로 하고, 같은 조 제2항 중 ""산업안전보건법 제5조, 제43조제5항(作業場所의 변경, 作業의 轉換 및 勤勞時間 短縮의 경우에 한한다), 제43조제6항 단서, 제52조제2항""을 ""「산업안전보건법」 제5조, 제132조제2항 단서, 같은 조 제4항(작업장소 변경, 작업 전환 및 근로시간 단축의 경우로 한정한다), 제157조제3항""으로, ""동법 제2조제3호의 규정에 의한""을 ""같은 법 제2조제4호에 따른""으로 하며, 같은 조 제3항 중 ""산업안전보건법 제43조의 규정에 의한""을 ""「산업안전보건법」 제129조부터 제131조까지의 규정에 따른""으로, ""동법 제43조제6항의 규정에 의하여""를 ""같은 법 제132조제2항에 따라""로, ""당해""를 각각 ""해당""으로 하고, 같은 조 제4항 중 ""산업안전보건법 제43조제1항의 규정에 의하여""를 ""「산업안전보건법」 제129조 및 제130조에 따라""로, ""동법 제2조제3호의 규정에 의한""을 ""같은 법 제2조제4호에 따른""으로 하며, 같은 조 제5항 중 ""산업안전보건법 제43조제6항의 규정에 의하여""를 ""「산업안전보건법」 제132조제2항에 따라""로, ""당해""를 각각 ""해당""으로 하고, 같은 조 제6항 중 ""산업안전보건법""을 ""「산업안전보건법」""으로, ""동법을 위반한""을 ""같은 법을 위반한""으로, ""동법 제2조제3호의 규정에 의한""을 ""같은 법 제2조제4호에 따른""으로 한다.
  <16> 화재로 인한 재해보상과 보험가입에 관한 법률 일부를 다음과 같이 개정한다.
  제16조제1항제3호 중 ""「산업안전보건법」 제49조의2제1항""을 ""「산업안전보건법」 제44조제1항""으로 한다.
  <17> 화학물질의 등록 및 평가 등에 관한 법률 일부를 다음과 같이 개정한다.
  제29조제1항 각 호 외의 부분 단서 중 ""「산업안전보건법」 제41조에 따른""을 ""「산업안전보건법」 제110조제1항ㆍ제3항 또는 제111조에 따라""로 한다.
제21조(다른 법령과의 관계) 이 법 시행 당시 다른 법령에서 종전의 「산업안전보건법」의 규정을 인용하고 있는 경우 이 법 중 그에 해당하는 규정이 있을 때에는 종전의 규정을 갈음하여 이 법의 해당 규정을 인용한 것으로 본다."
"7bbc35e7d49494bee311f82b2e8e7f63c8fa082a","843d76b6b9c38936d2ce1a1ce08009ee49a7ab86","20200331","17187","부칙 <제17187호,2020.3.31>
이 법은 공포한 날부터 시행한다. 다만, 제166조의2, 제167조제1항, 제168조, 제169조, 제170조제1호부터 제3호까지, 제171조제1호, 제174조제1항 본문(제166조의2를 준용하는 부분으로 한정한다) 및 제175조의 개정규정은 공포 후 6개월이 경과한 날부터 시행한다."
"40c70ca7058c224e16241c2da668ba6fd70a8b71","843d76b6b9c38936d2ce1a1ce08009ee49a7ab86","20200526","17326","부칙(법률용어 정비를 위한 환경노동위원회 소관 65개 법률 일부개정을 위한 법률) <제17326호,2020.5.26>
이 법은 공포한 날부터 시행한다. 다만, 다음 각 호의 사항은 그 구분에 따른 날부터 시행한다.
  1. 부터 5. 까지 생략
  6. 제57조 중 법률 제16272호 산업안전보건법 전부개정법률 제110조제1항 각 호 외의 부분 전단의 개정 부분: 2021년 1월 16일"
"7ea0d39ec5700b2f6f0f950297d867eef2df1150","843d76b6b9c38936d2ce1a1ce08009ee49a7ab86","20200609","17433","부칙 <제17433호,2020.6.9>
이 법은 공포한 날부터 시행한다. 다만, 제168조제2호와 제175조제4항제6호의 개정규정은 공포 후 3개월이 경과한 날부터 시행하고, 법률 제17187호 산업안전보건법 일부개정법률 제168조제2호의 개정규정은 10월 1일부터 시행한다."
"e04dce1b95d90d8eebbe7001f4f73223fc4638ce","843d76b6b9c38936d2ce1a1ce08009ee49a7ab86","20210413","18039","부칙 <제18039호,2021.4.13>
이 법은 공포 후 6개월이 경과한 날부터 시행한다."
"66d8a67c5c80ccf9c06d09ea59cd45be8171f81c","843d76b6b9c38936d2ce1a1ce08009ee49a7ab86","20210518","18180","부칙 <제18180호,2021.5.18>
제1조(시행일) 이 법은 공포 후 6개월이 경과한 날부터 시행한다.
제2조(건설공사발주자의 산업재해 예방 조치 등에 관한 적용례) 제67조제2항 및 제3항의 개정규정은 이 법 시행 이후 건설공사발주자가 건설공사의 설계에 관한 계약을 체결하는 경우부터 적용한다.
제3조(산업재해 예방 활동의 보조ㆍ지원금 환수에 관한 적용례) 제158조제3항 및 제4항의 개정규정은 이 법 시행 이후 보조ㆍ지원을 받은 경우부터 적용한다."
"a1df701b6f534e3ae1d2531cc7671ddb34877c42","843d76b6b9c38936d2ce1a1ce08009ee49a7ab86","20210817","18426","부칙 <제18426호,2021.8.17>
제1조(시행일) 이 법은 공포 후 1년이 경과한 날부터 시행한다.
제2조(건설공사의 산업재해 예방지도에 관한 적용례) 제73조제1항ㆍ제2항의 개정규정은 이 법 시행 이후 건설 산업재해 예방을 위한 지도계약을 체결하는 경우부터 적용한다.
제3조(벌칙에 관한 경과조치) 이 법 시행 전의 위반행위에 대하여 벌칙을 적용할 때에는 제172조 및 제175조제3항제2호의2의 개정규정에도 불구하고 종전의 규정에 따른다."
"78f3d45fe03cfa3d74f1e1e1d744ed13ae8d2182","843d76b6b9c38936d2ce1a1ce08009ee49a7ab86","20230808","19591","부칙(국가유산수리 등에 관한 법률) <제19591호,2023.8.8>
제1조(시행일) 이 법은 2024년 5월 17일부터 시행한다.
제2조 부터 제4조까지 생략
제5조(다른 법률의 개정) ①부터 ③까지 생략
  ④ 산업안전보건법 일부를 다음과 같이 개정한다.
  제2조제11호마목을 다음과 같이 한다.
      마. 「국가유산수리 등에 관한 법률」에 따른 국가유산 수리공사
  ⑤ 생략
제6조 생략"
"9feba246a538505f7de14fb1b8fe7152e308a208","843d76b6b9c38936d2ce1a1ce08009ee49a7ab86","20230808","19611","부칙 <제19611호,2023.8.8>
제1조(시행일) 이 법은 공포한 날부터 시행한다.
제2조(이의신청 기간에 관한 적용례) 제112조의2제2항 및 제3항의 개정규정은 이 법 시행 이후 하는 처분부터 적용한다."
"e15a8b5d19deb05c1d01a450f61acffdcd24469d","843d76b6b9c38936d2ce1a1ce08009ee49a7ab86","20241022","20522","부칙 <제20522호,2024.10.22>
이 법은 2025년 6월 1일부터 시행한다."
"b2e2a6395706fd4fe1cb1a68ccda5bfc9348e326","843d76b6b9c38936d2ce1a1ce08009ee49a7ab86","20250121","20677","부칙(전기통신사업법) <제20677호,2025.1.21>
제1조(시행일) 이 법은 공포 후 6개월이 경과한 날부터 시행한다. <단서 생략>
제2조 부터 제5조까지 생략
제6조(다른 법률의 개정) ① 및 ② 생략
  ③ 산업안전보건법 일부를 다음과 같이 개정한다.
  제78조 중 ""「이동통신단말장치 유통구조 개선에 관한 법률」 제2조제4호""를 ""「전기통신사업법」 제2조제20호""로 한다.
  ④부터 ⑥까지 생략"
"2d815e4c1ff03e9aab2405da90b9fb84a382762f","843d76b6b9c38936d2ce1a1ce08009ee49a7ab86","20251001","21065","부칙(정부조직법) <제21065호,2025.10.1>
제1조(시행일) 이 법은 공포한 날부터 시행한다. 다만, 부칙 제7조에 따라 개정되는 법률 중 이 법 시행 전에 공포되었으나 시행일이 도래하지 아니한 법률을 개정한 부분은 각각 해당 법률의 시행일부터ㆍㆍㆍ<생략>ㆍㆍㆍ 시행한다.
  1. 및 2. 생략
제2조 부터 제6조까지 생략
제7조(다른 법률의 개정) ①부터 <401>까지 생략
  <402> 산업안전보건법 일부를 다음과 같이 개정한다.
  제110조제1항 각 호 외의 부분 후단 중 ""환경부장관""을 ""기후에너지환경부장관""으로 한다.
  <403>부터 <626>까지 생략
제8조 생략"
"0200bfc66db1a6488e02e2ba82f3cecfd13fe5a2","6829c042a13cbb8b01ddcbda35f6fd683c0f77c1","20191224","30256","부칙 <제30256호,2019.12.24>
제1조(시행일) 이 영은 2020년 1월 16일부터 시행한다. 다만, 제13조 및 별표 35 제4호나목의 개정규정은 2021년 1월 1일부터 시행하고, 제86조, 별표 35 제4호러목(법 제35조제5호에 관한 부분으로 한정한다) 및 트목부터 지목까지의 개정규정은 2021년 1월 16일부터 시행한다.
제2조(공정안전보고서 제출 대상 등의 적용에 관한 일반적 적용례) ① 제43조ㆍ제45조(별표 13과 관련되는 부분으로 한정한다) 및 별표 13의 개정규정은 다음 각 호의 구분에 따른 날부터 적용한다.
  1. 상시근로자 5명 이상을 사용하는 사업장: 2021년 1월 16일
  2. 상시근로자 5명 미만을 사용하는 사업장: 2021년 7월 16일
  ② 제71조(별표 21 제24호에 관련되는 부분으로 한정한다) 및 별표 21 제24호의 개정규정은 2020년 7월 16일부터 적용한다.
  ③ 제74조제1항제2호자목 및 제77조제1항제2호의 개정규정은 2021년 1월 16일부터 적용한다.
  ④ 별표 3 제46호의 개정규정은 다음 각 호의 구분에 따른 날부터 적용한다.
  1. 공사금액 100억원 이상 공사의 경우: 2020년 7월 1일
  2. 공사금액 80억원 이상 100억원 미만 공사의 경우: 2021년 7월 1일
  3. 공사금액 60억원 이상 80억원 미만 공사의 경우: 2022년 7월 1일
  4. 공사금액 50억원 이상 60억원 미만 공사의 경우: 2023년 7월 1일
제3조 삭제 <2022.8.16>
제4조(산업재해 발생건수 등의 공표에 관한 적용례 등) ① 제10조 및 제12조의 개정규정은 이 영 시행일이 속한 해의 다음해 1월 1일 이후 발생하는 산업재해부터 적용한다.
  ② 제1항에 따라 제10조 및 제12조의 개정규정이 적용되기 전까지는 종전의 「산업안전보건법 시행령」(대통령령 제30256호로 전부개정되기 전의 것을 말한다) 제8조의4를 적용한다.
제5조(건설업의 안전관리자의 선임에 관한 적용례) ① 대통령령 제16947호 산업안전보건법시행령중개정령 제12조제2항의 개정규정은 2001년 1월 1일 이후 착공하는 건설공사부터 적용한다.
  ② 대통령령 제19804호 산업안전보건법 시행령 일부개정령 별표 3의 개정규정은 2007년 7월 1일 이후 착공하는 건설공사부터 적용한다.
  ③ 대통령령 제21653호 산업안전보건법 시행령 일부개정령 별표 3 비고의 개정규정은 2009년 8월 7일 이후 최초로 계약하는 공사부터 적용한다.
  ④ 대통령령 제26985호 산업안전보건법 시행령 일부개정령 별표 3 제41호의 개정규정은 2016년 8월 18일 이후 착공하는 공사부터 적용한다.
제6조(유해ㆍ위험방지계획서 제출에 관한 적용례) ① 대통령령 제20973호 산업안전보건법 시행령 일부개정령 제33조의2의 개정규정은 2009년 2월 1일 이후 해당 사업과 관계있는 건설물ㆍ기계ㆍ기구 및 설비 등을 설치ㆍ이전하거나 그 주요 구조부분을 변경하기 위한 공사를 시작하는 경우부터 적용한다.
  ② 대통령령 제23545호 산업안전보건법 시행령 일부개정령 제33조의2제3호부터 제10호까지의 개정규정은 2012년 7월 1일 이후 해당 개정규정에 따른 사업과 관련하여 건설물ㆍ기계ㆍ기구 및 설비 등을 설치ㆍ이전하거나 그 주요 구조부분을 변경하기 위한 작업을 시작하는 경우부터 적용한다.
제7조(대여자 등이 안전조치 등을 해야 하는 기계ㆍ기구 등에 관한 적용례) 제71조 및 별표 21 제24호의 개정규정은 2020년 7월 16일 이후 고소작업대를 대여하거나 대여받는 자부터 적용한다.
제8조(안전인증대상기계등에 관한 적용례) 제74조제1항제2호자목의 개정규정은 2021년 1월 16일 이후 제조ㆍ수입하는 산업용 로봇 방호장치부터 적용한다.
제9조(특수건강진단기관의 지정 취소 등의 사유에 관한 적용례) 제98조제7호의 개정규정은 이 영 시행 이후 정당한 사유 없이 고용노동부장관이 법 제135조제4항에 따라 실시하는 평가를 거부하는 경우부터 적용한다.
제10조(제재요청 등의 대상 확대에 관한 적용례) 대통령령 제18609호 산업안전보건법시행령중개정령 제33조의9제1호의 개정규정은 2006년 1월 1일 이후 해당 산업재해가 발생하는 경우부터 적용한다.
제11조(과징금의 분할 납부 등에 관한 적용례) 제112조제4항부터 제7항까지의 개정규정은 이 영 시행 이후 부과하는 과징금부터 적용한다.
제12조(공공행정 등에서의 도급인의 안전 및 보건 조치에 관한 적용례) 별표 1 제4호의 개정규정 중 도급인의 안전 및 보건 조치 관련 부분은 이 영 시행 이후 도급계약을 체결하는 경우부터 적용한다.
제13조(건설업의 안전관리자 선임에 관한 적용례) 별표 3 제46호 및 비고의 개정규정은 부칙 제2조제4항 각 호의 구분에 따른 날 이후 착공하는 공사부터 적용한다.
제14조(건설업의 보건관리자 선임에 관한 적용례) 대통령령 제24684호 산업안전보건법 시행령 일부개정령 별표 5 제40호의 개정규정은 2015년 1월 1일 이후 착공하는 공사부터 적용한다.
제15조(과징금에 관한 적용례) 대통령령 제23545호 산업안전보건법 시행령 일부개정령 별표 4의2의 개정규정은 2012년 1월 26일 이후 최초로 업무정지처분의 사유가 발생하는 경우부터 적용한다.
제16조(유해작업 도급금지에 관한 적용례) 대통령령 제16947호 산업안전보건법시행령중개정령 별표 1 제1호ㆍ제2호 및 제4호부터 제6호까지의 개정규정에 따라 새로 적용되는 유해작업 도급인가에 관한 「산업안전보건법」(법률 제6315호로 개정되기 전의 것을 말한다) 제28조는 대통령령 제16947호 산업안전보건법시행령중개정령 별표 1 제1호ㆍ제2호 및 제4호부터 제6호까지의 개정규정에 따른 대상사업이 2000년 8월 5일 이후 도급ㆍ하도급하는 작업부터 적용한다.
제17조(공표대상 사업장에 관한 특례) 대통령령 제28368호 산업안전보건법 시행령 일부개정령 제8조의4제3항의 개정규정에도 불구하고 2019년 12월 31일까지는 제12조 각 호 외의 부분 개정규정 중 ""500명 이상""을 ""1천명 이상""으로 본다.
제18조(재직 중인 안전관리자 등에 관한 경과조치) ① 대통령령 제13053호 산업안전보건법시행령개정령 시행 당시 종전의 「산업안전보건법 시행령」(대통령령 제13053호로 전부개정되기 전의 것을 말한다)에 따라 안전관리자 선임을 신고한 사업주는 제16조제6항의 개정규정에 따라 안전관리자 선임을 증명할 수 있는 서류를 제출한 것으로 본다.
  ② 대통령령 제13053호 산업안전보건법시행령개정령 시행 당시 종전의 「산업안전보건법 시행령」(대통령령 제13053호로 전부개정되기 전의 것을 말한다)에 따라 보건관리자 선임을 신고한 사업주는 제20조제3항의 개정규정에 따라 준용되는 제16조제6항의 개정규정에 따라 보건관리자 선임을 증명할 수 있는 서류를 제출한 것으로 본다.
  ③ 대통령령 제13053호 산업안전보건법시행령개정령 시행일인 1990년 7월 14일 당시 종전의 「산업안전보건법 시행령」(대통령령 제13053호로 전부개정되기 전의 것을 말한다)에 따라 건강관리보건담당자로 재직하고 있는 사람은 이 영에 따른 자격기준에 따라 신규로 선임될 때까지는 제20조의 개정규정에 따라 선임된 보건관리자로 본다.
제19조(보건관리대행기관 등에 관한 경과조치) ① 대통령령 제14787호 산업안전보건법시행령중개정령 시행 당시 종전의 「산업안전보건법 시행령」(대통령령 제14787호로 개정되기 전의 것을 말한다)에 따라 보건관리대행기관, 지정측정기관 또는 건설재해예방전문기관으로 지정을 받은 자는 각각 이 영에 따라 보건관리전문기관, 작업환경측정기관 또는 건설재해예방전문지도기관으로 지정받은 것으로 본다.
  ② 대통령령 제15372호 산업안전보건법시행령중개정령 시행 당시 종전의 「산업안전보건법 시행령」(대통령령 제15372호로 개정되기 전의 것을 말한다)에 따라 지정을 받은 건설재해예방전문기관, 지정교육기관, 근로자 기능습득을 위한 교육기관 또는 안전ㆍ보건진단기관은 각각 이 영에 따라 건설재해예방전문지도기관, 근로자안전보건교육기관, 근로자 기능습득을 위한 교육기관 또는 안전보건진단기관으로 지정받은 것으로 본다.
제20조(공정안전보고서 제출 대상에 관한 경과조치) ① 제43조ㆍ제45조(별표 13과 관련되는 부분으로 한정한다) 및 별표 13의 개정규정에도 불구하고 부칙 제2조제1항 각 호의 구분에 따른 날 전에 종전의 「산업안전보건법 시행령」(대통령령 제30256호로 전부개정되기 전의 것을 말한다)에 따라 공정안전보고서 제출 대상이 아니었던 설비를 보유한 사업주가 별표 13의 개정규정에 따라 공정안전보고서 제출 대상이 되는 경우에는 부칙 제2조제1항 각 호의 구분에 따른 날부터 3개월 이내에 공정안전보고서를 제출해야 한다.
  ② 부칙 제2조제1항에 따라 제43조ㆍ제45조(별표 13과 관련되는 부분으로 한정한다) 및 별표 13의 개정규정이 적용되기 전까지는 종전의 「산업안전보건법 시행령」(대통령령 제30256호로 전부개정되기 전의 것을 말한다) 제33조의6ㆍ제33조의8(별표 10과 관련되는 부분으로 한정한다) 및 별표 10을 적용한다.
제21조(안전인증대상기계등에 관한 경과조치) 부칙 제2조제3항에 따라 제77조제1항제2호의 개정규정이 적용되기 전까지는 종전의 「산업안전보건법 시행령」(대통령령 제30256호로 전부개정되기 전의 것을 말한다) 제28조의5제1항제2호를 적용한다.
제22조(석면조사기관 지정취소 등에 관한 경과조치) 대통령령 제23545호 산업안전보건법 시행령 일부개정령 시행 전에 발생한 사유로 석면조사기관의 지정의 취소 등을 할 때에는 종전의 「산업안전보건법 시행령」(대통령령 제23545호로 개정되기 전의 것을 말한다) 제30조의6에 따른다.
제23조(발전업을 하는 사업주의 안전관리자 선임에 관한 경과조치) 이 영 시행 당시 발전업을 하는 사업주(상시근로자 수 500명 이상 1천명 미만의 경우로 한정한다)로서 별표 3 제23호의 개정규정에 따른 안전관리자를 선임하고 있지 않은 자는 이 영 시행일부터 6개월 이내에 별표 3 제23호의 개정규정에 따라 안전관리자를 선임해야 한다.
제24조(건설업의 안전관리자 선임에 관한 경과조치) 부칙 제2조제4항에 따라 별표 3 제46호의 개정규정이 적용되기 전까지는 종전의 「산업안전보건법 시행령」(대통령령 제30256호로 전부개정되기 전의 것을 말한다) 별표 3 제41호 및 같은 표 비고를 적용한다.
제25조(육상운송 및 파이프라인 운송업을 하는 사업주의 보건관리자 선임에 관한 경과조치) 이 영 시행 당시 육상운송 및 파이프라인 운송업(도시철도 운송업은 제외한다)을 하는 사업주는 이 영 시행일부터 6개월 이내 별표 5 제27호의 개정규정에 따라 보건관리자를 선임해야 한다.
제26조(보건관리자의 자격에 관한 경과조치) ① 대통령령 제15372호 산업안전보건법시행령중개정령 시행 당시 종전의 「산업안전보건법 시행령」(대통령령 제15372호로 개정되기 전의 것을 말한다)에 따라 보건관리자로 재직하고 있는 자로서 별표 6 제6호의 개정규정에 따른 자격기준에 적합하지 않은 사람은 재직 중인 해당 사업장 재직기간 중에만 이 영에 따른 보건관리자로 본다.
  ② 대통령령 제28368호 산업안전보건법 시행령 일부개정령 시행 당시 종전의 「산업안전보건법 시행령」(대통령령 제28368호로 개정되기 전의 것을 말한다) 별표 6에 따라 보건관리자로 선임된 사람은 별표 6의 개정규정에 따라 보건관리자 자격을 가진 것으로 본다.
제27조(안전관리전문기관 등에 재직 중인 사람에 관한 경과조치) ① 이 영 시행 당시 안전관리전문기관에 재직하고 있는 사람으로서 별표 7의 개정규정에 따른 인력기준에 적합하지 않은 사람은 해당 기관에 재직하는 기간에 한정하여 별표 7의 개정규정에 따른 인력기준에 적합한 사람으로 본다.
  ② 이 영 시행 당시 보건관리전문기관에 재직하고 있는 사람으로서 별표 8의 개정규정에 따른 인력기준에 적합하지 않은 사람은 해당 기관에 재직하는 기간에 한정하여 별표 8의 개정규정에 따른 인력기준에 적합한 사람으로 본다.
  ③ 이 영 시행 당시 종합진단기관에 재직하고 있는 사람으로서 별표 15의 개정규정에 따른 인력기준에 적합하지 않은 사람은 해당 기관에 재직하는 기간에 한정하여 별표 15의 개정규정에 따른 인력기준에 적합한 사람으로 본다.
  ④ 이 영 시행 당시 보건진단기관에 재직하고 있는 사람으로서 별표 17의 개정규정에 따른 인력기준에 적합하지 않은 사람은 해당 기관에 재직하는 기간에 한정하여 별표 17의 개정규정에 따른 인력기준에 적합한 사람으로 본다.
  ⑤ 이 영 시행 당시 건설재해예방전문지도기관에 재직하고 있는 사람으로서 별표 19의 개정규정에 따른 인력기준에 적합하지 않은 사람은 해당 기관에 재직하는 기간에 한정하여 별표 19의 개정규정에 따른 인력기준에 적합한 사람으로 본다.
  ⑥ 이 영 시행 당시 작업환경측정기관에 재직하고 있는 사람으로서 별표 29의 개정규정에 따른 인력기준에 적합하지 않은 사람은 해당 기관에 재직하는 기간에 한정하여 별표 29의 개정규정에 따른 인력기준에 적합한 사람으로 본다.
  ⑦ 이 영 시행 당시 특수건강진단기관에 재직하고 있는 사람으로서 별표 30의 개정규정에 따른 인력기준에 적합하지 않은 사람은 해당 기관에 재직하는 기간에 한정하여 별표 30의 개정규정에 따른 인력기준에 적합한 사람으로 본다.
제28조(안전보건교육기관의 등록요건에 대한 경과조치) ① 이 영 시행 당시 종전의 「산업안전보건법 시행령」(대통령령 제30256호로 전부개정되기 전의 것을 말한다) 제26조의10에 따라 등록한 안전보건교육위탁기관은 이 영에 따른 근로자안전보건교육기관으로 본다.
  ② 이 영 시행 당시 종전의 「산업안전보건법 시행령」(대통령령 제30256호로 전부개정되기 전의 것을 말한다)에 따라 등록된 안전보건교육위탁기관은 이 영 시행일부터 3개월 이내에 별표 10 제4호의 개정규정에 따라 사무직ㆍ비사무직 근로자용 교육교재를 보유해야 한다.
제29조(과징금 부과기준에 관한 경과조치) 대통령령 제28368호 산업안전보건법 시행령 일부개정령 시행 전의 위반행위에 대하여 과징금 부과기준을 적용할 때에는 종전의 「산업안전보건법 시행령」(대통령령 제28368호로 개정되기 전의 것을 말한다) 별표 4의2에 따른다.
제30조(과태료 부과기준에 관한 경과조치) 대통령령 제26985호 산업안전보건법 시행령 일부개정령 시행 전의 위반행위에 대하여 과태료 부과기준을 적용할 때에는 종전의 「산업안전보건법 시행령」(대통령령 제26985호로 개정되기 전의 것을 말한다) 별표 13 제4호조목 및 초목에 따른다.
제31조(종전 부칙의 적용범위에 관한 경과조치) 종전의 「산업안전보건법 시행령」의 개정에 따라 규정했던 종전의 부칙은 이 영 시행 전에 그 효력이 이미 상실된 경우를 제외하고는 이 영의 규정에 위배되지 않는 범위에서 이 영 시행 이후에도 계속하여 적용한다.
제32조(다른 법령의 개정) ① 건설기술 진흥법 시행령 일부를 다음과 같이 개정한다.
  제98조제1항 각 호 외의 부분 후단 중 ""「산업안전보건법」 제48조에 따른 유해ㆍ위험 방지 계획""을 ""「산업안전보건법」 제42조에 따른 유해위험방지계획""으로 한다.
  별표 6 제2호아목1)부터 6)까지 외의 부분 및 같은 목 1) 중 ""「산업안전보건법」 제2조제7호""를 각각 ""「산업안전보건법」 제2조제2호""로 한다.
  ② 건설산업기본법 시행령 일부를 다음과 같이 개정한다.
  제25조제1항제9호 중 ""「산업안전보건법」 제30조""를 ""「산업안전보건법」 제72조""로 한다. 
  별표 3 제2호가목5) 중 ""「산업안전보건법」 제29조제3항""을 ""「산업안전보건법」 제63조""로, ""같은 법 제9조의2""를 ""같은 법 제10조""로 하고, 같은 목 6) 중 ""「산업안전보건법」 제68조제1호""를 ""「산업안전보건법」 제170조제3호""로 한다.
  별표 3의2 제2호라목2)의 하도급 참여제한 사유란 중 ""「산업안전보건법」 제2조제7호""를 ""「산업안전보건법」 제2조제2호""로 하고, 같은 목 4)의 하도급 참여제한 사유란 중 ""「산업안전보건법」제10조제1항""을 ""「산업안전보건법」 제57조제1항""으로 한다.
  ③ 고압가스 안전관리법 시행령 일부를 다음과 같이 개정한다.
  제10조제2항 전단 중 ""「산업안전보건법」 제49조의2""를 ""「산업안전보건법」 제44조제1항""으로, ""「산업안전보건법 시행령」 제33조의8제2항""을 ""같은 법 시행령 제45조제2항""으로 한다.
  제11조제4항 중 ""「산업안전보건법」 제49조의2제1항""을 ""「산업안전보건법」 제44조제1항""으로 한다.
  ④ 고용보험 및 산업재해보상보험의 보험료징수 등에 관한 법률 시행령 일부를 다음과 같이 개정한다.
  제18조의2제1항제1호 중 ""「산업안전보건법」 제41조의2제1항에 따라 건설물, 기계ㆍ기구, 설비, 원재료, 가스, 증기, 분진 등에 의하거나 작업행동, 그 밖에 업무에 기인하는""을 ""「산업안전보건법」 제36조제1항에 따라 건설물, 기계ㆍ기구ㆍ설비, 원재료, 가스, 증기, 분진, 근로자의 작업행동 또는 그 밖의 업무로 인한""으로 한다.
  제18조의5제2항제1호 중 ""「산업안전보건법」 제9조의2""를 ""「산업안전보건법」 제10조""로, ""「산업안전보건법 시행령」 제8조의4제1항 및 제2항""을 ""같은 법 시행령 제10조""로 한다.
  ⑤ 고용보험법 시행령 일부를 다음과 같이 개정한다.
  제35조제5호다목 중 ""「산업안전보건법」 제15조""를 ""「산업안전보건법」 제17조""로 하고, 같은 호 라목 중 ""「산업안전보건법」 제16조""를 ""「산업안전보건법」 제18조""로 한다.
  ⑥ 공무원 재해보상법 시행령 일부를 다음과 같이 개정한다.
  제12조제1항 중 ""「산업안전보건법」 제42조제4항에 따른 측정기관""을 ""「산업안전보건법」 제126조제1항에 따른 작업환경측정기관""으로 한다.
  ⑦ 교통안전법 시행령 일부를 다음과 같이 개정한다.
  제44조제2항제1호 중 ""「산업안전보건법」 제15조""를 ""「산업안전보건법」 제17조""로 한다.
  ⑧ 구강보건법 시행령 일부를 다음과 같이 개정한다.
  제14조제1항 중 ""「산업안전보건법」 제43조""를 ""「산업안전보건법」 제129조부터 제131조까지의 규정""으로 한다.
  ⑨ 국가공무원 복무규정 일부를 다음과 같이 개정한다.
  제19조제6호 중 ""「산업안전보건법」 제43조""를 ""「산업안전보건법」 제129조부터 제131조까지의 규정""으로 한다.
  ⑩ 근로기준법 시행령 일부를 다음과 같이 개정한다.
  제41조 중 ""「산업안전보건법」 제46조""를 ""「산업안전보건법」 제139조""로 한다.
  ⑪ 기업활동 규제완화에 관한 특별조치법 시행령 일부를 다음과 같이 개정한다.
  제12조제6항 중 ""「산업안전보건법」 제19조""를 ""「산업안전보건법」 제24조""로 하고, 같은 조 제7항 중 ""「산업안전보건법」 제16조""를 각각 ""「산업안전보건법」 제18조""로 한다.
  제19조제1항 중 ""「산업안전보건법」 제36조제1항""을 ""「산업안전보건법」 제93조제1항""으로 한다.
  ⑫ 노후거점산업단지의 활력증진 및 경쟁력강화를 위한 특별법 시행령 일부를 다음과 같이 개정한다.
  제3조제10호 중 ""「산업안전보건법」 제61조""를 ""「산업안전보건법」 제11조""로 한다.
  ⑬ 문화재수리 등에 관한 법률 시행령 일부를 다음과 같이 개정한다.
  제15조제1항제6호 중 ""「산업안전보건법」 제30조""를 ""「산업안전보건법」 제72조""로 한다.
  ⑭ 병역법 시행령 일부를 다음과 같이 개정한다.
  제85조제2항제12호 중 ""「산업안전보건법」 제9조의2 및 같은 법 시행령 제8조의4""를 ""「산업안전보건법」 제10조 및 같은 법 시행령 제10조""로 한다.
  ⑮ 부가가치세법 시행령 일부를 다음과 같이 개정한다.
  제35조제13호 중 ""「산업안전보건법」 제16조""를 ""「산업안전보건법」 제21조""로, ""같은 법 제42조에 따른 지정측정기관""을 ""같은 법 제126조에 따른 작업환경측정기관""으로 한다. 
  <16> 산업융합 촉진법 시행령 일부를 다음과 같이 개정한다.
  별표 3의 고용노동부장관의 위임 대상 산업융합 신제품란 중 ""「산업안전보건법」 제34조제1항에 따른 안전인증대상 기계ㆍ기구등""을 ""「산업안전보건법」 제84조제1항에 따른 안전인증대상기계등""으로 한다.
  별표 5의 고용노동부장관의 위탁 대상 산업융합 신제품란 중 「산업안전보건법」 제34조제2항에 따른 안전인증대상 기계ㆍ기구등""을 ""「산업안전보건법」 제84조제1항에 따른 안전인증대상기계등""으로 한다.
  <17> 산업재해보상보험법 시행령 일부를 다음과 같이 개정한다.
  제3조제4호 중 ""같은 법 제8조에 따른 산업재해 예방에 관한 중ㆍ장기 기본계획""을 ""같은 법 제7조에 따른 산업재해 예방에 관한 기본계획""으로 한다.
  <18> 삼차원프린팅산업 진흥법 시행령 일부를 다음과 같이 개정한다.
  제11조제1항제2호 중 ""「산업안전보건법」 제31조제5항에 따라 등록한 안전보건교육위탁기관""을 ""「산업안전보건법」 제33조제1항에 따라 등록한 안전보건교육기관""으로 한다.
  <19> 생활주변방사선 안전관리법 시행령 일부를 다음과 같이 개정한다.
  제5조의2제3항제2호 중 ""「산업안전보건법」 제43조""를 ""「산업안전보건법」 제129조부터 제131조까지의 규정""으로 한다.
  <20> 석면안전관리법 시행령 일부를 다음과 같이 개정한다.
  제34조 각 호 외의 부분 중 ""「산업안전보건법」 제31조제1항 또는 제32조제1항에 따른 안전ㆍ보건에 관한 교육""을 ""「산업안전보건법」 제29조제1항 또는 제32조제1항 각 호 외의 부분 본문에 따른 안전보건교육""으로 하고, 같은 조 제1호 중 ""「산업안전보건법」 제31조제1항""을 ""「산업안전보건법」 제29조제1항""으로, ""안전ㆍ보건에 관한 교육""을 ""안전보건교육""으로 하며, 같은 조 제2호 중 ""「산업안전보건법」 제32조제1항제2호""를 ""「산업안전보건법」 제32조제1항제5호바목""으로, ""안전ㆍ보건에 관한 직무교육""을 ""안전보건 직무교육""으로 한다.
  제37조제2항제1호 중 ""「산업안전보건법」 제38조의2""를 ""「산업안전보건법」 제119조""로 하고, 같은 항 제2호 중 ""「산업안전보건법」 제38조의3""을 ""「산업안전보건법」 제123조제1항""으로 한다.
  별표 3의2 제1호마목 중 ""「산업안전보건법」 제38조의2제2항""을 ""「산업안전보건법」 제119조제2항""으로, ""같은 법 제42조제4항에 따른 지정측정기관""을 ""같은 법 제125조제5항에 따른 작업환경측정기관""으로 하고, 같은 표 제2호 표의 고급감리원의 자격기준란 나목 중 ""「산업안전보건법」 제52조의2""를 ""「산업안전보건법」 제142조""로 하며, 같은 표 제3호 비고 가목 중 ""「산업안전보건법」 제34조""를 ""「산업안전보건법」 제83조""로 한다.
  <21> 석면피해구제법 시행령 일부를 다음과 같이 개정한다.
  제40조제3호 중 ""「산업안전보건법」 제43조제1항 전단""을 ""「산업안전보건법」 제135조제1항""으로 한다.
  <22> 소방기본법 시행령 일부를 다음과 같이 개정한다.
  별표 1 불꽃을 사용하는 용접ㆍ용단기구의 내용란 각 호 외의 부분 중 ""「산업안전보건법」 제23조""를 ""「산업안전보건법」 제38조""로 한다.
  <23> 소방시설공사업법 시행령 일부를 다음과 같이 개정한다.
  제11조의3제1항제10호 중 ""「산업안전보건법」 제30조""를 ""「산업안전보건법」 제72조""로 한다.
  <24> 승강기 안전관리법 시행령 일부를 다음과 같이 개정한다.
  제2조제5호 중 ""「산업안전보건법 시행령」 제28조제1항제1호라목""을 ""「산업안전보건법 시행령」 제74조제1항제1호라목""으로 한다.
  <25> 약사법 시행령 일부를 다음과 같이 개정한다.
  제23조제6호 중 ""「산업안전보건법」 제16조""를 ""「산업안전보건법」 제18조""로 한다.
  <26> 액화석유가스의 안전관리 및 사업법 시행령 일부를 다음과 같이 개정한다.
  별표 1 비고 제6호 중 ""「산업안전보건법」 제15조""를 ""「산업안전보건법」 제17조""로 한다.
  <27> 연구실 안전환경 조성에 관한 법률 시행령 일부를 다음과 같이 개정한다.
  제9조제1항제2호 중 ""「산업안전보건법」 제39조""를 ""「산업안전보건법」 제104조""로 한다.
  제13조제1호 중 ""「산업안전보건법」 제39조""를 ""「산업안전보건법」 제104조""로 한다.
  별표 1 제3호가목의 대상 연구실란 중 ""「산업안전보건법」 제15조""를 ""「산업안전보건법」 제17조""로 하고, 같은 호 나목의 대상 연구실란 중 ""「산업안전보건법」 제19조""를 ""「산업안전보건법」 제24조""로 하며, 같은 호 다목의 대상 연구실란 중 ""「산업안전보건법」 제20조(안전보건관리규정의 작성 등), 제21조(안전보건관리규정의 작성ㆍ변경 절차) 및 제22조(안전보건관리규정의 준수 등)""를 ""「산업안전보건법」 제25조(안전보건관리규정의 작성), 제26조(안전보건관리규정의 작성ㆍ변경 절차) 및 제27조(안전보건관리규정의 준수)""로 하고, 같은 호 라목의 대상 연구실란 중 ""「산업안전보건법」 제31조(안전ㆍ보건교육)""를 ""「산업안전보건법」 제29조(근로자에 대한 안전보건교육)""로 하며, 같은 호 마목의 대상 연구실란 중 ""「산업안전보건법」 제41조의2""를 ""「산업안전보건법」 제36조""로 하고, 같은 호 바목의 대상 연구실란 중 ""「산업안전보건법」 제43조""를 ""「산업안전보건법」 제129조부터 제131조까지의 규정""으로 하며, 같은 호 사목의 대상 연구실란 중 ""「산업안전보건법」 제49조(안전ㆍ보건진단 등)""를 ""「산업안전보건법」 제47조(안전보건진단)""로 한다.
  별표 2 제6호나목 중 ""「산업안전보건법」 제15조""를 ""「산업안전보건법」 제17조""로 한다.
  <28> 위험물안전관리법 시행령 일부를 다음과 같이 개정한다.
  제8조제1항제2호다목 중 ""「산업안전보건법」 제34조제2항""을 ""「산업안전보건법」 제84조제1항""으로 한다.
  <29> 자연재해대책법 시행령 일부를 다음과 같이 개정한다.
  제17조제6호 중 ""「산업안전보건법」 제33조""를 ""「산업안전보건법」 제80조 및 제81조""로 한다.
  <30> 전기공사업법 시행령 일부를 다음과 같이 개정한다.
  제9조제1항제10호 중 ""「산업안전보건법」 제30조""를 ""「산업안전보건법」 제72조""로 한다.
  <31> 정보통신공사업법 시행령 일부를 다음과 같이 개정한다.
  제26조제1항제11호 중 ""「산업안전보건법」 제30조""를 ""「산업안전보건법」 제72조""로 한다.
  <32> 지방공무원 복무규정 일부를 다음과 같이 개정한다.
  제7조의6제5호 중 ""「산업안전보건법」 제43조""를 ""「산업안전보건법」 제129조부터 제131조까지의 규정""으로 한다.
  <33> 지방세기본법 시행령 일부를 다음과 같이 개정한다.
  별표 3 제130호의 과세자료의 구체적인 범위란 중 ""「산업안전보건법」 제15조, 제38조의2, 제38조의4 및 제52조의4""를 ""「산업안전보건법」 제21조, 제120조, 제121조 및 제145조""로 한다. 
  <34> 지방세법 시행령 일부를 다음과 같이 개정한다.
  별표 1 제3종 제190호 중 ""「산업안전보건법」 제15조""를 ""「산업안전보건법」 제21조""로 하고, 같은 표 제3종 제191호 중 ""「산업안전보건법」 제38조의2""를 ""「산업안전보건법」 제120조""로 하며, 같은 표 제3종 제192호 중 ""「산업안전보건법」 제38조""를 ""「산업안전보건법」 제118조""로 하고, 같은 표 제3종 제193호 중 ""「산업안전보건법」 제42조에 따른 지정측정기관""을 ""「산업안전보건법」 제126조에 따른 작업환경측정기관""으로 한다.
  <35> 지진ㆍ화산재해대책법 시행령 일부를 다음과 같이 개정한다.
  제10조제1항제11호 중 ""「산업안전보건법」 제34조""를 ""「산업안전보건법」 제83조""로 한다.
  <36> 초고층 및 지하연계 복합건축물 재난관리에 관한 특별법 시행령 일부를 다음과 같이 개정한다.
  제4조제4호 중 ""「산업안전보건법」 제38조""를 ""「산업안전보건법」 제118조""로 한다.
  <37> 파견근로자 보호 등에 관한 법률 시행령 일부를 다음과 같이 개정한다.
  제2조제2항제2호 중 ""「산업안전보건법」 제44조에 따른 건강관리수첩의 교부대상""을 ""「산업안전보건법」 제137조에 따른 건강관리카드의 발급대상""으로 한다.
  <38> 폐기물관리법 시행령 일부를 다음과 같이 개정한다.
  별표 4의3 제1호가목 중 ""「산업안전보건법」 제37조제1항""을 ""「산업안전보건법」 제117조제1항""으로 한다.
  <39> 행정조사기본법 시행령 일부를 다음과 같이 개정한다.
  제9조제1항제1호 중 ""「산업안전보건법」 제48조제5항""을 ""「산업안전보건법」 제43조제1항""으로 한다.
  <40> 화학물질의 등록 및 평가 등에 관한 법률 시행령 일부를 다음과 같이 개정한다.
  제23조제3항 중 ""「산업안전보건법」 제40조제1항""을 ""「산업안전보건법」 제108조제1항""으로 한다.
제33조(다른 법령과의 관계) 이 영 시행 당시 다른 법령에서 종전의 「산업안전보건법 시행령」의 규정을 인용하고 있는 경우 이 영 중 그에 해당하는 규정이 있을 때에는 종전의 규정을 갈음하여 이 영의 해당 규정을 인용한 것으로 본다."
"a0f2b90914182bb2744eb55e20a1b8830221b521","6829c042a13cbb8b01ddcbda35f6fd683c0f77c1","20200303","30509","부칙(규제 재검토기한 해제 등을 위한 144개 대통령령의 일부개정에 관한 대통령령) <제30509호,2020.3.3>
이 영은 공포한 날부터 시행한다."
"fe5bfbf5220a46d598c0f141320888f9adfbd3f6","6829c042a13cbb8b01ddcbda35f6fd683c0f77c1","20200827","30979","부칙(첨단재생의료 및 첨단바이오의약품 안전 및 지원에 관한 법률 시행령) <제30979호,2020.8.27>
제1조(시행일) 이 영은 2020년 8월 28일부터 시행한다.
제2조 생략
제3조(다른 법령의 개정) ① 산업안전보건법 시행령 일부를 다음과 같이 개정한다.
  제86조에 제12호의2를 다음과 같이 신설한다.
    12의2. 「첨단재생의료 및 첨단바이오의약품 안전 및 지원에 관한 법률」 제2조제5호에 따른 첨단바이오의약품
  ② 생략
제4조 생략"
"214b32bce27d374b26a3648a86c23e36085dd74b","6829c042a13cbb8b01ddcbda35f6fd683c0f77c1","20200908","31004","부칙 <제31004호,2020.9.8>
이 영은 공포한 날부터 시행한다. 다만, 다음 각 호의 개정규정은 다음 각 호의 구분에 따른 날부터 시행한다.
  1. 제45조제1항 후단의 개정규정: 2021년 4월 1일
  2. 별표 35 제4호랴목의 개정규정: 2020년 9월 10일
  3. 별표 35 제4호(랴목은 제외한다)의 개정규정: 2020년 10월 1일
  4. 대통령령 제30256호 산업안전보건법 시행령 전부개정령 별표 35 제4호이목의 개정규정: 2021년 1월 16일"
"0ae5423b42f6c7f1677ede57b4a0ed7c30c11ab5","6829c042a13cbb8b01ddcbda35f6fd683c0f77c1","20210105","31380","부칙(어려운 법령용어 정비를 위한 473개 법령의 일부개정에 관한 대통령령) <제31380호,2021.1.5>
이 영은 공포한 날부터 시행한다. <단서 생략>"
"a5b38c6d8762a30eec1e1f9798cbd29c4eb81a67","6829c042a13cbb8b01ddcbda35f6fd683c0f77c1","20210112","31387","부칙 <제31387호,2021.1.12>
이 영은 공포한 날부터 시행한다."
"ace100ba58a4d3e1910d5ae803d89b884622927a","6829c042a13cbb8b01ddcbda35f6fd683c0f77c1","20210330","31576","부칙(전기안전관리법 시행령) <제31576호,2021.3.30>
제1조(시행일) 이 영은 2021년 4월 1일부터 시행한다. <단서 생략>
제2조(다른 법령의 개정) ① 및 ② 생략
  ③ 산업안전보건법 시행령 일부를 다음과 같이 개정한다.
  별표 4 제8호바목 중 ""「전기사업법」 제73조""를 ""「전기안전관리법」 제22조""로 한다.
  ④부터 <21>까지 생략
제3조 생략"
"5d388a5abda7e436b2310c5a82b3af4138485e8c","6829c042a13cbb8b01ddcbda35f6fd683c0f77c1","20211014","32051","부칙 <제32051호,2021.10.14>
이 영은 2021년 10월 14일부터 시행한다."
"7c93cb34c7ec3a47f50847558b044f1f314279db","6829c042a13cbb8b01ddcbda35f6fd683c0f77c1","20211119","32132","부칙 <제32132호,2021.11.19>
제1조(시행일) 이 영은 2021년 11월 19일부터 시행한다.
제2조(설계변경 요청 대상에 관한 적용례) 제58조제1항제2호의 개정규정은 이 영 시행 이후 착공하는 건설공사부터 적용한다.
제3조(기술지도계약 체결 시 전산시스템 사용에 관한 적용례) 별표 18 제2호나목의 개정규정은 이 영 시행 이후 건설재해예방전문지도기관이 기술지도계약을 체결하는 경우부터 적용한다.
제4조(소방시설공사 분야 지도 및 지정 요건에 관한 경과조치) 이 영 시행 전에 법 제74조제1항에 따라 종전의 별표 18 제1호의 건설공사 지도 분야의 건설재해예방전문지도기관으로 종전의 별표 19 제1호에 따른 지정 요건을 갖추어 지정받은 자가 이 영 시행 당시 소방시설공사 분야의 지도계약에 따라 지도를 수행 중인 경우에는 별표 18 제1호나목 및 별표 19 제2호의 개정규정에도 불구하고 그 지도계약에 따른 지도가 끝나는 날까지 소방시설공사 분야의 지도를 할 수 있다."
"4f7b42d283a619f8c2756d86bd9bd60fe75a4e3b","6829c042a13cbb8b01ddcbda35f6fd683c0f77c1","20220308","32528","부칙(규제 재검토기한 설정 해제 등을 위한 91개 법령의 일부개정에 관한 대통령령) <제32528호,2022.3.8>
이 영은 공포한 날부터 시행한다."
"4f798394440d5af56d46f54704e7f5727639f0ed","6829c042a13cbb8b01ddcbda35f6fd683c0f77c1","20220816","32873","부칙 <제32873호,2022.8.16>
제1조(시행일) 이 영은 2022년 8월 18일부터 시행한다.
제2조(휴게시설의 설치ㆍ관리기준 적용 사업장에 대한 적용례) 제96조의2의 개정규정은 다음 각 호의 구분에 따른 날부터 적용한다.
  1. 상시근로자 50명 이상을 사용하는 사업장(건설업의 경우에는 관계수급인의 공사금액을 포함한 해당 공사의 총공사금액이 50억원 이상인 사업장으로 한정한다): 2022년 8월 18일
  2. 상시근로자 20명 이상 50명 미만을 사용하는 사업장(건설업의 경우에는 관계수급인의 공사금액을 포함한 해당 공사의 총공사금액이 20억원 이상 50억원 미만인 사업장으로 한정한다): 2023년 8월 18일
  3. 제96조의2제2호의 개정규정에 따른 사업장: 2023년 8월 18일
제3조(안전관리자 선임 수에 관한 적용례) 별표 3 제3호ㆍ제21호ㆍ제23호ㆍ제24호 및 제27호의 개정규정은 상시근로자 수가 500명 이상 1천명 미만인 사업장의 경우에는 2023년 2월 19일부터 적용한다.
제4조(석면해체ㆍ제거업자에 재직 중인 사람에 관한 경과조치) 이 영 시행 당시 종전의 별표 28 제1호 각 목의 구분에 따라 석면해체ㆍ제거업자의 석면해체ㆍ제거 관련 업무를 전담하는 인력으로 재직하고 있는 사람으로서 별표 28 제1호 각 목의 개정규정에 따른 인력기준에 적합하지 않은 사람은 해당 석면해체ㆍ제거업자의 석면해체ㆍ제거 관련 업무를 전담하는 인력으로 재직하는 기간에 한정하여 다음 각 호의 구분에 따라 별표 28 제1호의 개정규정에 따른 인력기준에 적합한 사람으로 본다.
  1. 종전의 별표 28 제1호가목1)에 해당하는 사람: 별표 28 제1호가목의 개정규정에 따른 인력기준
  2. 종전의 별표 28 제1호나목에 해당하는 사람: 별표 28 제1호나목의 개정규정에 따른 인력기준"
"8d1b834d28039fb554feb04eaf0e3fdddd5d4400","6829c042a13cbb8b01ddcbda35f6fd683c0f77c1","20230627","33597","부칙 <제33597호,2023.6.27>
이 영은 공포한 날부터 시행한다. 다만, 제105조제3항, 제115조제52호의2 및 제117조제10호의 개정규정은 공포 후 3개월이 경과한 날부터 시행한다."
"8bea82b720550c622ecb52a7194df6ede9feb06a","6829c042a13cbb8b01ddcbda35f6fd683c0f77c1","20231212","33913","부칙(행정법제 혁신을 위한 가덕도신공항 건설을 위한 특별법 시행령 등 123개 법령의 일부개정에 관한 대통령령) <제33913호,2023.12.12>
이 영은 공포한 날부터 시행한다."
"1698cb72ef4889b4089cff9ada6d9ec2e1a8aa94","6829c042a13cbb8b01ddcbda35f6fd683c0f77c1","20240312","34304","부칙 <제34304호,2024.3.12>
이 영은 공포한 날부터 시행한다."
"948e92355a55ff97a4610e2d92144959bdb10ec0","6829c042a13cbb8b01ddcbda35f6fd683c0f77c1","20240625","34603","부칙 <제34603호,2024.6.25>
이 영은 2024년 7월 1일부터 시행한다. 다만, 제78조제1항제14호ㆍ제15호, 별표 24 제1호가목, 같은 표 제2호 번호 2 및 별표 25 번호 3의 개정규정은 공포 후 2년이 경과한 날부터 시행하고, 별표 30 제1호가목의 개정규정은 2025년 1월 1일부터 시행한다."
"c0abf7b161d2eba2865c334b874e8a535a99c7e7","6829c042a13cbb8b01ddcbda35f6fd683c0f77c1","20241231","35159","부칙 <제35159호,2024.12.31>
이 영은 2025년 1월 1일부터 시행한다."
"0c718e8df497ee593e43502135e14b26d172491f","6829c042a13cbb8b01ddcbda35f6fd683c0f77c1","20250131","35240","부칙 <제35240호,2025.1.31>
이 영은 공포한 날부터 시행한다."
"b3ee6c8e8d9c77878ccca45009178e868aad34b0","6829c042a13cbb8b01ddcbda35f6fd683c0f77c1","20250429","35483","부칙 <제35483호,2025.4.29>
제1조(시행일) 이 영은 공포한 날부터 시행한다.
제2조(안전관리자 또는 보건관리자의 해임 등에 관한 적용례) 제16조제7항 및 제20조제3항의 개정규정은 이 영 시행 이후 안전관리자 또는 보건관리자를 해임하거나 안전관리전문기관 또는 보건관리전문기관에 대한 업무 위탁을 해지하는 경우부터 적용한다.
제3조(산업보건의의 해임 또는 해촉에 관한 적용례) 제29조제4항의 개정규정은 이 영 시행 이후 산업보건의를 해임 또는 해촉하는 경우부터 적용한다.
제4조(타워크레인 설치ㆍ해체업의 변경등록에 관한 적용례) 제72조제2항제4호의 개정규정은 이 영 시행 이후 별표 22 제1호에 따른 인력을 변경하는 경우부터 적용한다."
"3bc2c8ff6a71979c1487267b1f4fb50d7f49342a","6829c042a13cbb8b01ddcbda35f6fd683c0f77c1","20250620","35597","부칙(간호법 시행령) <제35597호,2025.6.20>
제1조(시행일) 이 영은 2025년 6월 21일부터 시행한다. <단서 생략>
제2조 및 제3조 생략
제4조(다른 법령의 개정) ①부터 ⑩까지 생략
  ⑪ 산업안전보건법 시행령 일부를 다음과 같이 개정한다.
  제97조제2항 중 ""간호사""를 ""「간호법」에 따른 간호사""로 한다.
  별표 6 제3호 중 ""「의료법」""을 ""「간호법」""으로 한다.
  별표 8 제2호가목1)나) 중 ""「의료법」""을 ""「간호법」""으로 한다.
  별표 10 제2호가목3) 중 ""「의료법」 제78조""를 ""「간호법」 제5조""로 하고, 같은 호 나목4) 중 ""간호사""를 ""「간호법」에 따른 간호사""로 한다.
  별표 12 제2호나목 총괄책임자의 자격기준란 3) 중 ""「의료법」 제78조""를 ""「간호법」 제5조""로 하고, 같은 목 강사의 자격기준란 4) 중 ""「의료법」""을 ""「간호법」""으로 한다.
  별표 30 제1호나목 중 ""「의료법」""을 ""「간호법」""으로 한다.
  ⑫부터 <24>까지 생략
제5조 생략"
"decfe59bd53408ccfc37064980b6d2a04f4e5bbf","6829c042a13cbb8b01ddcbda35f6fd683c0f77c1","20251001","35805","부칙(고용노동부와 그 소속기관 직제) <제35805호,2025.10.1>
제1조(시행일) 이 영은 공포한 날부터 시행한다.
제2조 생략
제3조(다른 법령의 개정) ①부터 ⑧까지 생략
  ⑨ 산업안전보건법 시행령 일부를 다음과 같이 개정한다.
  제2조제2항 중 ""통계청장""을 ""국가데이터처장""으로 한다.
  제45조제1항 후단 중 ""환경부장관""을 ""기후에너지환경부장관""으로 한다.
  제67조제3호 중 ""통계청장""을 ""국가데이터처장""으로 한다.
  제85조제18호 중 ""환경부장관""을 ""기후에너지환경부장관""으로 한다.
  ⑩부터 ⑮까지 생략"
"62591b1d9840c21c494b1072183a8e4890ad0c09","1ed21550b572094228bbf31cf5c26cc088464029","20211005","32020","부칙 <제32020호,2021.10.5>
이 영은 2022년 1월 27일부터 시행한다."
"0b23d118d43a6082617c82669b5c3ab4dcad9dce","1ed21550b572094228bbf31cf5c26cc088464029","20221206","33023","부칙(도서관법 시행령) <제33023호,2022.12.6>
제1조(시행일) 이 영은 2022년 12월 8일부터 시행한다.
제2조 부터 제4조까지 생략
제5조(다른 법령의 개정) ①부터 <20>까지 생략
  <21> 중대재해 처벌 등에 관한 법률 시행령 일부를 다음과 같이 개정한다.
  별표 2 제7호 중 ""「도서관법」 제2조제1호""를 ""「도서관법」 제3조제1호""로 한다.
  <22>부터 <25>까지 생략
제6조 생략"
"1a7e0f9357c364ef09a2dcb196a31972a908d5cc","1ed21550b572094228bbf31cf5c26cc088464029","20250805","35696","부칙(화학물질관리법 시행령) <제35696호,2025.8.5>
제1조(시행일) 이 영은 2025년 8월 7일부터 시행한다.
제2조(다른 법령의 개정) ①부터 ⑭까지 생략
  ⑮ 중대재해 처벌 등에 관한 법률 시행령 일부를 다음과 같이 개정한다.
  별표 5 제11호를 다음과 같이 한다.
    11. 「화학물질관리법」 제2조제3호부터 제5호까지 및 제7호에 따른 허가물질, 제한물질, 금지물질 및 유해화학물질
  <16>부터 <23>까지 생략"
"9624cd5ca05f530fc61aaeb9fff5c8d43c71665d","1ed21550b572094228bbf31cf5c26cc088464029","20250826","35716","부칙(관광진흥법 시행령) <제35716호,2025.8.26>
제1조(시행일) 이 영은 2025년 8월 28일부터 시행한다.
제2조(다른 법령의 개정) ①부터 <22>까지 생략
  <23> 중대재해 처벌 등에 관한 법률 시행령 일부를 다음과 같이 개정한다.
  제3조제4호바목 중 ""종합유원시설업""을 ""종합테마파크업""으로, ""유기시설 또는 유기기구""를 ""테마파크시설""로 한다.
  <24>부터 <30>까지 생략"
"8e140d1044373ab61c8ceadd9591249b3bf9ca8d","1ed21550b572094228bbf31cf5c26cc088464029","20251001","35804","부칙(기후에너지환경부와 그 소속기관 직제) <제35804호,2025.10.1>
제1조(시행일) 이 영은 공포한 날부터 시행한다. 다만, 부칙 제6조에 따라 개정되는 대통령령 중 이 영 시행 전에 공포되었으나 시행일이 도래하지 아니한 대통령령을 개정한 부분은 각각 해당 대통령령의 시행일부터 시행한다.
제2조 부터 제4조까지 생략
제5조(다른 법령의 개정) ①부터 <52>까지 생략
  <53> 중대재해 처벌 등에 관한 법률 시행령 일부를 다음과 같이 개정한다.
  제8조제1호다목 및 같은 조 제2호다목 중 ""환경부장관""을 각각 ""기후에너지환경부장관""으로 한다.
  <54>부터 <80>까지 생략"
"7c6e4edf11ee007fab602c5d4e3fe009e00e4435","1ed21550b572094228bbf31cf5c26cc088464029","20251001","35805","부칙(고용노동부와 그 소속기관 직제) <제35805호,2025.10.1>
제1조(시행일) 이 영은 공포한 날부터 시행한다.
제2조 생략
제3조(다른 법령의 개정) ①부터 ⑪까지 생략
  ⑫ 중대재해 처벌 등에 관한 법률 시행령 일부를 다음과 같이 개정한다.
  제8조제1호다목 및 같은 조 제2호다목 중 ""환경부장관""을 각각 ""기후에너지환경부장관""으로 한다.
  ⑬부터 ⑮까지 생략"
"3ef5a1b95ee5dac24b09cd57ad89fb56f391dd3a","f436fcd219320b9a2e2544d19baad382633bea80","20110706","00030","부칙 <제30호,2011.7.6>
제1조(시행일) 이 규칙은 공포한 날부터 시행한다.
제2조(다른법령의 폐지) 「산업보건기준에 관한 규칙」은 폐지한다.
제3조(안전밸브의 검사주기에 관한 적용례) 고용노동부령 제25호 산업안전기준에 관한 규칙 일부개정령 제288조제4항의 개정규정은 고용노동부령 제25호 산업안전기준에 관한 규칙 일부개정령 시행 후 최초로 검사주기가 도래한 경우부터 적용한다.
제4조(피뢰침 설치에 관한 경과조치) 노동부령 제293호 산업안전기준에 관한 규칙 일부개정령(이하 이 조에서 ""같은 규칙""이라 한다) 시행일인 2008년 1월 16일 당시 종전 규칙(같은 규칙 시행 전의 「산업안전기준에 관한 규칙」을 말한다)에 따라 설치된 피뢰침은 같은 규칙 제357조의 개정규정에 따라 설치된 피뢰침으로 본다.
제5조(다른 법령의 개정) ① 산업안전보건법 시행규칙 일부를 다음과 같이 개정한다.
  제2조제3항 중 ""「산업안전기준에 관한 규칙」(이하 ""안전규칙""이라 한다) 및 「산업보건기준에 관한 규칙」(이하 ""보건규칙""이라 한다)""를 ""「산업안전보건기준에 관한 규칙」(이하 ""안전보건규칙""이라 한다)""로 한다.
  제11조 중 ""안전규칙 및 보건규칙""을 ""안전보건규칙""으로 한다.
  제28조제1항제1호 중 ""보건규칙 제3조, 제4조, 제6조, 제8조부터 제17조까지, 제19조부터 제21조까지, 제24조, 제31조부터 제37조까지, 제41조, 제45조부터 제47조까지, 제51조 및 제53조부터 제55조까지""를 ""안전보건규칙 제5조, 제7조, 제8조, 제33조, 제72조부터 제81조까지, 제83조부터 제85조까지, 제422조, 제429조부터 제435조까지, 제439조, 제442조부터 제444조까지, 제448조, 제450조 및 제451조""로 한다.
  제28조제1항제2호 중 ""보건규칙 제3조, 제4조, 제6조, 제8조부터 제17조까지, 제19조부터 제21조까지, 제57조부터 제59조까지, 제64조, 제66조, 제68조부터 제70조까지, 제73조부터 제80조까지, 제83조부터 제87조까지, 제89조 및 제90조""를 ""안전보건규칙 제5조, 제7조, 제8조, 제33조, 제72조부터 제81조까지, 제83조부터 제85조까지, 제453조부터 제455조까지, 제459조, 제461조, 제463조부터 제465조까지, 제468조부터 제474조까지, 제477조부터 제481조까지, 제483조 및 제484조""로 한다.
  제30조제5항제9호 나목 중 ""안전규칙 제292조""를 ""안전보건규칙 제273조""로 한다.
  제30조제5항제9호 다목 중 ""안전규칙 제254조제4호""를 ""안전보건규칙 제225조제4호""로 한다.
  제30조제5항제10호 중 ""보건규칙 제229조제1호""를 ""안전보건규칙 제618조제1호""로 한다.
  제30조제5항제12호 중 ""안전규칙 별표 1""을 ""안전보건규칙 별표 1""로 한다.
  제30조제5항제13호 중 ""보건규칙 제22조제7호""를 ""안전보건규칙 제420조제7호""로 한다.
  제30조제6항 중 ""안전규칙, 보건규칙""을 ""안전보건규칙""으로 한다.
  제78조제2항제2호 중 ""보건규칙 제105조부터 제118조까지""를 ""안전보건규칙 제33조 및 제499조부터 제511조까지""로 한다.
  제79조제2항제2호 중 ""보건규칙 제57조부터 제92조까지""를 ""안전보건규칙 제33조, 제35조제1항(같은 규칙 별표 2 제16호 및 제17호에 해당하는 경우로 한정한다) 및 같은 규칙 제453조부터 제486조까지""로 한다.
  제81조제2항제6호 중 ""보건규칙 제22조제1호""를 ""안전보건규칙 제420조제1호""로 한다.
  제82조 중 ""보건규칙 제22조제8호""를 ""안전보건규칙 제420조제8호""로 한다.
  제93조제1항제1호 중 ""보건규칙 제22조제8호""를 ""안전보건규칙 제420조제8호""로 한다.
  제93조제1항제2호 중 ""보건규칙 제22조제1호""를 ""안전보건규칙 제420조제1호""로 한다.
  제93조제1항제3호 중 ""보건규칙 제215조제2호""를 ""안전보건규칙 제605조제2호""로 한다.
  별표 12의2 제3호 1) 중 ""보건규칙 제119조제1호부터 제3호""를 ""안전보건규칙 제512조제1호부터 제3호""로 한다.
  별표 12의2 제3호 2) 중 ""보건규칙 제119조제4호""를 ""안전보건규칙 제512조제4호""로 한다.
  별표 12의2 제3호 3) 중 ""보건규칙 제183조제1호""를 ""안전보건규칙 제573조제1호""로 한다.
  별표 13 제1호다목 구분란1 중 ""보건규칙 제119조제1호부터 제3호""를 ""안전보건규칙 제512조제1호부터 제3호까지""로 한다.
  별표 13 제1호다목 구분란2 중 ""보건규칙 제119조제4호""를 ""안전보건규칙 제512조제4호""로 한다.
  별표 13 제1호다목 구분란3 중 ""보건규칙 제183조제1호""를 ""안전보건규칙 제573조제1호""로 한다.
  ② 산업재해보상보험법 시행규칙 일부를 다음과 같이 개정한다.
  제32조 중 ""「산업보건기준에 관한 규칙」 제215조제2호""를 ""「산업안전보건기준에 관한 규칙」 제605조제2호""로 한다.
  ③ 유해ㆍ위험작업의 취업 제한에 관한 규칙 일부를 다음과 같이 개정한다.
  제2조 중 ""「산업안전기준에 관한 규칙」(이하 ""안전규칙""이라 한다) 및 「산업보건기준에 관한 규칙」""을 ""「산업안전보건기준에 관한 규칙」""으로 한다.
제6조(다른 법령과의 관계) 이 규칙 시행 당시 다른 법령에서 종전의「산업안전기준에 관한 규칙」 또는 그 규정 및 「산업보건기준에 관한 규칙」 또는 그 규정을 인용한 경우에 이 규칙 가운데 그에 해당하는 규정이 있으면 종전의 「산업안전기준에 관한 규칙」 또는 그 규정 및 종전의 「산업보건기준에 관한 규칙」 또는 그 규정을 갈음하여 이 규칙 또는 이 규칙의 해당 규정을 인용한 것으로 본다."
"64bca27291399a9aa1f56e16a6f77a6950b39b72","f436fcd219320b9a2e2544d19baad382633bea80","20120305","00049","부칙 <제49호,2012.3.5>
이 규칙은 공포한 날부터 시행한다. 다만, 제79조의2의 개정규정은 공포 후 6개월이 경과한 날부터 시행한다."
"c7c5445b80fbf904a1c1376f23dfb09b02fc660f","f436fcd219320b9a2e2544d19baad382633bea80","20120531","00054","부칙 <제54호,2012.5.31>
이 규칙은 공포한 날부터 시행한다."
"20c1a6d13aecd25611ae619ef0de9b99e7e59c66","f436fcd219320b9a2e2544d19baad382633bea80","20130321","00077","부칙 <제77호,2013.3.21>
제1조(시행일) 이 규칙은 공포한 날부터 시행한다. 다만, 제142조 및 별표 12의 개정규정은 2013년 7월 1일부터 시행한다.
제2조(타워크레인의 지지에 관한 적용례) 제142조의 개정규정은 이 규칙 시행 이후 설치되는 타워크레인부터 적용한다."
"ea3f9b038946ec4d09ff4ed83ed1737c00df182d","f436fcd219320b9a2e2544d19baad382633bea80","20130323","00078","부칙(고용노동부와 그 소속기관 직제 시행규칙) <제78호,2013.3.23>
제1조(시행일) 이 영은 공포한 날부터 시행한다.
제2조 생략
제3조(다른 법령의 개정) ① 생략
  ② 산업안전보건기준에 관한 규칙 일부를 다음과 같이 개정한다. 
  제116조제2항 중 ""지식경제부장관""을 ""산업통상자원부장관""으로 한다. 
  ③ 및 ④ 생략"
"d97425267b194119d12a02a06ee5612d24d1da38","f436fcd219320b9a2e2544d19baad382633bea80","20140930","00111","부칙 <제111호,2014.9.30>
제1조(시행일) 이 규칙은 공포한 날부터 시행한다.
제2조(안전밸브 검사주기에 관한 적용례) 제261조제4항의 개정규정은 이 규칙 시행 후 검사주기가 도래하는 안전밸브부터 적용한다."
"2e73125db16a193d4fa30006be0350bceae0cfcf","f436fcd219320b9a2e2544d19baad382633bea80","20141231","00117","부칙(규제 재검토기한 설정을 위한 건설근로자의 고용개선 등에 관한 법률 시행규칙 등 일부개정령) <제117호,2014.12.31>
이 규칙은 2015년 1월 1일부터 시행한다."
"ec41a808c9cdca183f4df861084e75b00524f8ac","f436fcd219320b9a2e2544d19baad382633bea80","20151231","00144","부칙 <제144호,2015.12.31>
이 규칙은 공포한 날부터 시행한다."
"bc47cdec888f5ebb50ba547f740382f1a56d84aa","f436fcd219320b9a2e2544d19baad382633bea80","20160407","00153","부칙 <제153호,2016.4.7>
이 규칙은 공포한 날부터 시행한다."
"c4d24f541bacae17e0bd0503447243a572d28e28","f436fcd219320b9a2e2544d19baad382633bea80","20160711","00160","부칙 <제160호,2016.7.11>
이 규칙은 공포한 날부터 시행한다."
"20d5e52c794fa29574e542babf764b45c1ee7abe","f436fcd219320b9a2e2544d19baad382633bea80","20170203","00179","부칙(규제 재검토기한 설정 등을 위한 노동조합 및 노동관계조정법 시행규칙 등 일부개정령) <제179호,2017.2.3>
이 규칙은 공포한 날부터 시행한다."
"450eb092fd9a3c2bc59462aeb5edfa42e52c2192","f436fcd219320b9a2e2544d19baad382633bea80","20170303","00182","부칙 <제182호,2017.3.3>
제1조(시행일) 이 규칙은 공포한 날부터 시행한다.
제2조(사업주의 보호조치에 관한 경과조치) ① 이 규칙 시행 당시 방사선투과검사를 위하여 방사성동위원소 및 방사선발생장치를 이동사용하는 작업에 근로자를 종사하도록 하고 있는 사업주는 이 규칙 시행일부터 2개월 이내에 제574조제2항의 개정규정에 따른 장비를 근로자에게 지급하고 착용하도록 하여야 한다.
  ② 이 규칙 시행 당시 별표 12 제1호, 제2호자목 및 처목의 개정규정에 따라 새로 관리대상 유해물질 또는 특별관리물질에 포함되는 물질을 취급하고 있는 사업주는 이 규칙 시행일부터 6개월 이내에 제422조, 제423조제3항, 제424조제3항, 제431조, 제432조, 제434조, 제435조, 제448조 및 제451조제3항에 따른 설비 또는 장비의 설치 및 필요한 조치를 하여야 한다.
  ③ 이 규칙 시행 당시 밀폐공간에서 근로자에게 작업을 하도록 하고 있는 사업주는 이 규칙 시행일부터 2개월 이내에 제619조 각 호의 내용이 포함된 밀폐공간 작업 프로그램을 수립하여 시행하여야 한다."
"940ef96d17ffea04a9f899e025bb093d987157b5","f436fcd219320b9a2e2544d19baad382633bea80","20171228","00206","부칙 <제206호,2017.12.28>
제1조(시행일) 이 규칙은 공포한 날부터 시행한다. 다만, 제536조의2, 제545조부터 제547조까지, 제548조 및 제552조의 개정규정은 공포 후 6개월이 경과한 날부터 시행하고, 제14조제2항 후단 및 제42조제3항의 개정규정은 공포 후 1년이 경과한 날부터 시행한다.
제2조(유해요인 조사방법 및 유해성 등의 주지에 관한 적용례) 제658조 후단 및 제661조제3항의 개정규정은 이 규칙 시행 이후 제658조에 따른 조사를 실시하는 경우부터 적용한다."
"30c842c7bd541f024f2339fd225f7cbe4d01caa3","f436fcd219320b9a2e2544d19baad382633bea80","20180330","00215","부칙 <제215호,2018.3.30>
이 규칙은 공포한 날부터 시행한다."
"ca3eb6e4eabb130c152f60ef9f28c94dedfe7c5d","f436fcd219320b9a2e2544d19baad382633bea80","20180814","00225","부칙 <제225호,2018.8.14>
이 규칙은 공포한 날부터 시행한다."
"dabfb1c442315406d5a27634d543e40036a9e61c","f436fcd219320b9a2e2544d19baad382633bea80","20190131","00242","부칙 <제242호,2019.1.31>
이 규칙은 공포한 날부터 시행한다."
"ad43dc87ff4e989cc360189fdd695cb6b4e58cd8","f436fcd219320b9a2e2544d19baad382633bea80","20190419","00251","부칙 <제251호,2019.4.19>
제1조(시행일) 이 규칙은 공포한 날부터 시행한다. 다만, 제415조의 개정규정은 공포 후 1년이 경과한 날부터 시행한다.
제2조(리프트에 관한 경과조치) 이 규칙 시행 당시 설치되어 있는 일반작업용 리프트와 간이리프트(자동차정비용 리프트는 제외한다)는 제86조제4항, 제132조제2항제3호, 제134조제1항제3호ㆍ제4호, 제151조 및 별표 3 제6호의 개정규정에도 불구하고 종전의 규정에 따른다.
제3조(승강기에 관한 경과조치) 이 규칙 시행 당시 설치되어 있는 승강기는 제132조제1항제5호의 개정규정에도 불구하고 종전의 규정에 따른다.
제4조(사업주의 보호조치에 관한 경과규정) 별표 12 제1호저목 및 제2호너목의 개정규정에도 불구하고 이 규칙 시행 당시 별표 12 제1호저목 또는 제2호너목의 개정규정에 따른 물질을 취급하고 있는 사업주는 이 규칙 시행일부터 6개월 이내에 제422조, 제423조제3항, 제424조제3항, 제431조, 제432조, 제434조, 제435조, 제448조 및 제451조제3항에 따른 설비 또는 장비의 설치 및 필요한 조치를 하여야 한다."
"5d384d4816360b96f5fd51cacd20421471f77a01","f436fcd219320b9a2e2544d19baad382633bea80","20191015","00263","부칙(어려운 법령용어 정비를 위한 9개 법령의 일부개정에 관한 고용노동부령) <제263호,2019.10.15>
이 규칙은 공포한 날부터 시행한다."
"02432cf6a36fe2a58e27556227092323f56b7257","f436fcd219320b9a2e2544d19baad382633bea80","20191223","00270","부칙(규제 재검토기한 설정 해제를 위한 9개 고용노동부령의 일부개정에 관한 고용노동부령) <제270호,2019.12.23>
이 규칙은 공포한 날부터 시행한다."
"297d42310bcbd4f7b233888982e79e847c1a0b9f","f436fcd219320b9a2e2544d19baad382633bea80","20191226","00273","부칙 <제273호,2019.12.26>
제1조(시행일) 이 규칙은 2020년 1월 16일부터 시행한다. 다만, 제43조제1항 후단, 제179조, 제442조제1항 각 호 외의 부분 단서 및 제503조제3항의 개정규정은 2021년 1월 16일부터 시행한다.
제2조(석면해체ㆍ제거작업 시의 조치에 관한 적용례) 제495조제1호가목 및 같은 조 제2호다목의 개정규정은 이 규칙 시행 이후 석면해체ㆍ제거작업을 하는 경우부터 적용한다."
"41889df5d8c9c8669f24a6fcddae612ac5133c54","f436fcd219320b9a2e2544d19baad382633bea80","20210528","00321","부칙 <제321호,2021.5.28>
이 규칙은 공포한 날부터 시행한다."
"52d75fbf47dc68131c6f230b6aa7db9ae8db4bc7","f436fcd219320b9a2e2544d19baad382633bea80","20211119","00337","부칙 <제337호,2021.11.19>
이 규칙은 2021년 11월 19일부터 시행한다."
"b2041b87a9169c9a58c78f12e709dbcf8b9b5e5e","f436fcd219320b9a2e2544d19baad382633bea80","20220810","00362","부칙 <제362호,2022.8.10>
이 규칙은 공포한 날부터 시행한다."
"408e7dd3e050bb2c41876d97b2b913b73f2a14bb","f436fcd219320b9a2e2544d19baad382633bea80","20221018","00367","부칙 <제367호,2022.10.18>
제1조(시행일) 이 규칙은 공포한 날부터 시행한다. 다만, 제221조의2부터 제221조의4까지의 개정규정은 2023년 7월 1일부터 시행하며, 제449조제2항 및 별표 12 제1호부터 제3호까지의 개정규정은 공포 후 1년이 경과한 날부터 시행한다.
제2조(출입 금지에 관한 적용례) 제20조제18호의 개정규정은 이 규칙 시행 당시 굴착기를 사용한 작업이 진행 중인 경우에도 적용한다.
제3조(항타기ㆍ항발기의 조립ㆍ해체 시 점검사항에 관한 적용례) 제207조의 개정규정은 이 규칙 시행 이후 항타기 또는 항발기를 조립하거나 해체하는 경우부터 적용한다.
제4조(굴착기 후사경 등의 부착에 관한 적용례) 제221조의2제1항의 개정규정은 이 규칙 시행 이후 굴착기를 이용한 작업을 하는 경우부터 적용한다.
제5조(화재대피용 마스크에 관한 적용례) 제241조의2제3항의 개정규정은 이 규칙 시행 이후 화재감시자에게 대피용 방연장비를 지급하는 경우부터 적용한다.
제6조(이동식 크레인 탑승의 제한에 관한 경과조치) 이 규칙 시행 전의 위반행위에 대하여 행정처분의 기준, 벌칙, 수강명령 및 산업안전보건프로그램 이수명령을 적용할 때에는 제86조제2항 단서의 개정규정에도 불구하고 종전의 규정에 따른다.
제7조(화염방지기능이 있는 통기밸브 설치에 관한 경과조치) 이 규칙 시행 당시 인화성 액체 및 인화성 가스를 저장ㆍ취급하는 화학설비에서 대기로 연결된 통기관에 화염방지 기능이 없는 통기밸브를 설치하여 운영 중인 자는 이 규칙 시행일부터 3년 이내에 제269조제1항 단서의 개정규정에 따라 화염방지 기능이 있는 통기밸브를 설치해야 한다. 다만, 화염방지 기능을 가지는 인화방지망(인화점이 섭씨 38도 이상 60도 이하인 인화성 액체를 저장ㆍ취급하는 경우에만 해당한다)을 설치하거나 인화성 액체 및 인화성 가스를 저장ㆍ취급하는 화학설비 상단에 화염방지기를 설치한 경우는 제외하며, 해당 화학설비가 「위험물안전관리법」 제18조제3항에 따른 정기검사 대상에 해당하는 경우에는 2025년 10월 18일 이후 최초로 실시하는 정밀정기검사일 전까지 화염방지 기능이 있는 통기밸브를 설치해야 한다. <개정 2024.6.12>
제8조(산소 또는 이산화탄소 감지 및 경보장치 설치에 관한 경과조치) 이 규칙 시행 당시 이산화탄소를 사용한 소화설비나 이산화탄소가 충전된 소화용기를 보관하는 소화용기 보관장소를 갖추고 운영 중인 자는 제628조의2제6호의 개정규정에도 불구하고 이 규칙 시행일부터 2년 이내에 같은 규정에 따라 산소 또는 이산화탄소 감지 및 경보 장치를 설치해야 한다."
"853feb7c06c9798bf6a4da52a59212bfd5fec492","f436fcd219320b9a2e2544d19baad382633bea80","20231114","00399","부칙 <제399호,2023.11.14>
제1조(시행일) 이 규칙은 공포한 날부터 시행한다. 다만, 제39조제1항 본문의 개정규정은 2024년 1월 1일부터 시행한다.
제2조(작업지휘자의 지정에 관한 적용례) 제39조제1항 본문의 개정규정은 제1조 단서에 따른 시행일 이후 구축물등의 해체작업에 착공하는 공사부터 적용한다.
제3조(안전성 평가에 관한 적용례) 제52조제6호의 개정규정은 이 규칙 시행 이후 구축물등의 주요구조부에 대한 설계 및 시공 방법의 전부 또는 일부를 변경하는 경우부터 적용하다."
"d8be218fd062d19943a1a7bed404beb5e3402267","f436fcd219320b9a2e2544d19baad382633bea80","20240612","00416","부칙(한시적 규제유예 등 민생경제 활력 제고를 위한 5개 법령의 일부개정에 관한 고용노동부령) <제416호,2024.6.12>
이 규칙은 공포한 날부터 시행한다."
"4122face88d90df9d7c72a10402438f7eef43478","f436fcd219320b9a2e2544d19baad382633bea80","20240628","00417","부칙 <제417호,2024.6.28>
이 규칙은 공포한 날부터 시행한다. 다만, 제130조의 개정규정은 공포 후 6개월이 경과한 날부터 시행하고, 제87조제8항 및 제9항, 제184조제5호의 개정규정은 공포 후 1년이 경과한 날부터 시행한다."
"83684d0a0662da670786378a240e3d5e74b72661","f436fcd219320b9a2e2544d19baad382633bea80","20250717","00448","부칙 <제448호,2025.7.17>
이 규칙은 공포한 날부터 시행한다."
"296f62db2b0871d9934d92cfa6171368e4e77880","f436fcd219320b9a2e2544d19baad382633bea80","20250901","00450","부칙 <제450호,2025.9.1>
이 규칙은 공포한 날부터 시행한다. 다만, 제241조제2항제4호 후단의 개정규정은 공포 후 6개월이 경과한 날부터 시행한다."
"e519d349d1ba6120d85615ae50daf0816ed14e96","f436fcd219320b9a2e2544d19baad382633bea80","20251001","00453","부칙(고용노동부와 그 소속기관 직제 시행규칙) <제453호,2025.10.1>
제1조(시행일) 이 규칙은 공포한 날부터 시행한다. 다만, 부칙 제2조제3항에 따라 개정되는 고용노동부령 중 이 영 시행 전에 공포되었으나 시행일이 도래하지 아니한 고용노동부령을 개정한 부분은 각각 해당 고용노동부령의 시행일부터 시행한다.
제2조(다른 법령의 개정) ①부터 ⑥까지 생략
  ⑦ 산업안전보건기준에 관한 규칙 일부를 다음과 같이 개정한다.
  제116조제2항 본문 및 제261조제4항 중 ""산업통상자원부장관""을 각각 ""산업통상부장관""으로 한다.
  ⑧부터 ⑩까지 생략"
"eaecb7ce6280ff8a3679efd0a1dedecaf1df90d6","f436fcd219320b9a2e2544d19baad382633bea80","20251201","00454","부칙 <제454호,2025.12.1>
제1조(시행일) 이 규칙은 공포한 날부터 시행한다.
제2조(산소 및 유해가스 농도의 측정결과 등의 기록 및 보존에 관한 적용례) 제619조의2제4항의 개정규정은 이 규칙 시행 이후 같은 조 제1항의 개정규정에 따라 밀폐공간의 산소 및 유해가스 농도를 측정하는 경우부터 적용한다."
