from,to,edge_type,annex_type
b6fa09bb4f2e711645b25f12207959d1ec27622c,7c83e2726fc9dc5c389de181e312a7dfe5b44cb4,CONTAINS_ANNEX,별표
b6fa09bb4f2e711645b25f12207959d1ec27622c,c3fd87057fe55b63cb9cf7213370650abf0e63ee,CONTAINS_ANNEX,별표
b6fa09bb4f2e711645b25f12207959d1ec27622c,2882895ecf2cce09e35e4b027da81c8c647e4400,CONTAINS_ANNEX,별표
b6fa09bb4f2e711645b25f12207959d1ec27622c,c85a0d5518f55dd216f73174191369de6d1b47de,CONTAINS_ANNEX,별표
b6fa09bb4f2e711645b25f12207959d1ec27622c,5f199362d71a4d999a3dcc83de7bb220bd6d1d13,CONTAINS_ANNEX,별표
b6fa09bb4f2e711645b25f12207959d1ec27622c,741b4ba93ac2ab9149cbb7308da3b2b9a20d700b,CONTAINS_ANNEX,별표
b6fa09bb4f2e711645b25f12207959d1ec27622c,c4e61dfbf07affeeb73bb49bd38ac328f48c277c,CONTAINS_ANNEX,별표
b6fa09bb4f2e711645b25f12207959d1ec27622c,0c5db9444758e7e8b30c914db8a0243eea12c09e,CONTAINS_ANNEX,별표
b6fa09bb4f2e711645b25f12207959d1ec27622c,7be5f319d0c0fb906eaf6704f34a176c253df8ae,CONTAINS_ANNEX,별표
b6fa09bb4f2e711645b25f12207959d1ec27622c,a88e352b9611c01b84ee67d43698eb257dcafc98,CONTAINS_ANNEX,별표
b6fa09bb4f2e711645b25f12207959d1ec27622c,268c19bc8b438add351a6e86f5dea2fb1ee6967a,CONTAINS_ANNEX,별표
b6fa09bb4f2e711645b25f12207959d1ec27622c,0e48b19641001a288db5493bb511af2ba4dee5e2,CONTAINS_ANNEX,별표
b6fa09bb4f2e711645b25f12207959d1ec27622c,607a1e3cc31842cdf84bca51a66487d30b7dab77,CONTAINS_ANNEX,별표
b6fa09bb4f2e711645b25f12207959d1ec27622c,86eb1b59da77353db099c26feb7b9bd353edbec9,CONTAINS_ANNEX,별표
b6fa09bb4f2e711645b25f12207959d1ec27622c,11c3a56c8d534ee8f2f0d0cd50cbf8df8c37ed81,CONTAINS_ANNEX,별표
b6fa09bb4f2e711645b25f12207959d1ec27622c,e75686d3ca9cea7362c3d667d01d37c92dcd749b,CONTAINS_ANNEX,별표
b6fa09bb4f2e711645b25f12207959d1ec27622c,ed9179023c722a9199a3e44f8958eac311ac13a8,CONTAINS_ANNEX,별표
b6fa09bb4f2e711645b25f12207959d1ec27622c,de06aaf81906329bc56c6e0a21aa88dff921e603,CONTAINS_ANNEX,별표
b6fa09bb4f2e711645b25f12207959d1ec27622c,684559ad16d657805b381d18b1131f3ab86ba1d6,CONTAINS_ANNEX,별표
b6fa09bb4f2e711645b25f12207959d1ec27622c,6d088963dcf436633e5011a813d387de565951f8,CONTAINS_ANNEX,별표
b6fa09bb4f2e711645b25f12207959d1ec27622c,78297686456622ab814deeddf79b177e93ae72a4,CONTAINS_ANNEX,별표
b6fa09bb4f2e711645b25f12207959d1ec27622c,ann_79bb28bb288b,CONTAINS_ANNEX,별표
b6fa09bb4f2e711645b25f12207959d1ec27622c,cb995cdb497c0a5f83eaaa935a0eecab7acf2382,CONTAINS_ANNEX,별표
b6fa09bb4f2e711645b25f12207959d1ec27622c,ad5bce4981af3c50a62a9d84963f472a97a3a02b,CONTAINS_ANNEX,별표
b6fa09bb4f2e711645b25f12207959d1ec27622c,aa4045f94745828fcf1ed26bb91779e9e00e7439,CONTAINS_ANNEX,별표
b6fa09bb4f2e711645b25f12207959d1ec27622c,2370e87a4f0311f49e09bf2c5eff765fe42ba3b2,CONTAINS_ANNEX,별표
b6fa09bb4f2e711645b25f12207959d1ec27622c,f348725beaeee025a67cca8a0c67c934a48e914b,CONTAINS_ANNEX,별표
b6fa09bb4f2e711645b25f12207959d1ec27622c,ann_1e244bb40df0,CONTAINS_ANNEX,서식
b6fa09bb4f2e711645b25f12207959d1ec27622c,ann_1732d9fde3c0,CONTAINS_ANNEX,서식
b6fa09bb4f2e711645b25f12207959d1ec27622c,ann_e9b8891196e3,CONTAINS_ANNEX,서식
b6fa09bb4f2e711645b25f12207959d1ec27622c,ann_3bf56f69b00a,CONTAINS_ANNEX,서식
b6fa09bb4f2e711645b25f12207959d1ec27622c,ann_f342b2ffddda,CONTAINS_ANNEX,서식
b6fa09bb4f2e711645b25f12207959d1ec27622c,ann_807eecc1fb61,CONTAINS_ANNEX,서식
b6fa09bb4f2e711645b25f12207959d1ec27622c,ann_48ee72cbfa46,CONTAINS_ANNEX,서식
b6fa09bb4f2e711645b25f12207959d1ec27622c,ann_1dc54346af41,CONTAINS_ANNEX,서식
b6fa09bb4f2e711645b25f12207959d1ec27622c,ann_3ae0db471b0d,CONTAINS_ANNEX,서식
b6fa09bb4f2e711645b25f12207959d1ec27622c,ann_4d4fca839194,CONTAINS_ANNEX,서식
b6fa09bb4f2e711645b25f12207959d1ec27622c,ann_728480c8c5dd,CONTAINS_ANNEX,서식
b6fa09bb4f2e711645b25f12207959d1ec27622c,ann_a27e93d28b0e,CONTAINS_ANNEX,서식
b6fa09bb4f2e711645b25f12207959d1ec27622c,ann_49e352b9b6e3,CONTAINS_ANNEX,서식
b6fa09bb4f2e711645b25f12207959d1ec27622c,ann_7008117ed090,CONTAINS_ANNEX,서식
b6fa09bb4f2e711645b25f12207959d1ec27622c,ann_3943eee61b70,CONTAINS_ANNEX,서식
b6fa09bb4f2e711645b25f12207959d1ec27622c,ann_ea049e760286,CONTAINS_ANNEX,서식
b6fa09bb4f2e711645b25f12207959d1ec27622c,ann_47e7ef11ae71,CONTAINS_ANNEX,서식
b6fa09bb4f2e711645b25f12207959d1ec27622c,ann_f342b41055a5,CONTAINS_ANNEX,서식
b6fa09bb4f2e711645b25f12207959d1ec27622c,ann_53deec4e7550,CONTAINS_ANNEX,서식
b6fa09bb4f2e711645b25f12207959d1ec27622c,ann_8f5b39944af4,CONTAINS_ANNEX,서식
b6fa09bb4f2e711645b25f12207959d1ec27622c,ann_47e15f8fe3e1,CONTAINS_ANNEX,서식
b6fa09bb4f2e711645b25f12207959d1ec27622c,ann_bd91ba1e0c37,CONTAINS_ANNEX,서식
b6fa09bb4f2e711645b25f12207959d1ec27622c,ann_53c7baecdb80,CONTAINS_ANNEX,서식
b6fa09bb4f2e711645b25f12207959d1ec27622c,ann_cf74a9218997,CONTAINS_ANNEX,서식
b6fa09bb4f2e711645b25f12207959d1ec27622c,ann_e547a1f144e4,CONTAINS_ANNEX,서식
b6fa09bb4f2e711645b25f12207959d1ec27622c,ann_9db8e94de1e4,CONTAINS_ANNEX,서식
b6fa09bb4f2e711645b25f12207959d1ec27622c,ann_c677f74b2579,CONTAINS_ANNEX,서식
b6fa09bb4f2e711645b25f12207959d1ec27622c,ann_aa0c25ec609b,CONTAINS_ANNEX,서식
b6fa09bb4f2e711645b25f12207959d1ec27622c,ann_59b274d6afdf,CONTAINS_ANNEX,서식
b6fa09bb4f2e711645b25f12207959d1ec27622c,ann_c763f1890804,CONTAINS_ANNEX,서식
b6fa09bb4f2e711645b25f12207959d1ec27622c,b7aafcf03f84927c7ae234cb0b263ad58e2cf45c,CONTAINS_ANNEX,서식
b6fa09bb4f2e711645b25f12207959d1ec27622c,750fbfa800ef61fd7da177a214b63e5b88e8e457,CONTAINS_ANNEX,서식
b6fa09bb4f2e711645b25f12207959d1ec27622c,12a056ca2a0dc04ddddae98872d76adf540bf3aa,CONTAINS_ANNEX,서식
b6fa09bb4f2e711645b25f12207959d1ec27622c,ffd7977c5cf58fcf1113c942de3f15aecb43cf7d,CONTAINS_ANNEX,서식
b6fa09bb4f2e711645b25f12207959d1ec27622c,f2d641b31b237ef7bba75c4a9c55374d456e7d14,CONTAINS_ANNEX,서식
b6fa09bb4f2e711645b25f12207959d1ec27622c,46fe06e4c995a7c1228f188994da6f494d90f037,CONTAINS_ANNEX,서식
b6fa09bb4f2e711645b25f12207959d1ec27622c,73ec716aa92b5130582e6e3203d72b3112e2c4b9,CONTAINS_ANNEX,서식
b6fa09bb4f2e711645b25f12207959d1ec27622c,6450bd88739b8aefd71864b3854838ad95bf8bbb,CONTAINS_ANNEX,서식
b6fa09bb4f2e711645b25f12207959d1ec27622c,699749d2f8c28190e8c6aaefb505462ef5cdd9a1,CONTAINS_ANNEX,서식
b6fa09bb4f2e711645b25f12207959d1ec27622c,6b63384d93e908102ccaa81bfe11e88aeffb9f53,CONTAINS_ANNEX,서식
b6fa09bb4f2e711645b25f12207959d1ec27622c,29536b800abec479c0f744a81e0ca0fe002a4718,CONTAINS_ANNEX,서식
b6fa09bb4f2e711645b25f12207959d1ec27622c,f65ce9c46a1c82b1ae140c9ec47270fb8832c75e,CONTAINS_ANNEX,서식
b6fa09bb4f2e711645b25f12207959d1ec27622c,e8ac9214cec3874b09f5ba909b5b0c76a58e375e,CONTAINS_ANNEX,서식
b6fa09bb4f2e711645b25f12207959d1ec27622c,d7fe45b1ba8e523bd6ee7b813c3cf8a4e12bbca8,CONTAINS_ANNEX,서식
b6fa09bb4f2e711645b25f12207959d1ec27622c,c18f4cab84d92f9e6adebaf0de6228bc9734e915,CONTAINS_ANNEX,서식
b6fa09bb4f2e711645b25f12207959d1ec27622c,15dfba90d0c9e5374c8ea5a2d080fb7082d51f22,CONTAINS_ANNEX,서식
b6fa09bb4f2e711645b25f12207959d1ec27622c,faa60f7f5cf7df7b8ed468cbaceca79df1f97121,CONTAINS_ANNEX,서식
b6fa09bb4f2e711645b25f12207959d1ec27622c,e372884ab2e6937e398265b535a42cc46d7dee13,CONTAINS_ANNEX,서식
b6fa09bb4f2e711645b25f12207959d1ec27622c,267a2b2abb35221d5713b5199a871fab8f771241,CONTAINS_ANNEX,서식
b6fa09bb4f2e711645b25f12207959d1ec27622c,baa55ac3a4f128c2a84bd38c82f9390b81e89586,CONTAINS_ANNEX,서식
b6fa09bb4f2e711645b25f12207959d1ec27622c,a9fcb9d93e712099172c45117111617eaae8c650,CONTAINS_ANNEX,서식
b6fa09bb4f2e711645b25f12207959d1ec27622c,21f0a7cfb99509959de1665ca64e329f596b304f,CONTAINS_ANNEX,서식
b6fa09bb4f2e711645b25f12207959d1ec27622c,c1258f5a32891f3268f0d49314978d3eda3e6029,CONTAINS_ANNEX,서식
b6fa09bb4f2e711645b25f12207959d1ec27622c,7102a8cd0fdcb69926da5cc68f2be6328b1c7859,CONTAINS_ANNEX,서식
b6fa09bb4f2e711645b25f12207959d1ec27622c,04613aa001ca5bfa55af48cdec91648073c9f9c1,CONTAINS_ANNEX,서식
b6fa09bb4f2e711645b25f12207959d1ec27622c,0c058cd956eec2527a68c9d8045530166c92d3d2,CONTAINS_ANNEX,서식
b6fa09bb4f2e711645b25f12207959d1ec27622c,7c830e13cd4c2fafde63a663bd51f90e90bcd81e,CONTAINS_ANNEX,서식
b6fa09bb4f2e711645b25f12207959d1ec27622c,32aa4e909f9dece2b550e8f8817a357ff7f42626,CONTAINS_ANNEX,서식
b6fa09bb4f2e711645b25f12207959d1ec27622c,274be2ac6756f942248f864a20e57e6644b48ce6,CONTAINS_ANNEX,서식
b6fa09bb4f2e711645b25f12207959d1ec27622c,b1a0512e3acfcb7c924fe5d8eaa0a574d17cadaa,CONTAINS_ANNEX,서식
b6fa09bb4f2e711645b25f12207959d1ec27622c,c0baadb0e2febaee03758cbb54e5ecac0b3169db,CONTAINS_ANNEX,서식
b6fa09bb4f2e711645b25f12207959d1ec27622c,64a02da0f318d607248b3dcd4f615dd7c0f86ae5,CONTAINS_ANNEX,서식
b6fa09bb4f2e711645b25f12207959d1ec27622c,74d98f6510619a5603707c594c23da072cff236f,CONTAINS_ANNEX,서식
b6fa09bb4f2e711645b25f12207959d1ec27622c,e9d85e615c700fd46684974e8f98a519675162a6,CONTAINS_ANNEX,서식
b6fa09bb4f2e711645b25f12207959d1ec27622c,e7cb78a5744e731bf0628c3d304e2d7f2847ce25,CONTAINS_ANNEX,서식
b6fa09bb4f2e711645b25f12207959d1ec27622c,d013bed050cfb7e6668f35f276dfcbe104499a4d,CONTAINS_ANNEX,서식
b6fa09bb4f2e711645b25f12207959d1ec27622c,a2ef592b4d8f07452c4b02601df76bbd4ce0c176,CONTAINS_ANNEX,서식
b6fa09bb4f2e711645b25f12207959d1ec27622c,68a28c874eea09e30cc935c0bf90ec3904a330e3,CONTAINS_ANNEX,서식
b6fa09bb4f2e711645b25f12207959d1ec27622c,e2e06c7095a9b5238bd4fd291a981c704618ec07,CONTAINS_ANNEX,서식
b6fa09bb4f2e711645b25f12207959d1ec27622c,4b199093f1c85815d458ed98008f8ed5c5015edb,CONTAINS_ANNEX,서식
b6fa09bb4f2e711645b25f12207959d1ec27622c,fd760dcb602dc09bf3c423eebf7eba893ed8d716,CONTAINS_ANNEX,서식
b6fa09bb4f2e711645b25f12207959d1ec27622c,70e76364be9902e40bafcf4ca4f6a43f1f8497ac,CONTAINS_ANNEX,서식
b6fa09bb4f2e711645b25f12207959d1ec27622c,83965300ab29883dd210b97f0733ed6915af6c6e,CONTAINS_ANNEX,서식
b6fa09bb4f2e711645b25f12207959d1ec27622c,2af5c14b3926a5bbc3b3c34d0ae9ba64a9d92914,CONTAINS_ANNEX,서식
b6fa09bb4f2e711645b25f12207959d1ec27622c,49d82fa3c894bed6e5a51fc1b410f1b1c533e182,CONTAINS_ANNEX,서식
b6fa09bb4f2e711645b25f12207959d1ec27622c,29f7c5f33795eb59bb03ad2c8b9b0e7259879dff,CONTAINS_ANNEX,서식
b6fa09bb4f2e711645b25f12207959d1ec27622c,95a8c20ce6b922657b6ed6abe777a60b720141f7,CONTAINS_ANNEX,서식
b6fa09bb4f2e711645b25f12207959d1ec27622c,fbfc1ca4b21a295337d24da00fb0f519bfb8f3e1,CONTAINS_ANNEX,서식
b6fa09bb4f2e711645b25f12207959d1ec27622c,dce8152252ce5583bde2b84ca1e31ddffbd0c126,CONTAINS_ANNEX,서식
b6fa09bb4f2e711645b25f12207959d1ec27622c,a8210ca671fc68b1465754671b5373e663f2cf4d,CONTAINS_ANNEX,서식
b6fa09bb4f2e711645b25f12207959d1ec27622c,f8927a8ad144de8fd70dc4619a59015090235a30,CONTAINS_ANNEX,서식
b6fa09bb4f2e711645b25f12207959d1ec27622c,866a51440c948291689503fd4846b45edaec7b82,CONTAINS_ANNEX,서식
b6fa09bb4f2e711645b25f12207959d1ec27622c,271cbec3a3034c1aad7f8bf4420ce364e5456fbb,CONTAINS_ANNEX,서식
b6fa09bb4f2e711645b25f12207959d1ec27622c,fcb11246b0b6e59b70fc55f89e441858a105f79a,CONTAINS_ANNEX,서식
b6fa09bb4f2e711645b25f12207959d1ec27622c,bd0ba399cdbd23c4dbd049cc6b2b34ce1fe3edd3,CONTAINS_ANNEX,서식
b6fa09bb4f2e711645b25f12207959d1ec27622c,e99df9af541a0f3f43d3956ee6233326879b8b0e,CONTAINS_ANNEX,서식
b6fa09bb4f2e711645b25f12207959d1ec27622c,74e9c59b6e6c8bd4fba1d485dacb96faa4f64f31,CONTAINS_ANNEX,서식
b6fa09bb4f2e711645b25f12207959d1ec27622c,0b3c38e25afef5e1cc270b08e9d04e30f1ff94f3,CONTAINS_ANNEX,서식
b6fa09bb4f2e711645b25f12207959d1ec27622c,3a3800e3b3b40461e50faae0adc8070fa0c4d338,CONTAINS_ANNEX,서식
b6fa09bb4f2e711645b25f12207959d1ec27622c,3d0b972e80b1c1c7e2958d3022a3eb75cd33cfdd,CONTAINS_ANNEX,서식
b6fa09bb4f2e711645b25f12207959d1ec27622c,569f63cc22755d0a650cb10d7eaa2bfee389ca4a,CONTAINS_ANNEX,서식
b6fa09bb4f2e711645b25f12207959d1ec27622c,6a1003d70460df6225d413d79fccde30a0a1bcd0,CONTAINS_ANNEX,서식
b6fa09bb4f2e711645b25f12207959d1ec27622c,d4865caa5dcc767af1b796c32ac00dc4077186a6,CONTAINS_ANNEX,서식
b6fa09bb4f2e711645b25f12207959d1ec27622c,4a1f7f0f8e749dd1bfbe283e8efb3dadd2822d99,CONTAINS_ANNEX,서식
b6fa09bb4f2e711645b25f12207959d1ec27622c,ann_4101534d529e,CONTAINS_ANNEX,서식
b6fa09bb4f2e711645b25f12207959d1ec27622c,ann_e6827e02ddf0,CONTAINS_ANNEX,서식
b6fa09bb4f2e711645b25f12207959d1ec27622c,64dad0663f94d8388fbbcd733f802e583592be1b,CONTAINS_ANNEX,서식
b6fa09bb4f2e711645b25f12207959d1ec27622c,712aaf75468949a8a0d749f58f68608a8bfaad88,CONTAINS_ANNEX,서식
b6fa09bb4f2e711645b25f12207959d1ec27622c,34d5dd51043d769b2f476f2e459c2c7e20ad9b8f,CONTAINS_ANNEX,서식
b6fa09bb4f2e711645b25f12207959d1ec27622c,624f006363a2f236c0d3def5d32555e40de327a7,CONTAINS_ANNEX,서식
b6fa09bb4f2e711645b25f12207959d1ec27622c,c5ea841500123189fc05e465e4427797f8abf0ac,CONTAINS_ANNEX,서식
b6fa09bb4f2e711645b25f12207959d1ec27622c,adf43ab4a3dfeae7c750f1964b592599dafa7433,CONTAINS_ANNEX,서식
b6fa09bb4f2e711645b25f12207959d1ec27622c,5216146fbd88938d1bd4a5de12a55e1f07511691,CONTAINS_ANNEX,서식
b6fa09bb4f2e711645b25f12207959d1ec27622c,11d965bd21a06cff89bf6c3350b25d2c541e184c,CONTAINS_ANNEX,서식
b6fa09bb4f2e711645b25f12207959d1ec27622c,bdef22a0e821ebb64c940aaef175382302ff6e80,CONTAINS_ANNEX,서식
b6fa09bb4f2e711645b25f12207959d1ec27622c,eee4c57f2b1ac66116302bdf323b311a1fb379a2,CONTAINS_ANNEX,서식
b6fa09bb4f2e711645b25f12207959d1ec27622c,12b3294f0e2a709500ed63dbcec79e93f5fa0204,CONTAINS_ANNEX,서식
b6fa09bb4f2e711645b25f12207959d1ec27622c,c47ea0c35e1742987cd833491b6fc7647aa3ec46,CONTAINS_ANNEX,서식
b6fa09bb4f2e711645b25f12207959d1ec27622c,010c1b8ba63db22c7bfd3075c5177b637462da3e,CONTAINS_ANNEX,서식
b6fa09bb4f2e711645b25f12207959d1ec27622c,f9dac8b0b08f6b4ce2254eb924f5b7a15843ba45,CONTAINS_ANNEX,서식
b6fa09bb4f2e711645b25f12207959d1ec27622c,d32ecf2e31b3360ef907be3426b87c4621fc1f97,CONTAINS_ANNEX,서식
6829c042a13cbb8b01ddcbda35f6fd683c0f77c1,59f543c8d4f73e1311a7e2b3a236f6d8cc4f1c22,CONTAINS_ANNEX,별표
6829c042a13cbb8b01ddcbda35f6fd683c0f77c1,30eba947359b6b029cd6fc34ebd5bb0d9f208e30,CONTAINS_ANNEX,별표
6829c042a13cbb8b01ddcbda35f6fd683c0f77c1,c48d12e8b232d4fcff04c929f14fef54aecf2ac0,CONTAINS_ANNEX,별표
6829c042a13cbb8b01ddcbda35f6fd683c0f77c1,3e51c2f95158f36a47194a0284858743a0e6fc88,CONTAINS_ANNEX,별표
6829c042a13cbb8b01ddcbda35f6fd683c0f77c1,d4c4017a30c74e41cd9c0cd0d061f14e8485dd0f,CONTAINS_ANNEX,별표
6829c042a13cbb8b01ddcbda35f6fd683c0f77c1,fd969d92c7b171d9c28ba2eda6e1e5d271427d77,CONTAINS_ANNEX,별표
6829c042a13cbb8b01ddcbda35f6fd683c0f77c1,4c86496e964522fe12b3b11450fc7a8313f469c4,CONTAINS_ANNEX,별표
6829c042a13cbb8b01ddcbda35f6fd683c0f77c1,c2db3d9db14f27661ab1e3a7c61af971d4f75d23,CONTAINS_ANNEX,별표
6829c042a13cbb8b01ddcbda35f6fd683c0f77c1,38f2ae75e4074b293a5f9eee51a27b1d7e255d58,CONTAINS_ANNEX,별표
6829c042a13cbb8b01ddcbda35f6fd683c0f77c1,cf84695fd3cab34e5bfe3b520c6d70bf68a71889,CONTAINS_ANNEX,별표
6829c042a13cbb8b01ddcbda35f6fd683c0f77c1,cb577d44ddc89b973473a07e72e7f5eeb75a0e8f,CONTAINS_ANNEX,별표
6829c042a13cbb8b01ddcbda35f6fd683c0f77c1,2485b62415077f3e17811cb5d1c05707d10b72dc,CONTAINS_ANNEX,별표
6829c042a13cbb8b01ddcbda35f6fd683c0f77c1,5969cbb8d3c095e941a9de5d327617f5832b3208,CONTAINS_ANNEX,별표
6829c042a13cbb8b01ddcbda35f6fd683c0f77c1,5031ece2b15949d54a676bdb0a23817e8ff0201f,CONTAINS_ANNEX,별표
6829c042a13cbb8b01ddcbda35f6fd683c0f77c1,0ffc1948d298ed371a416012018aeffed3a64054,CONTAINS_ANNEX,별표
6829c042a13cbb8b01ddcbda35f6fd683c0f77c1,2e64a6bdf6f35c74d07a4c9dbaf7ec601c6456b6,CONTAINS_ANNEX,별표
6829c042a13cbb8b01ddcbda35f6fd683c0f77c1,298cbb4960bc08a0f6eb0ae1109cda30e7527a86,CONTAINS_ANNEX,별표
6829c042a13cbb8b01ddcbda35f6fd683c0f77c1,1f77fcb4a8fefeadca049599bbfd658dc9db8c5a,CONTAINS_ANNEX,별표
6829c042a13cbb8b01ddcbda35f6fd683c0f77c1,7c0b2c756dfd9e9330703c3f6eed10f3402c8658,CONTAINS_ANNEX,별표
6829c042a13cbb8b01ddcbda35f6fd683c0f77c1,77fe4781de605eb85ef87a89304a067ae8f2e442,CONTAINS_ANNEX,별표
6829c042a13cbb8b01ddcbda35f6fd683c0f77c1,07327851dc814dfdaaf74f4addac050d3b179689,CONTAINS_ANNEX,별표
6829c042a13cbb8b01ddcbda35f6fd683c0f77c1,068101a56547580eb408a8947985475d47e0ee2f,CONTAINS_ANNEX,별표
6829c042a13cbb8b01ddcbda35f6fd683c0f77c1,8e0f0cb611c414bff6b0e473a8c46e47379ef3bf,CONTAINS_ANNEX,별표
6829c042a13cbb8b01ddcbda35f6fd683c0f77c1,0f3d9b4b59a611f8b38d90876c988f39375c60a3,CONTAINS_ANNEX,별표
6829c042a13cbb8b01ddcbda35f6fd683c0f77c1,6aff8df2cd15966d83002849f32280bacb3db97b,CONTAINS_ANNEX,별표
6829c042a13cbb8b01ddcbda35f6fd683c0f77c1,0b3251988d9fbe7bc1740a0ce4213f97d7135331,CONTAINS_ANNEX,별표
6829c042a13cbb8b01ddcbda35f6fd683c0f77c1,2f6bd5f11b6e9176e3f3fd6402ec4e807c2f054e,CONTAINS_ANNEX,별표
6829c042a13cbb8b01ddcbda35f6fd683c0f77c1,57c732b8048414d4ce2f6516977c3b9297c312cc,CONTAINS_ANNEX,별표
6829c042a13cbb8b01ddcbda35f6fd683c0f77c1,d5a54ed4fa757d565bbc1445ea18f84009c27b36,CONTAINS_ANNEX,별표
6829c042a13cbb8b01ddcbda35f6fd683c0f77c1,297f708588502d6a49431405c5b5ec8ec7152d33,CONTAINS_ANNEX,별표
6829c042a13cbb8b01ddcbda35f6fd683c0f77c1,7a1d27984e665471e67ec494ce179cdd03c428cc,CONTAINS_ANNEX,별표
6829c042a13cbb8b01ddcbda35f6fd683c0f77c1,c8b1e2fc18d4dd52668d08c802a8816125a4bdeb,CONTAINS_ANNEX,별표
6829c042a13cbb8b01ddcbda35f6fd683c0f77c1,d00e6dd049b6453035b675203143e93c0bae62a8,CONTAINS_ANNEX,별표
6829c042a13cbb8b01ddcbda35f6fd683c0f77c1,e849c404ca9ff3e228281adfc1fdf4191324bb11,CONTAINS_ANNEX,별표
6829c042a13cbb8b01ddcbda35f6fd683c0f77c1,e8445b182b60ae5dbbbbc68b55bd8553768c1cf3,CONTAINS_ANNEX,별표
1ed21550b572094228bbf31cf5c26cc088464029,78cb52b0e1f2c9565f59d02f8dcfa0af34858796,CONTAINS_ANNEX,별표
1ed21550b572094228bbf31cf5c26cc088464029,8f40deda7db47e309da1353d66e76bd9cc51fdd6,CONTAINS_ANNEX,별표
1ed21550b572094228bbf31cf5c26cc088464029,05f7a8f3ad0907f7fd1b548b1d01647f12128bc6,CONTAINS_ANNEX,별표
1ed21550b572094228bbf31cf5c26cc088464029,6d352921200a6cc305e6251f6f9d6ca8ea8905ca,CONTAINS_ANNEX,별표
1ed21550b572094228bbf31cf5c26cc088464029,165f49ab046bfec7c699f4b97e9cc624a345f68d,CONTAINS_ANNEX,별표
f436fcd219320b9a2e2544d19baad382633bea80,9285bb357b94696834aef6dc7e2eec3e3168f805,CONTAINS_ANNEX,별표
f436fcd219320b9a2e2544d19baad382633bea80,d8e7c21a20201b5b566f3b6ea95ac5e5d9ffbc9c,CONTAINS_ANNEX,별표
f436fcd219320b9a2e2544d19baad382633bea80,0edc63703f65cbff4f0f7313d9475481be5613ac,CONTAINS_ANNEX,별표
f436fcd219320b9a2e2544d19baad382633bea80,cfb7ca6f55c8521ba452883adde7d7f615275b78,CONTAINS_ANNEX,별표
f436fcd219320b9a2e2544d19baad382633bea80,b56a9d9d616f02b406be24bbfee8c18bd9757a8e,CONTAINS_ANNEX,별표
f436fcd219320b9a2e2544d19baad382633bea80,9bd90dac9ab5a40bd6b458c5b4c590379e9c6591,CONTAINS_ANNEX,별표
f436fcd219320b9a2e2544d19baad382633bea80,7eeebe33b001eea55e2efadcd09c1480212237e4,CONTAINS_ANNEX,별표
f436fcd219320b9a2e2544d19baad382633bea80,f25516bc4e2ccbf709e046ef12d0335a2f367e35,CONTAINS_ANNEX,별표
f436fcd219320b9a2e2544d19baad382633bea80,53c73fc6ea1f08daf9ea6c6a49375e66ab430539,CONTAINS_ANNEX,별표
f436fcd219320b9a2e2544d19baad382633bea80,a54f9c4aa1d67ccedf1f140718b2093decd74b21,CONTAINS_ANNEX,별표
f436fcd219320b9a2e2544d19baad382633bea80,425e99f8489bcc7cc048fe7378d2628026bd134a,CONTAINS_ANNEX,별표
f436fcd219320b9a2e2544d19baad382633bea80,089593aacef57dee7a8e87d76cbefa85baee74d1,CONTAINS_ANNEX,별표
f436fcd219320b9a2e2544d19baad382633bea80,5c544badb86d561d498dc3534ac9697687457254,CONTAINS_ANNEX,별표
f436fcd219320b9a2e2544d19baad382633bea80,ann_43861f145ecc,CONTAINS_ANNEX,별표
f436fcd219320b9a2e2544d19baad382633bea80,1f1cd560020ed540c6933adb79a08b9baf9ee3dc,CONTAINS_ANNEX,별표
f436fcd219320b9a2e2544d19baad382633bea80,d977ca01411d148b4cdd09b5e97c9fc7f88cc9b5,CONTAINS_ANNEX,별표
f436fcd219320b9a2e2544d19baad382633bea80,61537c7497e98e3da59accfb338b28205c039582,CONTAINS_ANNEX,별표
f436fcd219320b9a2e2544d19baad382633bea80,25aa2afd5ace372d415b860fd30704fe3fe94777,CONTAINS_ANNEX,별표
f436fcd219320b9a2e2544d19baad382633bea80,387c27bb507eff229c99102eaf00647dec48d42d,CONTAINS_ANNEX,별표
f436fcd219320b9a2e2544d19baad382633bea80,ann_1b23918d789c,CONTAINS_ANNEX,서식
f436fcd219320b9a2e2544d19baad382633bea80,ann_a3ccdb59abcf,CONTAINS_ANNEX,서식
f436fcd219320b9a2e2544d19baad382633bea80,ann_f2d4f2e88ced,CONTAINS_ANNEX,서식
f436fcd219320b9a2e2544d19baad382633bea80,ann_d81bcb93d76c,CONTAINS_ANNEX,서식
